Exercise Name,Male Video Filename,Female Video Filename
3 4 Sit Up,00011201-3-4-Sit-up_Waist-FIX_.mp4,24761201-3-4-Sit-up-(female)_Waist.mp4
45 Degree Hyperextension (Arms In Front Of Chest),58131201-45-degree-Hyperextension-(arms-in-front-of-chest)-.mp4,08771201-45-degree-hyperextension-(arms-in-front-of-chest)_Back.mp4
45 Degree Twisting Hyperextension,73671201-45-degree-Twisting-Hyperextension-(male)_Hips_.mp4,11711201-45-degree-twisting-hyperextension_Hips.mp4
90 To 90 (Beginner),96561201-90-to-90-(beginner)-(male)_Hips_.mp4,80701201-90-to-90-(beginner)-(female)_Hips_.mp4
90 To 90 Lean,85291201-90-to-90-Lean-(male)_Hips_.mp4,77671201-90-to-90-Lean-(female)_Hips_.mp4
90 To 90 Stretch,67101201-90-to-90-Stretch-(male)_Stretching_.mp4,65601201-90-to-90-Stretch-(female)_Stretching_.mp4
90 To 90 Switch,85431201-90-to-90-Switch-(male)_Stretching_.mp4,78981201-90-to-90-Switch-(female)_Stretching_.mp4
Ab Twist Toe Tap,87861201-Ab-Twist-Toe-Tap-(male)_Waist_.mp4,84021201-Ab-Twist-Toe-Tap-(female)_Waist_.mp4
Adductor Stretch,45121201-Adductor-Stretch-(male)_Hips.mp4,09361201-Adductor-Stretch-(female)_Hips.mp4
Air Punches March,98531201-Air-Punches-March-(male)_Plyometrics_.mp4,55501201-Air-Punches-March-(female)_Plyometrics_.mp4
Alternate Ankle Tap Under Sit Agains Wall,89581201-Alternate-Ankle-Tap-Under-Sit-agains-Wall-(male)_H.mp4,87661201-Alternate-Ankle-Tap-Under-Sit-agains-Wall-(female).mp4
Alternate Heel Tap Sit Agains Wall,89571201-Alternate-Heel-Tap-Sit-agains-Wall-(male)_Calves_.mp4,87651201-Alternate-Heel-Tap-Sit-agains-Wall-(female)_Calves.mp4
Alternate Heel Touchers,00061201-Alternate-Heel-Touchers_waist.mp4,38011201-Alternate-Heel-Touchers-(female)_waist.mp4
Alternate Knee Cross Over Sit Agains Wall,89631201-Alternate-Knee-Cross-Over-Sit-agains-Wall-(male)_H.mp4,87671201-Alternate-Knee-Cross-Over-Sit-agains-Wall-(female).mp4
Alternate Leg Kick Sit Agains Wall,89661201-Alternate-Leg-Kick-Sit-agains-Wall-(male)_Thighs_.mp4,87701201-Alternate-Leg-Kick-Sit-agains-Wall-(female)_Thighs.mp4
Alternate Oblique Crunch,43541201-Alternate-Oblique-Crunch_Waist_.mp4,52801201-Alternate-Oblique-Crunch-(female)_Waist_.mp4
Alternate Obliques Pulse Twist Side Reach,89091201-Alternate-Obliques-Pulse-Twist-Side-Reach-(male)_W.mp4,89241201-Alternate-Obliques-Pulse-Twist-Side-Reach-(female).mp4
Alternating Ankle Touch,56381201-Alternating-Ankle-Touch-(male)_Plyometrics_.mp4,56251201-Alternating-Ankle-Touch-(female)_Plyometrics_.mp4
Alternating Hamstring Curl With Punche,44371201-Alternating-Hamstring-Curl-with-Punche_Plyometrics.mp4,54851201-Alternating-Hamstring-Curl-with-Punche-(female)_Pl.mp4
Arm Circle Stepback,56101201-Arm-Circle-Stepback-(Male)_Plyometrics_.mp4,56171201-Arm-Circle-Stepback-(female)_Plyometrics_.mp4
Arm Crossover Chest Out,66301201-Arm-Crossover-Chest-Out-(male)_Chest_.mp4,53571201-Arm-Crossover-Chest-Out-(female)_Chest_.mp4
Arm Crossover Curtsy,55921201-Arm-Crossover-Curtsy-(Male)_Plyometrics_.mp4,66421201-Arm-Crossover-Curtsy-(female)_Plyometrics_.mp4
Arm Double Crossover,88831201-Arm-Double-Crossover-(male)_Chest_.mp4,53651201-Arm-Double-Crossover-(female)_Chest_.mp4
Arms Circle Marching On Spot,85821201-Arms-Circle-Marching-On-Spot-(male)_Plyometrics_.mp4,71911201-Arms-Circle-Marching-On-Spot-(female)_Plyometrics_.mp4
Around The World Lying On Floor,82721201-Around-the-World-Lying-on-Floor-(male)_Back_.mp4,63051201-Around-the-World-Lying-on-Floor-(female)_Back_.mp4
Around The World Superman,89491201-Around-the-World-Superman-(male)_Hips_.mp4,87591201-Around-the-World-Superman-(female)_Hips_.mp4
Assisted Hyperextension,83591201-Assisted-Hyperextension-(male)_Hips_.mp4,79891201-Assisted-Hyperextension-(female)_Hips_.mp4
Assisted Parallel Close Grip Pull Up,00151201-Assisted-Parallel-Close-Grip-Pull-up_Back-FIX_.mp4,97561201-Assisted-Parallel-Close-Grip-Pull-up-(female)_Back.mp4
Assisted Pull Up,00171201-Assisted-Pull-up_Back.mp4,25291201-Assisted-Pull-up-(female)_Back_.mp4
Assisted Triceps Dip (Kneeling),00191201-Assisted-Triceps-Dip-(kneeling)_Upper-Arms.mp4,25751201-Assisted-Triceps-Dip-(kneeling)-(female)_Upper-Arms.mp4
Assisted Weighted Push Up,11721201-Assisted-Weighted-Push-up_Chest.mp4,107181201-Assisted-Weighted-Push-up-(female)_Chest_.mp4
Back Forward Leg Swings,35021201-Back-Forward-Leg-Swings-(male)_Hips_.mp4,25731201-Back-Forward-Leg-Swings-(female)_Hips_.mp4
Back Kick Heel Touches,96441201-Back-Kick-Heel-Touches-(male)_Plyometrics_.mp4,60901201-Back-Kick-Heel-Touches-(female)_Plyometrics_.mp4
Band Assisted Chin Up (From Knee),42061201-Band-Assisted-Chin-Up-(From-Knee)_Back_.mp4,100711201-Band-Assisted-Chin-Up-(From-Knee)-(female)_Back_.mp4
Band Bent Over Lat Pulldown,41441201-Band-Bent-Over-Lat-Pulldown_Back_.mp4,70451201-Band-Bent-Over-Lat-Pulldown-(female)_Back_.mp4
Band Bicycle Crunch,09721201-Band-bicycle-crunch_Waist.mp4,70791201-Band-Bicycle-Crunch-(female)_Waist_.mp4
Band Close Grip Biceps Curl,41381201-Band-Close-Grip-Biceps-Curl_Upeer-Arms.mp4,100691201-Band-Close-Grip-Biceps-Curl-(female)_Upeer-Arms_.mp4
Band Close Grip Row,41451201-Band-Close-Grip-Row_Back_.mp4,70471201-Band-Close-Grip-Row-(female)_Back_.mp4
Band Concentration Curl,09761201-Band-Concentration-Curl_Upper-Arms_.mp4,81011201-Band-Concentration-Curl-(female)_Upper-Arms_.mp4
Band Cross Abduction,41361201-Band-Cross-Abduction_Hips_.mp4,72861201-Band-Cross-Abduction-(female)_Hips_.mp4
Band Deadlift,46181201-Band-Deadlift_Hips.mp4,08951201-Band-Deadlift-(female)_Hips_.mp4
Band Face Pull,56071201-Band-Face-Pull-(male)_Shoulders_.mp4,08961201-Band-face-pull_Shoulders.mp4
Band Front Lateral Raise,09771201-Band-front-lateral-raise_Shoulders.mp4,39751201-Band-front-lateral-raise-(female)_Shoulders.mp4
Band Front Raise,09781201-Band-front-raise_Shoulders_.mp4,107251201-Band-Front-Raise-(female)_Shoulders_.mp4
Band Kneeling One Arm Pulldown,09831201-Band-kneeling-one-arm-pulldown_Back.mp4,38421201-Band-Kneeling-One-Arm-Pulldown-(female)_Back.mp4
Band Narrow Grip High Row,41471201-Band-Narrow-Grip-High-Row_Back_.mp4,100701201-Band-Narrow-Grip-High-Row_Back_.mp4
Band Narrow Grip High Row (Version 2),41481201-Band-Narrow-Grip-High-Row-(VERSION-2)_Back_.mp4,70461201-Band-Narrow-Grip-High-Row-(VERSION-2)-(female)_Bac.mp4
Band One Arm Twisting Seated Row,09901201-Band-One-Arm-Twisting-Seated-Row_Back.mp4,38431201-Band-One-Arm-Twisting-Seated-Row-(female)_Back.mp4
Band Overhead Single Arm Triceps Extension (Versio,41411201-Band-Overhead-Single-Arm-Triceps-Extension-(VERSIO.mp4,70401201-Band-Overhead-Single-Arm-Triceps-Extension-(VERSIO.mp4
Band Pull Through,09911201-Band-pull-through_Hips.mp4,30241201-Band-pull-through-(female)_Hips.mp4
Band Seated Leg Extension,35181201-Band-Seated-Leg-Extension-(male)_Thighs.mp4,35191201-Band-Seated-Leg-Extension-(female)_Thighs.mp4
Band Split Squat,41351201-Band-Split-Squat_Thighs_.mp4,70481201-Band-Split-Squat-(female)_Thighs_.mp4
Band Squat,10041201-Band-squat_Hips.mp4,57491201-Band-squat-(female)_Hips_.mp4
Band Squat Twist,41371201-Band-Squat-Twist_Waist_.mp4,70491201-Band-Squat-Twist-(female)_Waist_.mp4
Band Standing Crunch,10051201-Band-standing-crunch_Waist.mp4,38391201-Band-Standing-Crunch-(female)_Waist.mp4
Band Standing Rear Delt Row,10221201-Band-standing-rear-delt-row_Shoulders.mp4,39761201-Band-standing-rear-delt-row-(female)_Shoulders.mp4
Band Straight Back Stiff Leg Deadlift,10231201-Band-straight-back-stiff-leg-deadlift_Hips_.mp4,57501201-Band-Straight-Back-Stiff-Leg-Deadlift-(female)_Hip.mp4
Band Triceps Kickback,41431201-Band-Triceps-Kickback_Upper-Arms.mp4,70391201-Band-Triceps-Kickback-(female)_Upper-Arms_.mp4
Band Warm Up Shoulder Stretch,45161201-Band-Warm-up-Shoulder-Stretch-(male)_Chest.mp4,18461201-Band-Warm-up-Shoulder-Stretch-(female)_Chest.mp4
Barbell Bench Front Squat,00241201-Barbell-Bench-Front-Squat_Thighs_.mp4,30251201-Barbell-Bench-Front-Squat-(female)_Thighs_.mp4
Barbell Bench Squat,00261201-Barbell-Bench-Squat_Hips_.mp4,22251201-Barbell-Bench-Squat-(female)_Thighs.mp4
Barbell Bent Over Row,00271201-Barbell-Bent-Over-Row_Back_.mp4,22421201-Barbell-Bent-Over-Row-(female)_Back.mp4
Barbell Clean And Press,00281201-Barbell-Clean-and-Press_Shoulders-FIX_.mp4,36481201-Barbell-Clean-and-Press-(female)_Shoulders_.mp4
Barbell Clean Grip Front Squat,00291201-Barbell-Clean-grip-Front-Squat_Thighs-FIX_.mp4,57161201-Barbell-Clean-grip-Front-Squat-(female)_Thighs_.mp4
Barbell Close Grip Bench Press,00301201-Barbell-Close-Grip-Bench-Press_Upper-Arms-FIX_.mp4,23911201-Barbell-Close-Grip-Bench-Press-(female)_Upper-Arms.mp4
Barbell Curl,00311201-Barbell-Curl_Upper-Arms_without-weight.mp4,35921201-Barbell-Curl-(female)_Upper-Arms.mp4
Barbell Deadlift,00321201-Barbell-Deadlift_Hips-FIX.mp4,22141201-Barbell-Deadlift-(female)_Hips_.mp4
Barbell Decline Bench Press,00331201-Barbell-Decline-Bench-Press_Chest-FIX_.mp4,24531201-Barbell-Decline-Bench-Press-(female)_Chest.mp4
Barbell Decline Pullover,12551201-Barbell-Decline-Pullover_Chest.mp4,70101201-Barbell-Decline-Pullover-(female)_Chest_.mp4
Barbell Drag Curl,00381201-Barbell-Drag-Curl_Upper-Arms-FIX_.mp4,30271201-Barbell-Drag-Curl-(female)_Upper-Arms.mp4
Barbell Front Raise,00411201-Barbell-Front-Raise_Shoulders.mp4,24771201-Barbell-Front-Raise-(female)_Shoulders.mp4
Barbell Front Squat,00421201-Barbell-Front-Squat_Hips-FIX_.mp4,25021201-Barbell-Front-Squat-(female)_Thighs.mp4
Barbell Good Morning,00441201-Barbell-Good-Morning_Thighs-FIX_.mp4,22151201-Barbell-Good-Morning-(female)_Thighs_.mp4
Barbell Hack Squat,00461201-Barbell-Hack-Squat_Hips-FIX_.mp4,26381201-Barbell-Hack-Squat-(female)_Hips_.mp4
Barbell Hip Thrust,10601201-Barbell-Hip-Thrust_Hips-FIX_.mp4,22161201-Barbell-Hip-Thrust-(female)_Hips.mp4
Barbell Incline Row,00491201-Barbell-Incline-Row_Back-FIX_.mp4,25031201-Barbell-Incline-Row-(female)_Back_.mp4
Barbell Lunge,00541201-Barbell-Lunge_Thighs-FIX_.mp4,24781201-Barbell-Lunge-(female)_Thighs.mp4
Barbell Narrow Stance Squat,56331201-Barbell-Narrow-Stance-Squat-(male)_Thighs_.mp4,23891201-Barbell-Narrow-Stance-Squat-(female)_Thighs_.mp4
Barbell Preacher Curl,00701201-Barbell-Preacher-Curl_Upper-Arms.mp4,24971201-Barbell-Preacher-Curl-(female)_Upper-Arms_.mp4
Barbell Prone Incline Curl,00721201-Barbell-Prone-Incline-Curl_Upper-Arms-FIX_.mp4,25061201-Barbell-Prone-Incline-Curl-(female)_Upper-Arms.mp4
Barbell Rack Pull,00741201-Barbell-Rack-Pull_Hips_.mp4,57201201-Barbell-Rack-Pull-(female)_Hips_.mp4
Barbell Rear Delt Raise,00751201-Barbell-Rear-Delt-Raise_shoulder.mp4,26371201-Barbell-Rear-Delt-Raise-(female)_shoulder.mp4
Barbell Rear Lunge,00781201-Barbell-Rear-Lunge_Thighs_.mp4,22261201-Barbell-Rear-Lunge-(female)_Thighs_.mp4
Barbell Reverse Curl,00801201-Barbell-Reverse-Curl_Forearm.mp4,24791201-Barbell-Reverse-Curl-(female)_Forearms.mp4
Barbell Reverse Wrist Curl,00821201-Barbell-Reverse-Wrist-Curl_Forearm.mp4,30291201-Barbell-Reverse-Wrist-Curl-(female)_Forearms_.mp4
Barbell Romanian Deadlift,00851201-Barbell-Romanian-Deadlift_Hips-FIX_.mp4,22131201-Barbell-Romanian-Deadlift-(female)_Hips.mp4
Barbell Seated Behind Head Military Press,00861201-Barbell-Seated-Behind-Head-Military-Press_Shoulders.mp4,26031201-Barbell-Seated-Behind-Head-Military-Press-(female)_Shoulders.mp4
Barbell Seated Calf Raise,00881201-Barbell-Seated-Calf-Raise_Calves.mp4,26761201-Barbell-Seated-Calf-Raise-(female)_Calves_.mp4
Barbell Seated Good Morning,00901201-Barbell-Seated-Good-morning_Hips.mp4,26021201-Barbell-Seated-Good-Morning-(female)_Hips_.mp4
Barbell Seated Overhead Press,00911201-Barbell-Seated-Overhead-Press_Shoulders.mp4,26041201-Barbell-Seated-Overhead-Press-(female)_Shoulders.mp4
Barbell Seated Overhead Triceps Extension,00921201-Barbell-Seated-Overhead-Triceps-Extension_Upper-Ar.mp4,26061201-Barbell-Seated-Overhead-Triceps-Extension-(female)_Upper-Arms.mp4
Barbell Seated Twist (On Stability Ball),69891201-Barbell-Seated-Twist-(on-stability-ball)-(male)_Wa.mp4,00931201-Barbell-Seated-Twist-(on-stability-ball)_Waist.mp4
Barbell Shrug,00951201-Barbell-Shrug_Back.mp4,24801201-Barbell-Shrug-(female)_Back.mp4
Barbell Single Leg Split Squat,00991201-Barbell-Single-Leg-Split-Squat_Hips_.mp4,22271201-Barbell-Single-Leg-Split-Squat-(female)_Thighs.mp4
Barbell Standing Back Wrist Curl,01041201-Barbell-Standing-Back-Wrist-Curl_Forearms.mp4,24811201-Barbell-Standing-Back-Wrist-Curl-(female)_Forearms.mp4
Barbell Standing Close Grip Curl,01061201-Barbell-Standing-Close-Grip-Curl_Upper-Arms.mp4,26931201-Barbell-Standing-Close-Grip-Curl-(female)_Upper-Ar.mp4
Barbell Standing Twist,01121201-Barbell-Standing-Twist_Waist_.mp4,23201201-Barbell-Standing-Twist-(female)_Waist.mp4
Barbell Standing Wide Grip Curl,01131201-Barbell-Standing-Wide-grip-Curl_Upper-Arms.mp4,69901201-Barbell-Standing-Wide-grip-Curl-(female)_Upper-Arm.mp4
Barbell Step Up,01141201-Barbell-Step-up_Hips-FIX_.mp4,25011201-Barbell-Step-up-(female)_Hips_.mp4
Barbell Straight Leg Deadlift,01161201-Barbell-Straight-Leg-Deadlift_Thighs.mp4,35941201-Barbell-Straight-Leg-Deadlift-(female)_Thighs.mp4
Barbell Sumo Deadlift,01171201-Barbell-Sumo-Deadlift_Hips-FIX_.mp4,25171201-Barbell-Sumo-Deadlift-(female)_Hips_.mp4
Barbell Sumo Squat,10631201-Barbell-sumo-squat_Thighs.mp4,57221201-Barbell-Sumo-Squat-(female)_Thighs_.mp4
Barbell Wide Bench Press,01221201-Barbell-Wide-Bench-Press_Chest.mp4,70691201-Barbell-Wide-Bench-Press-(female)_Chest_.mp4
Barbell Wide Grip Upright Row,01231201-Barbell-Wide-Grip-Upright-Row_Shoulders.mp4,35951201-Barbell-Wide-Grip-Upright-Row-(female)_Shoulders.mp4
Barbell Wide Squat,01241201-Barbell-Wide-Squat_Thighs_.mp4,25181201-Barbell-Wide-Squat-(female)_Thighs_.mp4
Barbell Wrist Curl,01261201-Barbell-Wrist-Curl_Forearms_.mp4,30331201-Barbell-Wrist-Curl-(female)_Forearms.mp4
Battling Ropes,01281201-Battling-Ropes.mp4,25651201-Battling-Ropes-(female).mp4
Behind The Head Ball Slam,65301201-Behind-the-Head-Ball-Slam-(male)_Plyometrics_.mp4,71741201-Behind-the-Head-Ball-Slam-(female)_Plyometrics_.mp4
Bench Dip (Knees Bent),01291201-Bench-Dip-(knees-bent)_Upper-Arms_.mp4,23761201-Bench-Dip-(knees-bent)-(female)_Upper-arms.mp4
Bent Knee Back To Side Kick,46921201-Bent-Knee-Back-to-Side-Kick-(male)_Hips.mp4,46681201-Bent-Knee-Back-to-Side-Kick-(female)_Hips.mp4
Bent Leg Side Kick (Kneeling),30351201-Bent-Leg-Side-Kick-(kneeling)-(male)_Hips-FIX_.mp4,14751201-Bent-Leg-Side-Kick-(kneeling)-(female)_Hips-FIX_.mp4
Biceps Curl Front Step,56441201-Biceps-Curl-Front Step-(male)_Plyometrics_.mp4,56231201-Biceps-Curl-Front Step-(female)_Plyometrics_.mp4
Body Up,01371201-Body-Up_Upper-Arms-FIX_.mp4,81021201-Body-Up-(female)_Upper-Arms_.mp4
Bodyweight Bent Over Rear Delt Fly,41721201-Bodyweight-Bent-Over-Rear-Delt-Fly_Shoulders_.mp4,87621201-Bodyweight-Bent-Over-Rear-Delt-Fly-(female)_Should.mp4
Bodyweight Front Slam,56751201-Bodyweight-Front-Slam-(male)_Waist_.mp4,57111201-Bodyweight-Front-Slam-(female)_Waist_.mp4
Bodyweight Full Squat With Overhead Press (Version,47031201-Bodyweight-Full-Squat-with-Overhead-Press-(VERSION.mp4,88141201-Bodyweight-Full-Squat-with-Overhead-Press-(VERSION.mp4
Bodyweight Kneeling Sissy Squat,47221201-Bodyweight-Kneeling-Sissy-Squat_Thighs_.mp4,70581201-Bodyweight-Kneeling-Sissy-Squat-(female)_Thighs_.mp4
Bodyweight Narrow Squat,66531201-Bodyweight-Narrow-Squat-(male)_Thighs_.mp4,65021201-Bodyweight-Narrow-Squat-(female)_Thighs_.mp4
Bodyweight Overhead Squat,42941201-Bodyweight-Overhead-Squat_Thighs.mp4,57231201-Bodyweight-Overhead-Squat-(female)_Thighs_.mp4
Bodyweight Rear Lunge Front Raise,56421201-Bodyweight-Rear-Lunge-Front-Raise-(male)_Thighs_.mp4,56201201-Bodyweight-Rear-Lunge-Front-Raise-(female)_Thighs_.mp4
Bodyweight Side Squat Step,85831201-Bodyweight-Side-Squat-Step-(male)_Thighs_.mp4,46481201-Bodyweight-Side-Squat-Step-(female)_Thighs-FIX_.mp4
Bodyweight Standing Romanian Deadlift,66511201-Bodyweight-Standing-Romanian-Deadlift-(male)_Hips_.mp4,65721201-Bodyweight-Standing-Romanian-Deadlift-(female)_Hip.mp4
Bodyweight Step Up On Stepbox,45791201-Bodyweight-Step-up-on-Stepbox_Thighs_.mp4,57531201-Bodyweight-Step-up-on-Stepbox-(female)_Thighs_.mp4
Bottle Weighted Bent Over Y Raise,83491201-Bottle-Weighted-Bent-over-Y-Raise-(male)_Shoulders.mp4,79371201-Bottle-Weighted-Bent-over-Y-Raise-(female)_Shoulde.mp4
Bottle Weighted Deadlift,59871201-Bottle-Weighted-Deadlift-(male)_Hips_.mp4,59881201-Bottle-Weighted-Deadlift-(female)_Hips_.mp4
Bottle Weighted Front Squat,80791201-Bottle-Weighted-Front-Squat-(male)_Hips_.mp4,60441201-Bottle-Weighted-Front-Squat-(female)_Hips_.mp4
Bottle Weighted Gorilla Row,72761201-Bottle-Weighted-Gorilla-Row-(male)_Back_.mp4,60621201-Bottle-Weighted-Gorilla-Row-(female)_Back_.mp4
Bottle Weighted Lateral Raise,80801201-Bottle-Weighted-Lateral-Raise-(male)_Shoulders_.mp4,60741201-Bottle-Weighted-Lateral-Raise-(female)_Shoulders_.mp4
Bottoms Up,01381201-Bottoms-Up-(male)_Waist_.mp4,24361201-Bottoms-Up-(female)_Waist.mp4
Bouncing Circle Draw,58321201-Bouncing-Circle-Draw-(male)_Plyometrics_.mp4,56881201-Bouncing-Circle-Draw-(female)_Plyometrics_.mp4
Brettzel,75391201-Brettzel-(male)_Stretching_.mp4,82611201-Brettzel-(female)_Stretching_.mp4
Bridge Pose Setu Bandhasana,45111201-Bridge-Pose-Setu-Bandhasana-(male)_Stretching.mp4,09411201-Bridge-Pose-Setu-Bandhasana-(female).mp4
Bridge Yoga Pose Setu Bandha Sarvangasana,80131201-Bridge-Yoga-Pose-Setu-Bandha-Sarvangasana-(male)_S.mp4,81481201-Bridge-Yoga-Pose-Setu-Bandha-Sarvangasana-(female).mp4
Burpee,11601201-Burpee_Cardio-FIX_.mp4,27941201-Burpee-(female)_Cardio-FIX_.mp4
Butt Kick With Row,57081201-Butt-Kick-with-Row-(male)_Plyometrics_.mp4,55441201-Butt-Kick-with-Row-(female)_Plyometrics_.mp4
Butt Kick With Row (Front Pov),96461201-Butt-Kick-with-Row-(front-POV)-(male)_Plyometrics_.mp4,55441201-Butt-Kick-with-Row-(front-POV)-(female)_Plyometric.mp4
Butt Kick With Shoulder Tap,96801201-Butt-Kick-with-Shoulder-Tap-(male)_Plyometrics_.mp4,60871201-Butt-Kick-with-Shoulder-Tap-(female)_Plyometrics_.mp4
Butt Kicks,30371201-Butt-Kicks-(male)_Cardio.mp4,01461201-Butt-Kicks-(female)_Cardio.mp4
Butterfly Forward Leaning,96641201-Butterfly-Forward-Leaning-(male)_Stretching_.mp4,95261201-Butterfly-Forward-Leaning-(female)_Stretching_.mp4
Cable Alternate Triceps Extension,01491201-Cable-Alternate-Triceps-Extension_Upper-Arms_.mp4,105861201-Cable-Alternate-Triceps-Extension-(female)_Upper-.mp4
Cable Bar Lateral Pulldown,01501201-Cable-Bar-Lateral-Pulldown_Back.mp4,22471201-Cable-Bar-Lateral-Pulldown-(female)_Back-FIX_.mp4
Cable Close Grip Front Lat Pulldown,10471201-Cable-Close-Grip-Front-Lat-Pulldown_Back.mp4,37541201-Cable-Close-Grip-Front-Lat-Pulldown-(female)_Back.mp4
Cable Concentration Extension (On Knee),01521201-Cable-Concentration-Extension-(on-knee)_Upper-Arms.mp4,30431201-Cable-Concentration-Extension-(on-knee)-(female)_U.mp4
Cable Cross Over Lateral Pulldown,01531201-Cable-Cross-over-Lateral-Pulldown_Back.mp4,30441201-Cable-Cross-over-Lateral-Pulldown-(female)_Back_.mp4
Cable Cross Over Revers Fly,01541201-Cable-Cross-over-Revers-Fly_Shoulders.mp4,24921201-Cable-Cross-over-Revers-Fly-(female)_Shoulders.mp4
Cable Curl,08681201-Cable-Curl-(male)_Upper-Arms-FIX_.mp4,01561201-Cable-Curl_Upper-Arms.mp4
Cable Deadlift,01571201-Cable-Deadlift_Thighs.mp4,30451201-Cable-Deadlift-(female)_Thighs_.mp4
Cable Decline Fly,01581201-Cable-Decline-Fly_Chest-FIX_.mp4,25121201-Cable-Decline-Fly-(female)_Chest.mp4
Cable Donkey Diagonal Kickback,73831201-Cable-Donkey-Diagonal-Kickback-(male)_Hips_.mp4,67421201-Cable-Donkey-Diagonal-Kickback-(female)_Hips_.mp4
Cable Front Raise,01621201-Cable-Front-Raise_Shoulders-FIX_.mp4,22301201-Cable-Front-Raise-(female)_Shoulders.mp4
Cable Front Raise (Rope Attachment),73711201-Cable-Front-Raise-(rope-attachment)-(male)_Shoulde.mp4,65431201-Cable-Front-Raise-(rope-attachment)-(female)_Shoul.mp4
Cable Front Seated Row,73681201-Cable-Front-Seated-Row-(male)_Back_.mp4,01631201-Cable-Front-Seated-Row_Back.mp4
Cable Goblet Squat,82951201-Cable-Goblet-Squat-(male)_Thighs_.mp4,65441201-Cable-Goblet-Squat-(female)_Thighs_.mp4
Cable Hip Adduction,01681201-Cable-Hip-Adduction_Thighs.mp4,23131201-Cable-Hip-Adduction-(female)_Hips.mp4
Cable Horizontal Pallof Press,12021201-Cable-horizontal-Pallof-Press_waist.mp4,80431201-Cable-Horizontal-Pallof-Press-(female)_Waist_.mp4
Cable Incline Fly,01711201-Cable-Incline-Fly_Chest-FIX_.mp4,30501201-Cable-Incline-Fly-(female)_Chest_.mp4
Cable Incline Fly (On Stability Ball),01701201-Cable-Incline-Fly-(on-stability-ball)_Chest.mp4,97471201-Cable-Incline-Fly-(on-stability-ball)-(female)_Che.mp4
Cable Incline Pushdown,01721201-Cable-Incline-Pushdown_Back_.mp4,30511201-Cable-Incline-Pushdown-(female)_Back_.mp4
Cable Incline Single Arm Lat Pulldown,83481201-Cable-Incline-Single-Arm-Lat-Pulldown-(male)_Back_.mp4,79341201-Cable-Incline-Single-Arm-Lat-Pulldown-(female)_Bac.mp4
Cable Incline Triceps Extension,01731201-Cable-Incline-Triceps-Extension_Upper-Arms_.mp4,97371201-Cable-Incline-Triceps-Extension-(female)_Upper-Arm.mp4
Cable Kneeling Glute Kickback,80881201-Cable-Kneeling-Glute-Kickback-(male)_Hips_.mp4,75891201-Cable-Kneeling-Glute-Kickback-(female)_Hips_.mp4
Cable Kneeling Triceps Extension,01761201-Cable-Kneeling-Triceps-Extension_Upper-Arms.mp4,69921201-Cable-Kneeling-Triceps-Extension-(female)_Upper-Ar.mp4
Cable Lateral Raise,01781201-Cable-Lateral-Raise_shoulder.mp4,30541201-Cable-Lateral-Raise-(female)_Shoulders.mp4
Cable Low Seated Row,01801201-Cable-Low-Seated-Row_Back.mp4,59641201-Cable-Low-Seated-Row-(female)_Back_.mp4
Cable Lying Fly,01851201-Cable-Lying-Fly_Chest-FIX_.mp4,24261201-Cable-Lying-Fly-(female)_Chest.mp4
Cable Middle Fly,01881201-Cable-Middle-Fly_Chest-FIX_.mp4,97301201-Cable-Middle-Fly-(female)_Chest_.mp4
Cable One Arm Curl,01901201-Cable-One-Arm-Curl_Upper-Arms.mp4,25811201-Cable-One-Arm-Curl-(female)_Upper-Arms.mp4
Cable One Arm Front Raise,82941201-Cable-One-Arm-Front-Raise-(male)_Shoulders_.mp4,26891201-Cable-One-Arm-Front-Raise-(female)_Shoulders.mp4
Cable One Arm Inner Biceps Curl,12031201-Cable-One-Arm-Inner-Biceps-Curl_Upper-Arms_.mp4,97321201-Cable-One-Arm-Inner-Biceps-Curl-(female)_Upper-Arm.mp4
Cable One Arm Lat Pulldown,12041201-Cable-one-arm-lat-pulldown_back.mp4,35961201-Cable-One-Arm-Lat-Pulldown-(female)_back-FIX_.mp4
Cable One Arm Lateral Raise,01921201-Cable-One-Arm-Lateral-Raise_Shoulders.mp4,22311201-Cable-One-Arm-Lateral-Raise-(female)_Shoulders.mp4
Cable One Arm Twisting Seated Row,12051201-Cable-one-arm-twisting-seated-row_back.mp4,35971201-Cable-One-Arm-Twisting-Seated-Row-(female)_Back.mp4
Cable Overhead Triceps Extension (Rope Attachment),01941201-Cable-Overhead-Triceps-Extension-(rope-attachment)_Upper-Arms-FIX_.mp4,22481201-Cable-Overhead-Triceps-Extension-(rope-attachment)-(female)_Upper-Arms.mp4
Cable Preacher Curl,01951201-Cable-Preacher-Curl_Upper-Arms_.mp4,97411201-Cable-Preacher-Curl-(female)_Upper-Arms_.mp4
Cable Preacher Curl (Rope Attachment),59231201-Cable-Preacher-Curl-(rope-attachment)_Upper-Arms_.mp4,97421201-Cable-Preacher-Curl-(rope-attachment)-(female)_Upp.mp4
Cable Pull Through,12061201-Cable-pull-through_hips.mp4,57351201-Cable-Pull-Through-(female)_Hips_.mp4
Cable Pushdown,02011201-Cable-Pushdown_Upper-Arms-FIX_.mp4,97391201-Cable-Pushdown-(female)_Upper-Arms_.mp4
Cable Pushdown (With Rope Attachment),02001201-Cable-Pushdown-(with-rope-attachment)_Upper-Arms-FIX_.mp4,24381201-Cable-Pushdown-(with-rope-attachment)-(female)_Upper-Arms.mp4
Cable Rear Drive,02041201-Cable-Rear-Drive_Upper-Arms_.mp4,30591201-Cable-Rear-Drive-(female)_Upper-Arms_.mp4
Cable Reverse Grip Pushdown,02071201-Cable-Reverse-grip-Pushdown_Upper-Arms_.mp4,25201201-Cable-Reverse-grip-Pushdown-(female)_Upper-Arms_.mp4
Cable Romanian Deadlift,82961201-Cable-Romanian-Deadlift-(male)_Hips_.mp4,65521201-Cable-Romanian-Deadlift-(female)_Hips_.mp4
Cable Seated Chest Fly,38691201-Cable-Seated-Chest-Fly_Chest_.mp4,97481201-Cable-Seated-Chest-Fly-(female)_Chest_.mp4
Cable Seated Crunch,02121201-Cable-Seated-Crunch_Waist-FIX_.mp4,27001201-Cable-Seated-Crunch-(female)_Waist_.mp4
Cable Seated High Row (V Bar),02131201-Cable-Seated-High-Row-(V-bar)_Back.mp4,30631201-Cable-Seated-High-Row-(V-bar)-(female)_Back.mp4
Cable Seated High Triceps Extension,79231201-Cable-Seated-High-Triceps-Extension_Upper-Arms_.mp4,97271201-Cable-Seated-High-Triceps-Extension-(female)_Upper.mp4
Cable Seated Row,08611201-Cable-Seated-Row_Back-FIX_.mp4,70801201-Cable-Seated-Row-(female)_Back_.mp4
Cable Seated Single Arm Chest Press,79271201-Cable-Seated-Single-Arm-Chest-Press-(male)_Chest_.mp4,90131201-Cable-Seated-Single-Arm-Chest-Press-(female)_Chest.mp4
Cable Seated Wide Grip Row,02181201-Cable-Seated-Wide-grip-Row_Back-FIX_.mp4,35981201-Cable-Seated-Wide-grip-Row-(female)_Back.mp4
Cable Shoulder Press,02191201-Cable-Shoulder-Press_Shoulders.mp4,70621201-Cable-Shoulder-Press-(female)_Shoulders_.mp4
Cable Shrug,02201201-Cable-Shrug_Back-FIX_.mp4,70631201-Cable-Shrug-(female)_Back_.mp4
Cable Side Bend,02221201-Cable-Side-Bend_Waist.mp4,25761201-Cable-Side-Bend-(female)_Waist_.mp4
Cable Single Arm High Row,65101201-Cable-Single-Arm-High-Row_Back_.mp4,97551201-Cable-Single-Arm-High-Row-(female)_Back_.mp4
Cable Standing Crunch (With Rope Attachment),08741201-Cable-Standing-Crunch-(with-rope-attachment)_Waist.mp4,26741201-Cable-Standing-Crunch-(with-rope-attachment)-(female)_waist.mp4
Cable Standing Inner Curl,02291201-Cable-Standing-Inner-Curl_Upper-Arms.mp4,25801201-Cable-Standing-Inner-Curl-(female)_Upper-Arms.mp4
Cable Standing One Arm Triceps Extension,02311201-Cable-Standing-One-Arm-Triceps-Extension_Upper-Arms.mp4,26961201-Cable-Standing-One-Arm-Triceps-Extension-(female)_Upper-Arms.mp4
Cable Standing Rear Delt Row (With Rope),02331201-Cable-Standing-Rear-Delt-Row-(with-rope)_Shoulder_.mp4,28821201-Cable-Standing-Rear-Delt-Row-(with-rope)-(female)_shoulder.mp4
Cable Standing Reverse Grip Curl (Straight Bar),29541201-Cable-Standing-Reverse-Grip-Curl-(Straight-bar)_Fo.mp4,29531201-Cable-Standing-Reverse-Grip-Curl-(Straight-bar)-(female)_Forearms.mp4
Cable Standing Single Delt Row,67761201-Cable-Standing-Single-Delt-Row-(male)_Shoulders_.mp4,97281201-Cable-Standing-Single-Delt-Row-(female)_Shoulders_.mp4
Cable Standing Up Straight Crossovers,12691201-Cable-Standing-Up-Straight-Crossovers_Chest-FIX_.mp4,23871201-Cable-Standing-Up-Straight-Crossovers-(female)_Che.mp4
Cable Standing Wood Chopper,80231201-Cable-Standing-Wood-Chopper-(male)_Waist_.mp4,80471201-Cable-Standing-Wood-Chopper-(female)_Waist_.mp4
Cable Straight Back Seated Row,02391201-Cable-Straight-Back-Seated-Row_Back.mp4,30691201-Cable-Straight-Back-Seated-Row-(female)_Back.mp4
Cable Straight Leg Diagonal Kickback,83391201-Cable-Straight-Leg-Diagonal-Kickback-(male)_Hips_.mp4,80831201-Cable-Straight-Leg-Diagonal-Kickback-(female)_Hips.mp4
Cable Twist,02431201-Cable-Twist_Waist_.mp4,24511201-Cable-Twist-(female)_Waist_.mp4
Cable Twist (Up Down),08621201-Cable-twist-(up-down)_Waist.mp4,89921201-Cable-twist-(up-down)-(female)_Waist_.mp4
Cable Upper Chest Crossovers,12701201-Cable-Upper-Chest-Crossovers_Chest_.mp4,24421201-Cable-Upper-Chest-Crossovers-(female)_Chest_.mp4
Cable Upright Row,02461201-Cable-Upright-Row_shoulder.mp4,22321201-Cable-Upright-Row-(female)_Shoulders_.mp4
Calf Raise Clap,56411201-Calf-Raise-Clap-(male)_Plyometrics_.mp4,56191201-Calf-Raise-Clap-(female)_Plyometrics_.mp4
Calves Stretch,45101201-Calves-stretch-(male)_Calves.mp4,09371201-Calves-stretch-(female)_Calves.mp4
Cambered Bar Lying Row,02481201-Cambered-Bar-Lying-Row_Back.mp4,52671201-Cambered-Bar-Lying-Row-(female)_Back_.mp4
Cat Cow Stretch,45801201-Cat-Cow-Stretch_Stretching_.mp4,52521201-Cat-Cow-Stretch-(female)_Stretching_.mp4
Ceiling Look Stretch,42801201-Ceiling-Look-Stretch-(male)_Thighs.mp4,02501201-Ceiling-Look-Stretch-(female)_Thighs.mp4
Chair Squat Calf Rock,89481201-Chair-Squat-Calf-Rock-(male)_Calves_.mp4,87571201-Chair-Squat-Calf-Rock-(female)_Calves_.mp4
Chair Squat To Toe Stand,89531201-Chair-Squat-to-Toe-Stand-(male)_Thighs_.mp4,87561201-Chair-Squat-to-Toe-Stand-(female)_Thighs_.mp4
Chest Dip,02511201-Chest-Dip_Chest.mp4,35991201-Chest-Dip-(female)_Chest.mp4
Chest Fly And Press Up,76371201-Chest-Fly-and-Press-Up-(male)_Chest_.mp4,88121201-Chest-Fly-and-Press-Up-(female)_Chest_.mp4
Chest Fly Side Step,55881201-Chest-Fly-Side-Step-(Male)_Plyometrics_.mp4,72691201-Chest-Fly-Side-Step-(female)_Plyometrics_.mp4
Chest Out Hands Behind (Hold),105791201-Chest-Out-Hands-Behind-(Hold)-(male)_Stretching_.mp4,49451201-Chest-Out-Hands-Behind-(Hold)-(female)_Stretching_.mp4
Chest Pull Back,55041201-Chest-Pull-Back-(male)_Back_.mp4,53611201-Chest-Pull-Back-(female)_Back_.mp4
Chin To Chest Stretch,45091201-Chin-to-chest-Stretch-(male)_Waist.mp4,02521201-Chin-to-chest-Stretch-(female)_waist.mp4
Chin Ups (Narrow Parallel Grip),02531201-Chin-ups-(narrow-parallel-grip)_Back.mp4,36001201-Chin-ups-(narrow-parallel-grip)-(female)_Back.mp4
Circles Knee Stretch,02571201-Circles-Knee-Stretch_Calves.mp4,42781201-Circles-Knee-Stretch-(female)_Calves.mp4
Clamshell Sit Agains Wall,89641201-Clamshell-Sit-agains-Wall-(male)_Hips_.mp4,87691201-Clamshell-Sit-agains-Wall-(female)_Hips_.mp4
Clap Push Up,12731201-Clap-Push-Up_Plyometrics_Chest.mp4,70111201-Clap-Push-Up-(female)_Plyometrics_.mp4
Clock Push Up,02581201-Clock-Push-Up_Chest.mp4,90081201-Clock-Push-Up-(female)_Chest_.mp4
Close Grip Push Up,02591201-Close-Grip-Push-up_Upper-Arms-FIX_.mp4,26151201-Close-Grip-Push-up-(female)_Upper-Arms.mp4
Cobra To Child Pose,85491201-Cobra-to-Child-Pose-(male)_Stretching_.mp4,79121201-Cobra-to-Child-Pose-(female)_Stretching_.mp4
Cocoons,02601201-Cocoons_waist.mp4,25821201-Cocoons-(female)_waist.mp4
Commando Pull Up,47261201-Commando-Pull-up_Back_.mp4,52701201-Commando-Pull-up-(female)_Back_.mp4
Criss Cross Arms Lift,66311201-Criss-Cross-Arms-Lift-(male)_Chest_.mp4,55701201-Criss-Cross-Arms-Lift-(female)_Chest_.mp4
Criss Cross Arms Prayer Push,76391201-Criss-Cross-Arms-Prayer-Push-(male)_Chest_.mp4,88131201-Criss-Cross-Arms-Prayer-Push-(female)_Chest_.mp4
Criss Cross Jack,47111201-Criss-Cross-Jack_Plyometrics_.mp4,49991201-Criss-Cross-Jack-(female)_Plyometrics_.mp4
Criss Cross Jump,47071201-Criss-Cross-Jump_Plyometrics_.mp4,71651201-Criss-Cross-Jump-(female)_Plyometrics_.mp4
Crossover Kneeling Hip Flexor Stretch,42961201-Crossover-Kneeling-Hip-Flexor-Stretch-(male)_Hips.mp4,02651201-Crossover-Kneeling-Hip-Flexor-Stretch-(female)_Hips.mp4
Crunch (Arms Straight),38211201-Crunch-(arms-straight)-(male)_waist.mp4,02661201-Crunch-(arms-straight)_waist.mp4
Crunch (On Stability Ball),02711201-Crunch-(on-stability-ball)_waist.mp4,27011201-Crunch-(on-stability-ball)-(female)_waist_.mp4
Crunch Floor,02741201-Crunch-Floor-(male)_waist.mp4,02751201-Crunch-Floor-(female)_Waist_.mp4
Dead Bug,02761201-Dead-Bug_Waist_.mp4,30711201-Dead-Bug-(female)_Waist.mp4
Decline Crunch,02771201-Decline-Crunch_Waist.mp4,70811201-Decline-Crunch-(female)_Waist_.mp4
Decline Push Up,02791201-Decline-Push-Up_Chest-FIX_.mp4,02801201-Decline-Push-up-(female)_Chest_.mp4
Deep Breathe Flaps Plyo Squat,90501201-Deep-Breathe-Flaps-Plyo-Squat-(male)_Hips_.mp4,59541201-Deep-Breathe-Flaps-Plyo-Squat-(female)_Hips_.mp4
Deep Push Up,12741201-Deep-Push-Up_Chest.mp4,28231201-Deep-Push-Up-(female)_Chest.mp4
Deep Push Up Hold,83511201-Deep-Push-Up-Hold-(male)_Chest_.mp4,79851201-Deep-Push-Up-Hold-(female)_Chest_.mp4
Deep Squat Turn,85721201-Deep-Squat-Turn-(male)_Stretching_.mp4,79081201-Deep-Squat-Turn-(female)_Stretching_.mp4
Diagonal Claps Woodchopper,83941201-Diagonal-Claps-Woodchopper-(male)_Plyometrics_.mp4,79461201-Diagonal-Claps-Woodchopper-(female)_Plyometrics_.mp4
Diagonal Lunge,45521201-Diagonal-Lunge_Plyometrics.mp4,46371201-Diagonal-Lunge-(female)_Plyometrics.mp4
Diamond Push Up,02831201-Diamond-Push-up_Upper-Arms.mp4,26971201-Diamond-Push-up-(female)_Upper-Arms.mp4
Diamond Push Up (On Knees),11741201-Diamond-Push-up-(on-knees)_Upper-Arms.mp4,70771201-Diamond-Push-up-(on-knees)-(female)_Upper-Arms_.mp4
Dolphin Pose,65191201-Dolphin-Pose-(male)_Stretching_.mp4,62881201-Dolphin-Pose-(female)_Stretching_.mp4
Donkey Calf Raise,02841201-Donkey-Calf-Raise_Calves.mp4,26771201-Donkey-Calf-Raise-(female)_Calves.mp4
Double Heel Lift Sit Agains Wall,89651201-Double-Heel-Lift-Sit-agains-Wall-(male)_Calves_.mp4,87681201-Double-Heel-Lift-Sit-agains-Wall-(female)_Calves_.mp4
Double Punch Front Leg Lift,58331201-Double-Punch-Front-Leg-Lift-(male)_Plyometrics_.mp4,56871201-Double-Punch-Front-Leg-Lift-(female)_Plyometrics_.mp4
Double Side Step Walk,96431201-Double-Side-Step-Walk-(male)_Plyometrics_.mp4,92531201-Double-Side-Step-Walk-(female)_Plyometrics_.mp4
Downward Dog Squat,89671201-Downward-Dog-Squat-(male)_Stretching_.mp4,87511201-Downward-Dog-Squat-(female)_Stretching_.mp4
Downward Punch,73701201-Downward-Punch-(male)_Shoulders_.mp4,51091201-Downward-Punch-(female)_Shoulders_.mp4
Dumbbell Alternate Biceps Curl,11961201-Dumbbell-Alternate-Biceps-Curl_Upper-Arms.mp4,25841201-Dumbbell-Alternate-Biceps-Curl-(female)_Upper-Arms.mp4
Dumbbell Alternate Side Press,02861201-Dumbbell-Alternate-Side-Press_Shoulders.mp4,25921201-Dumbbell-Alternate-Side-Press-(female)_Shoulders_.mp4
Dumbbell Around Pullover,02881201-Dumbbell-Around-Pullover_Chest.mp4,107151201-Dumbbell-Around-Pullover-(female)_Chest_.mp4
Dumbbell Banded Hip Thrust,104251201-Dumbbell-Banded-Hip-Thrust_Hips_.mp4,67351201-Dumbbell-Banded-Hip-Thrust-(female)_Hips_.mp4
Dumbbell Bench Press,02891201-Dumbbell-Bench-Press_Chest-FIX_.mp4,22541201-Dumbbell-Bench-Press-(female)_Chest.mp4
Dumbbell Bench Seated Press,02901201-Dumbbell-Bench-Seated-Press_Shoulders-FIX_.mp4,74061201-Dumbbell-Bench-Seated-Press-(female)_Shoulders_.mp4
Dumbbell Bench Squat,02911201-Dumbbell-Bench-Squat_Thighs.mp4,22171201-Dumbbell-Bench-Squat-(female)_Thighs_.mp4
Dumbbell Bent Over Row,02921201-Dumbbell-Bent-over-Row_Back-FIX_.mp4,24821201-Dumbbell-Bent-Over-Row-(female)_Back.mp4
Dumbbell Bent Over Y Raise,83551201-Dumbbell-Bent-over-Y-Raise-(male)_Shoulders_.mp4,79951201-Dumbbell-Bent-over-Y-Raise-(female)_Shoulders_.mp4
Dumbbell Biceps Curl,02941201-Dumbbell-Biceps-Curl_Upper-Arms.mp4,24831201-Dumbbell-Biceps-Curl-(female)_Upper-Arms.mp4
Dumbbell Burpee,12011201-Dumbbell-burpee_Cardio.mp4,70891201-Dumbbell-Burpee-(female)_Cardio_.mp4
Dumbbell Clean,02951201-Dumbbell-Clean_Thighs_.mp4,57871201-Dumbbell-Clean-(female)_Thighs_.mp4
Dumbbell Close Grip Press,02961201-Dumbbell-Close-grip-Press_Upper-Arms.mp4,26451201-Dumbbell-Close-Grip-Press-(female)_Upper-Arms.mp4
Dumbbell Concentration Curl,02971201-Dumbbell-Concentration-Curl_Upper-Arms-FIX_.mp4,23721201-Dumbbell-Concentration-Curl-(female)_Upper-Arms.mp4
Dumbbell Curtsey Lunge,86641201-Dumbbell-Curtsey-Lunge-(male)_Thighs_.mp4,08811201-Dumbbell-Curtsey-lunge-(female)_Thighs_.mp4
Dumbbell Deadlift,03001201-Dumbbell-Deadlift_Hips.mp4,24841201-Dumbbell-Deadlift-(female)_Back.mp4
Dumbbell Decline Bench Press,03011201-Dumbbell-Decline-Bench-Press_Chest-FIX_.mp4,24521201-Dumbbell-Decline-Bench-Press-(female)_Chest.mp4
Dumbbell Decline Fly,03021201-Dumbbell-Decline-Fly_Chest-FIX_.mp4,69941201-Dumbbell-Decline-Fly-(female)_Chest_.mp4
Dumbbell Decline Shrug,03051201-Dumbbell-Decline-Shrug_Back-FIX_.mp4,74051201-Dumbbell-Decline-Shrug-(female)_Back_.mp4
Dumbbell Decline Triceps Extension,03061201-Dumbbell-Decline-Triceps-Extension_Upper-Arms.mp4,26731201-Dumbbell-Decline-Triceps-Extension-(female)_Upper-.mp4
Dumbbell Decline Twist Fly,03071201-Dumbbell-Decline-Twist-Fly_Chest_.mp4,25851201-Dumbbell-Decline-Twist-Fly-(female)_Chest.mp4
Dumbbell Drag Curl (Version 2),59241201-Dumbbell-Drag-Curl-(VERSION-2)_Upper-Arms_.mp4,97261201-Dumbbell-Drag-Curl-(VERSION-2)-(female)_Upper-Arms.mp4
Dumbbell Floor Fly,41491201-Dumbbell-Floor-Fly_Chest.mp4,97291201-Dumbbell-Floor-Fly-(female)_Chest_.mp4
Dumbbell Fly On Exercise Ball,12771201-Dumbbell-Fly-on-Exercise-Ball_Chest.mp4,26201201-Dumbbell-Fly-on-Exercise-Ball-(female)_Chest.mp4
Dumbbell Front Raise,03101201-Dumbbell-Front-Raise_Shoulders.mp4,22331201-Dumbbell-Front-Raise-(female)_Shoulders.mp4
Dumbbell Front Raise (Version 2),03091201-Dumbbell-Front-Raise-(version-2)_Shoulders.mp4,34281201-Dumbbell-Front-Raise-(VERSION-2)-(female)_Shoulder.mp4
Dumbbell Goblet Split Squat Front Foot Elevanted,29561201-Dumbbell-Goblet-Split-Squat-Front-Foot-Elevanted_T.mp4,29551201-Dumbbell-Goblet-Split-Squat-Front-Foot-Elevanted-(female)_Thighs.mp4
Dumbbell Hammer Curl,03131201-Dumbbell-Hammer-Curl_Forearms_.mp4,24851201-Dumbbell-Hammer-Curl-(female)_Upper-Arms.mp4
Dumbbell Hammer Preacher Curl,59211201-Dumbbell-Hammer-Preacher-Curl_Upper-Arms_.mp4,43371201-Dumbbell-Hammer-Preacher-Curl-(female)_Forearms_.mp4
Dumbbell Incline Biceps Curl,03151201-Dumbbell-Incline-Biceps-Curl_Upper-Arms.mp4,37641201-Dumbbell-Incline-Biceps-Curl-(female)_Upper-Arms.mp4
Dumbbell Incline Breeding,03161201-Dumbbell-Incline-Breeding_Chest.mp4,101701201-Dumbbell-Incline-Breeding-(female)_Chest_.mp4
Dumbbell Incline Curl,03181201-Dumbbell-Incline-Curl_Upper-Arms-FIX_.mp4,101711201-Dumbbell-Incline-Curl-(female)_Upper-Arms_.mp4
Dumbbell Incline Fly On Exercise Ball,12781201-Dumbbell-Incline-Fly-on-Exercise-Ball_Chest.mp4,26261201-Dumbbell-Incline-Fly-on-Exercise-Ball-(female)_Chest.mp4
Dumbbell Incline Front Raise,11761201-Dumbbell-Incline-Front-Raise_Shoulders.mp4,70721201-Dumbbell-Incline-Front-Raise-(female)_Shoulders_.mp4
Dumbbell Incline Hammer Curl,03201201-Dumbbell-Incline-Hammer-Curl_Upper-Arms.mp4,24941201-Dumbbell-Incline-Hammer-Curl-(female)_Upper-Arms.mp4
Dumbbell Incline Hammer Press,03211201-Dumbbell-Incline-Hammer-Press_Chest.mp4,25041201-Dumbbell-Incline-Hammer-Press-(female)_Chest.mp4
Dumbbell Incline Inner Biceps Curl,03221201-Dumbbell-Incline-Inner-Biceps-Curl_Upper-Arms-FIX_.mp4,97441201-Dumbbell-Incline-Inner-Biceps-Curl-(female)_Upper-.mp4
Dumbbell Incline One Arm Lateral Raise,03231201-Dumbbell-Incline-One-Arm-Lateral-Raise_Shoulders-F.mp4,28181201-Dumbbell-Incline-One-Arm-Lateral-Raise-(female)_Sh.mp4
Dumbbell Incline One Arm Press,12811201-Dumbbell-Incline-One-Arm-Press_Chest_.mp4,74231201-Dumbbell-Incline-One-Arm-Press-(female)_Chest_.mp4
Dumbbell Incline Shrug,03291201-Dumbbell-Incline-Shrug_Back.mp4,39381201-Dumbbell-Incline-Shrug-(female)_Back.mp4
Dumbbell Incline Triceps Extension,03301201-Dumbbell-Incline-Triceps-Extension_Upper-Arms-FIX_.mp4,25071201-Dumbbell-Incline-Triceps-Extension-(female)_Upper-Arms.mp4
Dumbbell Incline Twisted Fly,03311201-Dumbbell-Incline-Twisted-Fly_Chest_.mp4,101721201-Dumbbell-Incline-Twisted-Fly-(female)_Chest_.mp4
Dumbbell Ipsilateral Single Leg Stiff Leg Deadlift,76471201-Dumbbell-Ipsilateral-Single-Leg-Stiff-Leg-Deadlift.mp4,76481201-Dumbbell-Ipsilateral-Single-Leg-Stiff-Leg-Deadlift.mp4
Dumbbell Iron Cross,03321201-Dumbbell-Iron-Cross_Shoulders.mp4,36011201-Dumbbell-Iron-Cross-(female)_Shoulders.mp4
Dumbbell Kickback,03331201-Dumbbell-Kickback_Upper-Arms.mp4,24371201-Dumbbell-Kickback-(female)_Upper-arms.mp4
Dumbbell Lateral To Front Raise,03351201-Dumbbell-Lateral-to-Front-Raise_Shoulders_.mp4,74031201-Dumbbell-Lateral-to-Front-Raise-(female)_Shoulders.mp4
Dumbbell Lying Extension (Across Face),03371201-Dumbbell-Lying-Extension-(across-face)_Upper-Arms.mp4,25861201-Dumbbell-Lying-Extension-(across-face)-(female)_Up.mp4
Dumbbell Lying External Shoulder Rotation,83471201-Dumbbell-Lying-External-Shoulder-Rotation-(male)_B.mp4,30791201-Dumbbell-Lying-External-Shoulder-Rotation-(female).mp4
Dumbbell Lying Femoral,03391201-Dumbbell-Lying-Femoral_Thighs.mp4,26691201-Dumbbell-Lying-Femoral-(female)_Thighs.mp4
Dumbbell Lying Hammer Press,03401201-Dumbbell-Lying-Hammer-Press_Chest-FIX_.mp4,24861201-Dumbbell-Lying-Hammer-Press-(female)_Chest.mp4
Dumbbell Lying Hamstring Curl,42921201-Dumbbell-Lying-Hamstring-Curl_Thighs.mp4,57321201-Dumbbell-Lying-Hamstring-Curl-(female)_Thighs_.mp4
Dumbbell Lying One Arm Press,03431201-Dumbbell-Lying-One-Arm-Press_Chest_.mp4,26801201-Dumbbell-Lying-One-Arm-Press-(female)_Chest_.mp4
Dumbbell Lying One Arm Pronated Triceps Extension,03441201-Dumbbell-Lying-One-Arm-Pronated-Triceps-Extension_Upper-Arms.mp4,69951201-Dumbbell-Lying-One-Arm-Pronated-Triceps-Extension-.mp4
Dumbbell Lying One Arm Supinated Triceps Extension,03461201-Dumbbell-Lying-One-Arm-Supinated-Triceps-Extension_Upper-Arms.mp4,25871201-Dumbbell-Lying-One-Arm-Supinated-Triceps-Extension.mp4
Dumbbell Lying Rear Lateral Raise,03481201-Dumbbell-Lying-Rear-Lateral-Raise_Shoulders_.mp4,78651201-Dumbbell-Lying-Rear-Lateral-Raise-(female)_Shoulde.mp4
Dumbbell Lying Supine Curl,03501201-Dumbbell-Lying-Supine-Curl_Forearms.mp4,36021201-Dumbbell-Lying-Supine-Curl-(female)_Forearms.mp4
Dumbbell Lying Triceps Extension,03511201-Dumbbell-Lying-Triceps-Extension_Upper-Arms-FIX_.mp4,22511201-Dumbbell-Lying-Triceps-Extension-(female)_Upper-Arms_.mp4
Dumbbell One Arm Kickback,03541201-Dumbbell-One-Arm-Kickback_Upper-Arms_.mp4,23731201-Dumbbell-One-Arm-Kickback-(female)_Upper-Arms_.mp4
Dumbbell One Arm Lateral Raise,03551201-Dumbbell-One-Arm-Lateral-Raise_Shoulder.mp4,25911201-Dumbbell-One-Arm-Lateral-Raise-(female)_Shoulder.mp4
Dumbbell One Arm Low Fly,41501201-Dumbbell-One-Arm-Low-Fly_Chest.mp4,97491201-Dumbbell-One-Arm-Low-Fly-(female)_Chest_.mp4
Dumbbell One Arm Row (Rack Support),12361201-Dumbbell-One-Arm-Row-(rack-support)_Back.mp4,70081201-Dumbbell-One-Arm-Row-(rack-support)-(female)_Back_.mp4
Dumbbell One Arm Triceps Extension (On Bench),03621201-Dumbbell-One-Arm-Triceps-Extension-(on-bench)_Upper-Arms.mp4,26011201-Dumbbell-One-Arm-Triceps-Extension-(on-bench)-(female)_Upper-Arms.mp4
Dumbbell One Arm Upright Row,03631201-Dumbbell-One-Arm-Upright-Row_Shoulders_.mp4,26001201-Dumbbell-One-Arm-Upright-Row-(female)_Shoulders_.mp4
Dumbbell One Arm Wrist Curl,03641201-Dumbbell-One-arm-Wrist-Curl_Forearm.mp4,69971201-Dumbbell-One-Arm-Wrist-Curl-(female)_Forearms_.mp4
Dumbbell Over Bench Wrist Curl,03691201-Dumbbell-Over-Bench-Wrist-Curl_Forearms.mp4,26311201-Dumbbell-Over-Bench-Wrist-Curl-(female)_Forearms.mp4
Dumbbell Peacher Hammer Curl,03701201-Dumbbell-Peacher-Hammer-Curl_Forearms.mp4,69981201-Dumbbell-Peacher-Hammer-Curl-(female)_Forearms_.mp4
Dumbbell Plyo Squat,03711201-Dumbbell-Plyo-Squat_thighs.mp4,69991201-Dumbbell-Plyo-Squat-(female)_Thighs_.mp4
Dumbbell Preacher Curl,03721201-Dumbbell-Preacher-Curl_Upper-Arms.mp4,23851201-Dumbbell-Preacher-Curl-(female)_Upper-Arms_.mp4
Dumbbell Pronate Grip Triceps Extension,03731201-Dumbbell-Pronate-grip-Triceps-Extension_Upper-Arms.mp4,39411201-Dumbbell-Pronate-grip-Triceps-Extension-(female)_Upper-Arms.mp4
Dumbbell Pullover On Exercise Ball,12951201-Dumbbell-Pullover-on-Exercise-Ball_Chest.mp4,26211201-Dumbbell-Pullover-on-Exercise-Ball-(female)_Chest_.mp4
Dumbbell Rear Delt Raise,22921201-Dumbbell-Rear-Delt-Raise_Shoulders.mp4,34291201-Dumbbell-Rear-Delt-Raise-(female)_Shoulders_.mp4
Dumbbell Rear Delt Row,03771201-Dumbbell-Rear-Delt-Row_shoulder.mp4,37551201-Dumbbell-Rear-Delt-Row-(female)_Back.mp4
Dumbbell Rear Fly,03781201-Dumbbell-Rear-Fly_Shoulders.mp4,23921201-Dumbbell-Rear-Fly-(female)_Shoulders.mp4
Dumbbell Rear Lunge,03811201-Dumbbell-Rear-Lunge_Thighs-FIX_.mp4,22191201-Dumbbell-Rear-Lunge-(female)_Thighs_.mp4
Dumbbell Renegade Row,29801201-Dumbbell-Renegade-Row_Back-FIX_.mp4,29811201-Dumbbell-Renegade-Row-(female)_Back_.mp4
Dumbbell Reverse Preacher Curl,03841201-Dumbbell-Reverse-Preacher-Curl_Forearms_.mp4,101741201-Dumbbell-Reverse-Preacher-Curl-(female)_Forearms_.mp4
Dumbbell Russian Twist With Legs Floor Off (Versio,54631201-Dumbbell-Russian-Twist-with-Legs-Floor-Off-(VERSIO.mp4,80481201-Dumbbell-Russian-Twist-with-Legs-Floor-Off-(VERSIO.mp4
Dumbbell Seated Alternate Press,03881201-Dumbbell-Seated-Alternate-Press_Shoulders_.mp4,25941201-Dumbbell-Seated-Alternate-Press-(female)_Shoulders.mp4
Dumbbell Seated Bent Arm Lateral Raise,105111201-Dumbbell-Seated-Bent-Arm-Lateral-Raise_Shoulders_.mp4,70211201-Dumbbell-Seated-Bent-Arm-Lateral-Raise-(female)_Sh.mp4
Dumbbell Seated Curl,03911201-Dumbbell-Seated-Curl_Upper-Arms.mp4,74011201-Dumbbell-Seated-Curl-(female)_Upper-Arms_.mp4
Dumbbell Seated Front Raise,03921201-Dumbbell-Seated-Front-Raise_Shoulders.mp4,22351201-Dumbbell-Seated-Front-Raise-(female)_Shoulders.mp4
Dumbbell Seated Kickback,03941201-Dumbbell-Seated-Kickback_Upper-Arms.mp4,34211201-Dumbbell-Seated-Kickback-(female)_Upper-Arms.mp4
Dumbbell Seated Lateral Raise,03961201-Dumbbell-Seated-Lateral-Raise_shoulder.mp4,74021201-Dumbbell-Seated-Lateral-Raise-(female)_Shoulders_.mp4
Dumbbell Seated Neutral Wrist Curl,03971201-Dumbbell-Seated-Neutral-Wrist-Curl_Forearms.mp4,26321201-Dumbbell-Seated-Neutral-Wrist-Curl-(female)_Forearms.mp4
Dumbbell Seated Palms Up Wrist Curl,04011201-Dumbbell-Seated-Palms-Up-Wrist-Curl_Forearms_.mp4,26331201-Dumbbell-Seated-Palms-Up-Wrist-Curl-(female)_Forea.mp4
Dumbbell Shrug,04061201-Dumbbell-Shrug_Back-FIX_.mp4,25961201-Dumbbell-Shrug-(female)_Back.mp4
Dumbbell Side Bend,04071201-Dumbbell-Side-Bend_Waist-FIX_.mp4,25971201-Dumbbell-Side-Bend-(female)_Waist.mp4
Dumbbell Single Leg Deadlift,85001201-Dumbbell-Single-Leg-Deadlift-(male)_Hips_.mp4,26351201-Dumbbell-Single-Leg-Deadlift-(female)_Hips.mp4
Dumbbell Single Leg Glute Bridge,42911201-Dumbbell-Single-Leg-Glute-Bridge_Hip.mp4,57551201-Dumbbell-Single-Leg-Glute-Bridge-(female)_Hips_.mp4
Dumbbell Single Leg Squat,04111201-Dumbbell-Single-Leg-Squat_Hips.mp4,35211201-Dumbbell-Single-Leg-Squat-(female)_Thighs.mp4
Dumbbell Split Squat Front Foot Elevanted,77841201-Dumbbell-Split-Squat-Front-Foot-Elevanted_Thighs_.mp4,29581201-Dumbbell-Split-Squat-Front-Foot-Elevanted-(female).mp4
Dumbbell Squat,04131201-Dumbbell-Squat_Hips_.mp4,22201201-Dumbbell-Squat-(female)_Thighs.mp4
Dumbbell Standing Bent Arm Lateral Raise,56311201-Dumbbell-Standing-Bent-Arm-Lateral-raise-(male)_Sh.mp4,23161201-Dumbbell-Standing-Bent-Arm-Lateral-raise-(female)_Shoulders.mp4
Dumbbell Standing Calf Raise,04171201-Dumbbell-Standing-Calf-Raise_Calves-FIX_.mp4,22101201-Dumbbell-Standing-Calf-Raise-(female)_Calves.mp4
Dumbbell Standing Front Raise Above Head,04191201-Dumbbell-Standing-Front-Raise-Above-Head_Shoulders.mp4,101781201-Dumbbell-Standing-Front-Raise-Above-Head-(female).mp4
Dumbbell Standing Kickback,04201201-Dumbbell-Standing-Kickback_Upper-Arms.mp4,25981201-Dumbbell-Standing-Kickback-(female)_Upper-Arms.mp4
Dumbbell Standing Overhead Press,04261201-Dumbbell-Standing-Overhead-Press_shoulder.mp4,23801201-Dumbbell-Standing-Overhead-Press-(female)_Shoulders_.mp4
Dumbbell Standing Palms In Press,04271201-Dumbbell-Standing-Palms-In-Press_Shoulders-FIX_.mp4,25991201-Dumbbell-Standing-Palms-In-Press-(female)_Shoulder.mp4
Dumbbell Standing Scapular External Rotation,72341201-Dumbbell-Standing-Scapular-External-Rotation-(male)_Back_.mp4,72351201-Dumbbell-Standing-Scapular-External-Rotation-(female)_Back_.mp4
Dumbbell Standing Scapular External Rotation (Back Pov),72341201-Dumbbell-Standing-Scapular-External-Rotation-(back-POV)-(male)_Back_.mp4,72351201-Dumbbell-Standing-Scapular-External-Rotation-(back-POV)-(female)_Back_.mp4
Dumbbell Standing Scapular External Rotation (Front Pov),72341205-Dumbbell-Standing-Scapular-External-Rotation-(front-POV)-(male)_Back_.mp4,72351201-Dumbbell-Standing-Scapular-External-Rotation-(front-POV)-(female)_Back_.mp4
Dumbbell Standing Triceps Extension,04301201-Dumbbell-Standing-Triceps-Extension_Upper-Arms-FIX.mp4,23901201-Dumbbell-Standing-Triceps-Extension-(female)_Upper-Arms.mp4
Dumbbell Static Lunge,42901201-Dumbbell-Static-Lunge_Thighs.mp4,57891201-Dumbbell-Static-Lunge-(female)_Thighs_.mp4
Dumbbell Step Up,04311201-Dumbbell-Step-up_Hips_.mp4,22211201-Dumbbell-Step-Up-(female)_Thighs_.mp4
Dumbbell Stiff Leg Deadlift,04321201-Dumbbell-Stiff-Leg-Deadlift_Waist.mp4,38941201-Dumbbell-Stiff-Leg-Deadlift-(female)_Hips.mp4
Dumbbell Straight Arm Pullover,04331201-Dumbbell-Straight-Arm-Pullover_Chest.mp4,22411201-Dumbbell-Straight-Arm-Pullover-(female)_Chest.mp4
Dumbbell Straight Leg Deadlift,04341201-Dumbbell-Straight-Leg-Deadlift_Hips_.mp4,101791201-Dumbbell-Straight-Leg-Deadlift-(female)_Hips_.mp4
Dumbbell Sumo Deadlift,81921201-Dumbbell-Sumo-Deadlift-(male)_Hips_.mp4,47591201-Dumbbell-Sumo-Deadlift-(female)_Hips_.mp4
Dumbbell Upright Row,04371201-Dumbbell-Upright-Row_Shoulders-FIX.mp4,34311201-Dumbbell-Upright-Row-(female)_Shoulder.mp4
Dumbbell Wood Chop,80241201-Dumbbell-Wood-Chop-(male)_Waist_.mp4,80491201-Dumbbell-Wood-Chop-(female)_Waist_.mp4
Dumbbell Zottman Curl,04391201-Dumbbell-Zottman-Curl_Upper-Arms-FIX_.mp4,70641201-Dumbbell-Zottman-Curl-(female)_Upper-Arms_.mp4
Dumbbell Zottman Preacher Curl,22941201-Dumbbell-Zottman-Preacher-Curl_Upper-Arms.mp4,70731201-Dumbbell-Zottman-Preacher-Curl-(female)_Upper-Arms.mp4
Dynamic Back Stretch,46711201-Dynamic-Back-Stretch-(male)_Back.mp4,04401201-Dynamic-Back-Stretch-(female)_Back.mp4
Dynamic Chest Stretch,11671201-Dynamic-Chest-Stretch-(male)_Chest.mp4,04411201-Dynamic-Chest-Stretch-(female)_Chest.mp4
Dynamic Knee Drop,85711201-Dynamic-Knee-Drop-(male)_Stretching_.mp4,84971201-Dynamic-Knee-Drop-(female)_Stretching_.mp4
Ear To Knee Side Bend,64731201-Ear-to-Knee-Side-Bend-(male)_Waist_.mp4,63801201-Ear-to-Knee-Side-Bend-(female)_Waist_.mp4
Elbow To Knee Side Plank Crunch,35031201-Elbow-to-Knee-Side-Plank-Crunch-(male)_Waist_.mp4,39361201-Elbow-to-Knee-Side-Plank-Crunch-(female)_Wiast.mp4
Elbow Touch And Lift,68981201-Elbow-Touch-and-Lift-(male)_Shoulders_.mp4,55721201-Elbow-Touch-and-Lift-(female)_Shoulders_.mp4
Elbow Touch To Outer Throw,87411201-Elbow-Touch-to-Outer-Throw-(male)_Chest_.mp4,76581201-Elbow-Touch-to-Outer-Throw-(female)_Chest_.mp4
Elbows Back Stretch,46721201-Elbows-Back-Stretch-(male)_Chest.mp4,04441201-Elbows-Back-Stretch-(female)_Chest.mp4
Elevated Single Leg Hip Thrust,73721201-Elevated-Single-Leg-Hip-Thrust-(male)_Hips_.mp4,49021201-Elevated-Single-Leg-Hip-Thrust-(female)_Hips_.mp4
Ez Barbell Anti Gravity Press,04451201-EZ-Barbell-Anti-Gravity-Press_Shoulders-FIX_.mp4,36031201-EZ-Barbell-Anti-Gravity-Press-(female)_Shoulders.mp4
Ez Barbell Close Grip Curl,04461201-EZ-Barbell-Close-grip-Curl_Upper-Arms_.mp4,24991201-EZ-Barbell-Close-grip-Curl-(female)_Upper-Arms.mp4
Ez Barbell Curl,04471201-EZ-Barbell-Curl_Upper-Arms-FIX_.mp4,22381201-EZ-Barbell-Curl-(female)_Upper-Arms.mp4
Ez Barbell Incline Triceps Extension,04491201-EZ-Barbell-Incline-Triceps-Extension_Upper-Arms-FI.mp4,97401201-EZ-Barbell-Incline-Triceps-Extension-(female)_Uppe.mp4
Ez Barbell Lying Triceps Extension,58731201-EZ-Barbell-Lying-Triceps-Extension-(male)_Upper-Arms_.mp4,36461201-EZ-Barbell-Lying-Triceps-Extension-(female)_Upper-Arms.mp4
Ez Barbell Reverse Grip Curl,04511201-EZ-Barbell-Reverse-Grip-Curl_Forearms.mp4,24981201-EZ-Barbell-Reverse-Grip-Curl-(female)_Forearms.mp4
Ez Barbell Seated Triceps Extension,04531201-EZ-Barbell-Seated-Triceps-Extension_Upper-Arms_.mp4,97351201-EZ-Barbell-Seated-Triceps-Extension-(female)_Upper.mp4
Feet And Ankles Rotation Stretch,42831201-Feet-and-Ankles-Rotation-Stretch-(female)_Calves.mp4,32461201-Feet-and-Ankles-Rotation-Stretch-(female)_Calves.mp4
Feet And Ankles Stretch,42821201-Feet-and-Ankles-Stretch-(male)_Calves.mp4,32471201-Feet-and-Ankles-Stretch-(female)_Calves.mp4
Feet Front Tap,86281201-Feet-Front-Tap-(male)_Plyometrics_.mp4,77601201-Feet-Front-Tap-(female)_Plyometrics_.mp4
Flexion Leg Sit Up (Straight Arm),04571201-Flexion-Leg-Sit-up-(straight-arm)_waist.mp4,42841201-Flexion-Leg-Sit-up-(straight-arm)-(female)_waist.mp4
Floor T Raise,64921201-Floor-T-Raise-(male)_Hips_.mp4,32051201-Floor-T-Raise-(female)_Hips_.mp4
Flutter Kicks (Version 2),11791201-Flutter-Kicks-(version-2)_Hips.mp4,57341201-Flutter-Kicks-(version-2)-(female)_Hips_.mp4
Flutter Kicks (Version 3),12441201-Flutter-Kicks-(version-3)_Hips.mp4,46431201-Flutter-Kicks-(version-3)-(female)_Hips.mp4
Forward Bend Back Stretch,89521201-Forward-Bend-Back-Stretch-(male)_Stretching_.mp4,67641201-Forward-Bend-Back-Stretch-(female)_Stretching_.mp4
Forward Fold And Rock,85521201-Forward-Fold-and-Rock-(male)_Stretching_.mp4,79141201-Forward-Fold-and-Rock-(female)_Stretching_.mp4
Frog Crunch,80571201-Frog-Crunch-(male)_Waist_.mp4,25221201-Frog-Crunch-(female)_Waist.mp4
Front Elbow Plank,04631201-Front-Elbow-Plank-(male)_Waist-FIX_.mp4,90061201-Front-Elbow-Plank-(female)_Waist_.mp4
Front Plank With Arm And Leg Lift,54661201-Front-Plank-with-Arm-and-Leg-Lift-(male)_Waist_.mp4,28961201-Front-Plank-with-Arm-and-Leg-Lift-(female)_Waist-F.mp4
Front Plank With Leg Lift,35011201-Front-Plank-with-Leg-Lift-(male)_Hips_.mp4,28981201-Front-Plank-with-Leg-Lift-(female)_Hips_.mp4
Front To Under Knee Clap,83911201-Front-to-Under-Knee-Clap-(male)_Plyometrics_.mp4,80331201-Front-to-Under-Knee-Clap-(female)_Plyometrics_.mp4
Gate Rock,89721201-Gate-Rock-(male)_Stretching_.mp4,87751201-Gate-Rock-(female)_Stretching_.mp4
Glute Bridge Hip Abduction,73371201-Glute-Bridge-Hip-Abduction-(male)_Hips_.mp4,58701201-Glute-Bridge-Hip-Abduction-(female)_Hips_.mp4
Glute Bridge Two Legs On Bench,35231201-Glute-Bridge-Two-Legs-on-Bench-(male)_Hips_.mp4,24721201-Glute-Bridge-Two-Legs-on-Bench-(female)_Hips_.mp4
Glute Bridge Walk,73191201-Glute-Bridge-Walk-(male)_Hips_.mp4,65701201-Glute-Bridge-Walk-(female)_Hips_.mp4
Glute Ham Raise (Version 2),44561201-Glute-Ham-Raise-(VERSION-2)_Thighs_.mp4,57771201-Glute-Ham-Raise-(VERSION-2)-(female)_Thighs_.mp4
Half Frog Stretch,96841201-Half-Frog-Stretch-(male)_Hips_.mp4,61761201-Half-Frog-Stretch-(female)_Hips_.mp4
Half Kneeling Side Lunge,89871201-Half-Kneeling-Side-Lunge-(male)_Stretching_.mp4,87771201-Half-Kneeling-Side-Lunge-(female)_Stretching_.mp4
Half Plyo Squat Twist,97211201-Half-Plyo-Squat-Twist-(male)_Waist_.mp4,63811201-Half-Plyo-Squat-Twist-(female)_Waist_.mp4
Half Wipers (Bent Leg),12481201-Half-Wipers-(bent-leg)_Waist_.mp4,64321201-Half-Wipers-(bent-leg)-(female)_Waist_.mp4
Hamstring Bridge,83581201-Hamstring-Bridge-(male)_Hips_.mp4,79911201-Hamstring-Bridge-(female)_Hips_.mp4
Handstand Push Up,04711201-Handstand-Push-Up_Shoulders_.mp4,23831201-Handstand-Push-Up-(female)_Upper-Arms.mp4
Hanging Straight Leg Hip Raise,04741201-Hanging-Straight-Leg-Hip-Raise_Waist.mp4,36041201-Hanging-Straight-Leg-Hip-Raise-(female)_Waist.mp4
Hanging Straight Leg Raise,04751201-Hanging-Straight-Leg-Raise_Hips-FIX_.mp4,25301201-Hanging-Straight-Leg-Raise-(female)_Hips.mp4
Happy Baby Pose,67151201-Happy-Baby-Pose-(male)_Stretching_.mp4,59171201-Happy-Baby-Pose-(female)_Stretching_.mp4
Heel Glute Bridge,66571201-Heel-Glute-Bridge-(male)_Hips_.mp4,64351201-Heel-Glute-Bridge-(female)_Hips_.mp4
Heels Squat Slide Wall,89561201-Heels-Squat-Slide-Wall-(male)_Thighs_.mp4,87641201-Heels-Squat-Slide-Wall-(female)_Thighs_.mp4
High Knee Squat (Version 3),46361201-High-Knee-Squat-(VERSION-3)-(male)_Plyometrics.mp4,46401201-High-Knee-Squat-(VERSION-3)-(female)_Plyometrics.mp4
High Knee Tap,55371201-High-Knee-Tap-(male)_Plyometrics_.mp4,96851201-High-Knee-Tap-(female)_Plyometrics_.mp4
High Knee To Butt Kick,46341201-High-Knee-to-Butt-Kick_Cardio.mp4,71631201-High-Knee-to-Butt-Kick-(female)_Cardio_.mp4
High Lunge,73801201-High-Lunge-(male)_Stretching_.mp4,58911201-High-Lunge-(female)_Stretching_.mp4
Hip Circles Stretch,42861201-Hip-Circles-Stretch-(male)_Hips.mp4,18471201-Hip-Circles-Stretch-(female)_Hips.mp4
Hip Extension Stretch,46731201-Hip-Extension-Stretch-(male)_Hips.mp4,04831201-Hip-Extension-Stretch_Hips-FIX_.mp4
Hip Flexor Stretch Rear Foot Elevated,46741201-Hip-Flexor-Stretch-Rear-foot-elevated-(male)_Hips.mp4,25681201-Hip-Flexor-Stretch-Rear-foot-elevated-(female)_Hips.mp4
Hip Raise (Bent Knee),04841201-Hip-Raise-(bent-knee)_waist.mp4,26531201-Hip-Raise-(bent-knee)-(female)_waist.mp4
Hip Roll Plank,43851201-Hip-Roll-Plank-(male)_Waist_.mp4,46491201-Hip-Roll-Plank-(female)_Waist.mp4
Hip Swirls,46151201-Hip-Swirls_Hips.mp4,51141201-Hip-Swirls-(female)_Hips_.mp4
Hollow Hold,12461201-Hollow-Hold_Waist_.mp4,71571201-Hollow-Hold-(female)_Waist_.mp4
Inchworm And Mountain Climbers,55981201-Inchworm-and-Mountain-Climbers-(Male)_Plyometrics_.mp4,88161201-Inchworm-and-Mountain-Climbers-(female)_Plyometric.mp4
Incline Leg Hip Raise (Leg Straight),04911201-Incline-Leg-Hip-Raise-(leg-straight)_waist.mp4,27031201-Incline-Leg-Hip-Raise-(leg-straight)-(female)_waist.mp4
Incline Twisting Sit Up (Version 2),11901201-Incline-Twisting-Sit-up-(version-2)_Waist-FIX_.mp4,70061201-Incline-Twisting-Sit-up-(version-2)-(female)_Waist.mp4
Inverted Row,04991201-Inverted-Row_Back-FIX_.mp4,22991201-Inverted-Row-(female)_Back.mp4
Inverted Row Bent Knees,23001201-Inverted-Row-Bent-Knees_Back.mp4,70201201-Inverted-Row-Bent-Knees-(female)_Back_.mp4
Inverted Row Under Table,83571201-Inverted-Row-under-Table-(male)_Back_.mp4,79291201-Inverted-Row-under-Table-(female)_Back_.mp4
Inverted Row With Straps,04981201-Inverted-Row-with-Straps_Back.mp4,38971201-Inverted-Row-with-Straps-(female)_back.mp4
Jack Knife Sit Up,107121201-Jack-knife-Sit-up-(male)_Waist_.mp4,38841201-Jack-knife-Sit-up-(female)_Waist_.mp4
Jack Step,44381201-Jack-Step-(male)_Plyometrics.mp4,54861201-Jack-Step-(female)_Plyometrics_.mp4
Jump Box,49651201-Jump-Box-(male)_Plyometrics-FIX_.mp4,71591201-Jump-Box-(female)_Plyometrics_.mp4
Jump Split,11661201-Jump-Split-(male)_Plyometrics-FIX_.mp4,05121201-Jump-Split-(female)_Plyometrics_.mp4
Jump Squat,05141201-Jump-Squat_Thighs-FIX.mp4,23741201-Jump-Squat-(female)_Thighs.mp4
Kettlebell Bent Press,05241201-Kettlebell-Bent-Press_Waist_.mp4,26541201-Kettlebell-Bent-Press-(female)_waist.mp4
Kettlebell Biceps Curl,58571201-Kettlebell-Biceps-Curl_Upper-Arms_.mp4,69331201-Kettlebell-Biceps-Curl-(female)_Upper-Arms_.mp4
Kettlebell Deadlift,96091201-Kettlebell-Deadlift-(male)_Hips_.mp4,39021201-Kettlebell-deadlift-(female)_Hips.mp4
Kettlebell Front Raise,58591201-Kettlebell-Front-Raise_Shoulders_.mp4,69321201-Kettlebell-Front-Raise-(female)_Shoulders_.mp4
Kettlebell Front Squat,05331201-Kettlebell-Front-Squat_Thighs_.mp4,26391201-Kettlebell-Front-Squat-(female)_thighs.mp4
Kettlebell Goblet Squat,05341201-Kettlebell-Goblet-Squat_thighs.mp4,23561201-Kettlebell-Goblet-Squat-(female)_Thighs_.mp4
Kettlebell One Arm Clean And Jerk,05371201-Kettlebell-One-Arm-Clean-and-Jerk_Shoulders_.mp4,81081201-Kettlebell-One-Arm-Clean-and-Jerk-(female)_Shoulde.mp4
Kettlebell Seesaw Press,05471201-Kettlebell-Seesaw-Press_Shoulders.mp4,72831201-Kettlebell-Seesaw-Press-(female)_Shoulders_.mp4
Kettlebell Standing Calf Raise,58541201-Kettlebell-Standing-Calf-Raise_Calves_.mp4,66971201-Kettlebell-Standing-Calf-Raise-(female)_Calves_.mp4
Kettlebell Windmill,05541201-Kettlebell-Windmill_waist.mp4,45191201-Kettlebell-Windmill-(female)_Waist_.mp4
Kettlebell Wood Chop,80251201-Kettlebell-Wood-Chop-(male)_Waist_.mp4,80501201-Kettlebell-Wood-Chop-(female)_Waist_.mp4
Kicks Leg Bent,58101201-Kicks-Leg-Bent-(male)_Hips_.mp4,05571201-Kicks-Leg-Bent_Hips-FIX_.mp4
Knee Hug Glute Stretch,66731201-Knee-Hug-Glute-Stretch-(male)_Hips_.mp4,63901201-Knee-Hug-Glute-Stretch-(female)_Hips_.mp4
Knee Raise,42871201-Knee-Raise-(male)_Thighs.mp4,32521201-Knee-Raise-(female)_Thighs.mp4
Knee Raise Step Jack,57421201-Knee-Raise-Step-Jack-(male)_Plyometrics_.mp4,58061201-Knee-Raise-Step-Jack-(female)_Plyometrics_.mp4
Knee Tap Sky Reach,83931201-Knee-Tap-Sky-Reach-(male)_Plyometrics_.mp4,80381201-Knee-Tap-Sky-Reach-(female)_Plyometrics_.mp4
Kneeling Hip Flexor Stretch,10531201-Kneeling-Hip-Flexor-Stretch_Hips_.mp4,72531201-Kneeling-Hip-Flexor-Stretch-(female)_Hips_.mp4
Kneeling Leg Half Circle,46931201-Kneeling-Leg-Half-Circle-(male)_Hips.mp4,48141201-Kneeling-Leg-Half-Circle-(female)_Hips_.mp4
Kneeling Push Up To Hovering Table Top,89731201-Kneeling-Push-Up-to-Hovering-Table-Top-(male)_Ches.mp4,87631201-Kneeling-Push-Up-to-Hovering-Table-Top-(female)_Ch.mp4
Kneeling Scapular Push Up,41171201-Kneeling-Scapular-Push-Up-(male)_Back_.mp4,97601201-Kneeling-Scapular-Push-Up-(female)_Back_.mp4
Kneeling Shoulder Tap,45061201-Kneeling-Shoulder-Tap_Chest.mp4,46611201-Kneeling-Shoulder-Tap-(female)_Waist.mp4
Kneeling Shoulder Tap Push Up,64981201-Kneeling-Shoulder-Tap-Push-Up-(male)_Chest_.mp4,46581201-Kneeling-Shoulder-Tap-Push-up-(female)_Plyometrics.mp4
Kneeling Side Leg To Kick,46911201-Kneeling-Side-Leg-to-Kick-(male)_Hips.mp4,48131201-Kneeling-Side-Leg-to-Kick-(female)_Hips_.mp4
Kneeling Single Hamstring Curl,89341201-Kneeling-Single-Hamstring-Curl-(male)_Thighs_.mp4,67481201-Kneeling-Single-Hamstring-Curl-(female)_Thighs_.mp4
Kneeling Single Kickback Fire Hydrant,73751201-Kneeling-Single-Kickback-Fire-Hydrant-(male)_Hips_.mp4,65671201-Kneeling-Single-Kickback-Fire-Hydrant-(female)_Hip.mp4
Kneeling Torso Rotation Chest And Shoulder Stretch,89891201-Kneeling-Torso-Rotation-Chest-and-Shoulder-Stretch.mp4,87341201-Kneeling-Torso-Rotation-Chest-and-Shoulder-Stretch.mp4
Knees And Toes Point Out Squat Slide Wall,89551201-Knees-and-Toes-Point-Out-Squat-Slide-Wall-(male)_H.mp4,87711201-Knees-and-Toes-Point-Out-Squat-Slide-Wall-(female).mp4
Landmine 180,05621201-Landmine-180_waist.mp4,36051201-Landmine-180-(female)_waist.mp4
Landmine Half Kneeling Shoulders Press,96951201-Landmine-Half-Kneeling-Shoulders-Press_Shoulders_.mp4,107671201-Landmine-Half-Kneeling-Shoulders-Press-(female)_S.mp4
Landmine Kneeling One Arm Shoulder Press,35251201-Landmine-Kneeling-One-Arm-Shoulder-Press_Shoulders.mp4,107681201-Landmine-Kneeling-One-Arm-Shoulder-Press-(female).mp4
Landmine Standing Side Bend,80221201-Landmine-Standing-Side-Bend-(male)_Waist_.mp4,80461201-Landmine-Standing-Side-Bend-(female)_Waist_.mp4
Lateral Shuffle Crunches,78271201-Lateral-Shuffle-Crunches-(male)_Plyometrics_.mp4,59621201-Lateral-Shuffle-Crunches-(female)_Plyometrics_.mp4
Lateral Shuffle Squat Tap,56731201-Lateral-Shuffle-Squat-Tap-(Male)_Plyometrics_.mp4,69081201-Lateral-Shuffle-Squat-Tap-(female)_Plyometrics_.mp4
Lateral Tap In Squat Position,56111201-Lateral-Tap-in-Squat-Position-(Male)_Plyometrics_.mp4,73581201-Lateral-Tap-in-Squat-Position-(female)_Plyometrics.mp4
Leaning Forward Side Lunge,96621201-Leaning-Forward-Side-Lunge-(male)_Hips_.mp4,90781201-Leaning-Forward-Side-Lunge-(female)_Hips_.mp4
Leg Front Kick,46161201-Leg-Front-Kick_Waist.mp4,50821201-Leg-Front-Kick-(female)_Waist_.mp4
Leg Front Lift Jack,55871201-Leg-Front-Lift-Jack-(Male)_Plyometrics_.mp4,57121201-Leg-Front-Lift-Jack-(female)_Plyometrics_.mp4
Leg Over Knee Glute Bridge,46901201-Leg-Over-Knee-Glute-Bridge-(male)_Hips.mp4,46701201-Leg-Over-Knee-Glute-Bridge-(female)_Hips.mp4
Leg Raise Hip Lift,72841201-Leg-Raise-Hip-Lift-(male)_Waist_.mp4,18521201-Leg-Raise-Hip-Lift_Waist.mp4
Lever Ab Coaster Crunch,73821201-Lever-Ab-Coaster-Crunch-(male)_Waist_.mp4,55831201-Lever-Ab-Coaster-Crunch-(female)_Waist_.mp4
Lever Angled Leg Press,83751201-Lever-Angled-Leg-Press-(male)_Thighs_.mp4,88151201-Lever-Angled-Leg-Press-(female)_Thighs_.mp4
Lever Back Extension,05731201-Lever-Back-Extension_Waist.mp4,36071201-Lever-Back-Extension-(female)_Waist.mp4
Lever Bent Over Row (Plate Loaded),05741201-Lever-Bent-over-Row-(plate-loaded)_Back.mp4,30971201-Lever-Bent-over-Row-(plate-loaded)-(female)_Back_.mp4
Lever Biceps Curl,43361201-Lever-Biceps-Curl_Upper-Arms_.mp4,74101201-Lever-Biceps-Curl-(female)_Upper-Arms_.mp4
Lever Chest Press,05771201-Lever-Chest-Press_Chest-FIX_.mp4,24571201-Lever-Chest-Press-(female)_Chest_.mp4
Lever Chest Press (Plate Loaded),05761201-Lever-Chest-Press-(plate-loaded)_Chest-FIX_.mp4,24561201-Lever-Chest-Press-(plate-loaded)-(female)_Chest.mp4
Lever Deadlift (Plate Loaded),05781201-Lever-Deadlift-(plate-loaded)_Thighs.mp4,30991201-Lever-Deadlift-(plate-loaded)-(female)_Hips_.mp4
Lever Decline Chest Press,13001201-Lever-Decline-Chest-Press_Chest-FIX_.mp4,107171201-Lever-Decline-Chest-Press-(female)_Chest_.mp4
Lever Front Pulldown,05791201-Lever-Front-Pulldown_Back.mp4,70711201-Lever-Front-Pulldown-(female)_Back_.mp4
Lever Glute Abductors Press,66161201-Lever-Glute-Abductors-Press-(male)_Hips_.mp4,66171201-Lever-Glute-Abductors-Press-(female)_Hips_.mp4
Lever High Row (Plate Loaded),05811201-Lever-High-Row-(plate-loaded)_Back.mp4,31001201-Lever-High-Row-(plate-loaded)-(female)_Back_.mp4
Lever Hip Extension (Version 2),22861201-Lever-Hip-Extension-(VERSION-2)_Hips_.mp4,96881201-Lever-Hip-Extension-(VERSION-2)-(female)_Hips_.mp4
Lever Hip Thrust (Plate Loaded),73841201-Lever-Hip-Thrust-(plate-loaded)-(male)_Hips_.mp4,35491201-Lever-Hip-Thrust-(plate-loaded)-(female)_Hips_.mp4
Lever Incline Hammer Chest Press,11951201-Lever-Incline-Hammer-Chest-Press_Chest.mp4,36081201-Lever-Incline-Hammer-Chest-Press-(female)_Chest.mp4
Lever Kneeling Leg Curl (Plate Loaded),05821201-Lever-Kneeling-Leg-Curl-(plate-loaded)_Thighs.mp4,36091201-Lever-Kneeling-Leg-Curl-(plate-loaded)-(female)_Thighs.mp4
Lever Lateral Raise,05841201-Lever-Lateral-Raise_shoulder.mp4,36291201-Lever-Lateral-Raise-(female)_Shoulder.mp4
Lever Leg Extension,05851201-Lever-Leg-Extension_Thighs.mp4,22561201-Lever-Leg-Extension-(female)_Thighs.mp4
Lever Lying Chest Press (Plate Loaded),10411201-Lever-Lying-Chest-Press-(plate-loaded)_Chest-FIX_.mp4,36101201-Lever-Lying-Chest-Press-(plate-loaded)-(female)_Chest.mp4
Lever Lying Leg Curl,05861201-Lever-Lying-Leg-Curl_Thighs-FIX_.mp4,22231201-Lever-Lying-Leg-Curl-(female)_Thighs.mp4
Lever Military Press (Plate Loaded),05871201-Lever-Military-Press-(plate-loaded)_shoulder.mp4,31011201-Lever-Military-Press-(plate-loaded)-(female)_shoulder.mp4
Lever Pec Deck Fly,10301201-Lever-Pec-Deck-Fly_Chest_.mp4,24271201-Lever-Pec-Deck-Fly-(female)_Chest.mp4
Lever Reverse Hyperextension (Plate Loaded),05931201-Lever-Reverse-Hyperextension-(plate-loaded)_Hips.mp4,31771201-Lever-Reverse-Hyperextension-(plate-loaded)-(female)_Hips.mp4
Lever Reverse Vertical Hack Squat,55161201-Lever-Reverse-Vertical-Hack-Squat_Hips_.mp4,57841201-Lever-Reverse-Vertical-Hack-Squat-(female)_Hips_.mp4
Lever Rotary Calf,23151201-Lever-Rotary-Calf_Calves.mp4,31051201-Lever-Rotary-Calf-(female)_Calves_.mp4
Lever Seated Calf Press,23351201-Lever-Seated-Calf-Press_Calves.mp4,25581201-Lever-Seated-Calf-Press-(female)_Calves_.mp4
Lever Seated Calf Raise (Plate Loaded),05941201-Lever-Seated-Calf-Raise-(plate-loaded).mp4,31061201-Lever-Seated-Calf-Raise-(plate-loaded)-(female)_Calves.mp4
Lever Seated Crunch (Chest Pad),05951201-Lever-Seated-Crunch-(chest-pad).mp4,37531201-Lever-Seated-Crunch-(chest-pad)-(female)_Waist.mp4
Lever Seated Fly,05961201-Lever-Seated-Fly_Chest-FIX_.mp4,22551201-Lever-Seated-Fly-(female)_Chest_.mp4
Lever Seated Hip Abduction,05971201-Lever-Seated-Hip-Abduction_Hips-FIX_.mp4,36111201-Lever-Seated-Hip-Abduction-(female)_Hips.mp4
Lever Seated Hip Abduction (Version 2),18691201-Lever-Seated-Hip-Abduction-(Version-2)_Hips_.mp4,25531201-Lever-Seated-Hip-Abduction-(VERSION-2)-(female)_Hips_.mp4
Lever Seated Hip Adduction,05981201-Lever-Seated-Hip-Adduction_Thighs.mp4,36121201-Lever-Seated-Hip-Adduction-(female)_Thighs.mp4
Lever Seated Hip Adduction (Version 2),18671201-Lever-Seated-Hip-Adduction-(Version-2)_Hips_.mp4,25521201-Lever-Seated-Hip-Adduction-(VERSION-2)-(female)_Hips_.mp4
Lever Seated Leg Curl,05991201-Lever-Seated-Leg-Curl_Thighs-FIX_.mp4,22571201-Lever-Seated-Leg-Curl-(female)_Thighs.mp4
Lever Seated Leg Raise Crunch (Plate Loaded),06001201-Lever-Seated-Leg-Raise-Crunch-(plate-loaded)_Waist.mp4,36471201-Lever-Seated-Leg-Raise-Crunch-(plate-loaded)-(female)_Waist.mp4
Lever Seated Reverse Fly,06021201-Lever-Seated-Reverse-Fly_Shoulders.mp4,28221201-Lever-Seated-Reverse-Fly-(female)_Shoulders.mp4
Lever Seated Single Leg Press (Version 2),71071201-Lever-Seated-Single-Leg-Press-(VERSION-2)_Thighs_.mp4,97311201-Lever-Seated-Single-Leg-Press-(VERSION-2)-(female).mp4
Lever Shrug (Plate Loaded),06041201-Lever-Shrug-(plate-loaded)_Back.mp4,31071201-Lever-Shrug-(plate-loaded)-(female)_Back.mp4
Lever Side Hip Abduction,10341201-Lever-Side-Hip-Abduction_Hips_.mp4,27591201-Lever-Side-Hip-Abduction-(female)_Hips_.mp4
Lever Squat (Plate Loaded),87151201-Lever-Squat-(plate-loaded)-(male)_Thighs_.mp4,57881201-Lever-Squat-(plate-loaded)-(female)_Thighs_.mp4
Lever Standing Calf Raise,06051201-Lever-Standing-Calf-Raise_Calf-FIX_.mp4,22111201-Lever-Standing-Calf-Raise-(female)_Calves.mp4
Lever Standing Hip Extension,10311201-Lever-Standing-Hip-Extension_Hips.mp4,36491201-Lever-Standing-Hip-Extension-(female)_Hips.mp4
Lever Standing Rear Kick,10371201-Lever-Standing-Rear-Kick_Hips.mp4,36131201-Lever-Standing-Rear-Kick-(female)_Hips.mp4
Lever Step (Version 2),55251201-Lever-Step-(VERSION-2)_Cardio_.mp4,57471201-Lever-Step-(female)-(VERSION-2)_Cardio_.mp4
Lever T Bar Row (Plate Loaded),06061201-Lever-T-bar-Row-(plate-loaded)_Back.mp4,28851201-Lever-T-bar-Row-(plate-loaded)-(female)_Back.mp4
Lever Triceps Extension,06071201-Lever-Triceps-Extension_Upper-Arms.mp4,36141201-Lever-Triceps-Extension-(female)_Upper-Arms.mp4
Lizard Pose,65181201-Lizard-Pose-(male)_Stretching_.mp4,58921201-Lizard-Pose-(female)_Stretching_.mp4
Low Lunge To Hamstring Stretch,89701201-Low-Lunge-to-Hamstring-Stretch-(male)_Stretching_.mp4,77681201-Low-Lunge-to-Hamstring-Stretch-(female)_Stretching.mp4
Low To High Lunge Pose,96701201-Low-to-High-Lunge-Pose-(male)_Stretching_.mp4,79691201-Low-to-High-Lunge-Pose-(female)_Stretching_.mp4
Lunge Stretch,55951201-Lunge-Stretch-(male)_Thighs-FIX_.mp4,49301201-Lunge-Stretch-(female)_Thighs_.mp4
Lying (Prone) Abdominal Stretch,11681201-Lying-(prone)-Abdominal-Stretch-(male)_Waist_.mp4,10551201-Lying-(prone)-Abdominal-Stretch-(female)_Waist_.mp4
Lying Alternate Hip Extension,58111201-Lying-Alternate-Hip-Extension-(male)_Hips_.mp4,06141201-Lying-Alternate-Hip-Extension_Hips.mp4
Lying Alternating Legs Extension,96601201-Lying-Alternating-Legs-Extension-(male)_Thighs_.mp4,95221201-Lying-Alternating-Legs-Extension-(female)_Thighs_.mp4
Lying Arm Crossover,82921201-Lying-Arm-Crossover-(male)_Chest_.mp4,90321201-Lying-Arm-Crossover-(female)_Chest_.mp4
Lying Arms Slide,90121201-Lying-Arms-Slide-(male)_Shoulders_.mp4,82281201-Lying-Arms-Slide-(female)_Shoulders_.mp4
Lying Crossed Legs Twist,96591201-Lying-Crossed-Legs-Twist-(male)_Waist_.mp4,79191201-Lying-Crossed-Legs-Twist-(female)_Waist_.mp4
Lying Crossover Stretch,93601201-Lying-Crossover-Stretch-(male)_Hips_.mp4,06151201-Lying-Crossover-Stretch-(female)_Hips_.mp4
Lying Double Leg Kick,64931201-Lying-Double-Leg-Kick-(male)_Pilates_.mp4,28511201-Lying-Double-Leg-Kick-(female)_Pilates_.mp4
Lying Elbow To Knee,23121201-Lying-Elbow-to-Knee_Waist.mp4,70831201-Lying-Elbow-to-Knee-(female)_Waist_.mp4
Lying Flat Hip Raise,73781201-Lying-Flat-Hip-Raise-(male)_Waist_.mp4,48861201-Lying-Flat-Hip-Raise-(female)_Waist_.mp4
Lying Frog Crunch Feet Together,89761201-Lying-Frog-Crunch-Feet-Together-(male)_Waist_.mp4,62841201-Lying-Frog-Crunch-Feet-Together-(female)_Waist_.mp4
Lying Hip Internal Rotation,89771201-Lying-Hip-Internal-Rotation-(male)_Stretching_.mp4,81511201-Lying-Hip-Internal-Rotation-(female)_Stretching_.mp4
Lying Hip Lift (On Stability Ball),10651201-Lying-Hip-Lift-(on-stability-ball)-(male)_Hips_.mp4,06181201-Lying-Hip-Lift-(on-stability-ball)_Hips-FIX_.mp4
Lying Leg Abduction,65881201-Lying-Leg-Abduction-(male)_Hips_.mp4,58721201-Lying-Leg-Abduction-(female)_Hips_.mp4
Lying Leg Hip Raise,08651201-Lying-leg-hip-raise_Waist.mp4,24471201-Lying-leg-hip-raise-(female)_Waist_.mp4
Lying Leg Raise,11631201-Lying-Leg-Raise_Waist-FIX_.mp4,32621201-Lying-Leg-raise-(female)_Hips.mp4
Lying Leg Raise And Hold,12451201-Lying-Leg-Raise-and-Hold_Hips.mp4,71181201-Lying-Leg-Raise-and-Hold-(female)_Hips_.mp4
Lying Legs Extension Abduction,96581201-Lying-Legs-Extension-Abduction-(male)_Hips_.mp4,95211201-Lying-Legs-Extension-Abduction-(female)_Hips_.mp4
Lying Legs Extension Toes Flexion,96571201-Lying-Legs-Extension-Toes-Flexion-(male)_Thighs_.mp4,95201201-Lying-Legs-Extension-Toes-Flexion-(female)_Thighs_.mp4
Lying Raised Shoulders Windshield Wiper,77761201-Lying-Raised-Shoulders-Windshield-Wiper-(male)_Wai.mp4,78091201-Lying-Raised-Shoulders-Windshield-Wiper-(female)_W.mp4
Lying Rest Pose (Side Pov),90171201-Lying-Rest-Pose-(side-POV)-(male)_Cardio_.mp4,90211201-Lying-Rest-Pose-(side-POV)-(female)_Cardio_.mp4
Lying Side Reverse Crunch,73761201-Lying-Side-Reverse-Crunch-(male)_Waist_.mp4,52591201-Lying-Side-Reverse-Crunch-(female)_Waist_.mp4
Lying Single Leg Extension,96631201-Lying-Single-Leg-Extension-(male)_Thighs_.mp4,95251201-Lying-Single-Leg-Extension-(female)_Thighs_.mp4
Lying Split Abductor,96521201-Lying-Split-Abductor-(male)_Hips_.mp4,62801201-Lying-Split-Abductor-(female)_Hips_.mp4
Lying Upper Body Superman Row,96681201-Lying-Upper-Body-Superman-Row-(male)_Back_.mp4,95491201-Lying-Upper-Body-Superman-Row-(female)_Back_.mp4
Lying Vertical Scissors On Floor,55081201-Lying-Vertical-Scissors-on-Floor_Hips_.mp4,64301201-Lying-Vertical-Scissors-on-Floor-(female)_Hips_.mp4
Marching Kick On Spot (Front Pov),96411201-Marching-Kick-On-Spot-(front-POV)-(male)_Cardio_.mp4,84001201-Marching-Kick-On-Spot-(front-POV)-(female)_Cardio_.mp4
Marching On Spot,44201201-Marching-On-Spot_Cardio.mp4,56901201-Marching-On-Spot-(female)_Cardio_.mp4
Marching On Spot Press,55331201-Marching-on-Spot-Press_Plyometrics_.mp4,56001201-Marching-on-Spot-Press-(female)_Plyometrics_.mp4
Middle Back Stretch,42881201-Middle-Back-Stretch-(male)_Waist-FIX_.mp4,06261201-Middle-Back-Stretch_Waist.mp4
Mountain Climber,06301201-Mountain-Climber_Cardio-FIX_.mp4,46451201-Mountain-Climber-(female)_Cardio.mp4
Mountain Climber And Dynamic Plank,72501201-Mountain-Climber-and-Dynamic-Plank-(male)_Plyometr.mp4,68971201-Mountain-Climber-and-Dynamic-Plank-(female)_Waist_.mp4
Mountain Climber Lunge,58411201-Mountain-Climber-Lunge-(male)_Hips_.mp4,06291201-Mountain-Climber-Lunge-(female)_Plyometrics_.mp4
Mountain Climber Walk,47051201-Mountain-Climber-Walk_Plyometrics_.mp4,51161201-Mountain-Climber-Walk-(female)_Plyometrics_.mp4
Narrow Lunge With Wall Supported,89881201-Narrow-Lunge-with-Wall-Supported-(male)_Thighs_.mp4,87541201-Narrow-Lunge-with-Wall-Supported-(female)_Thighs_.mp4
Negative Biceps Leg Concentration Curl,68531201-Negative-Biceps-Leg-Concentration-Curl_Upper-Arms_.mp4,80841201-Negative-Biceps-Leg-Concentration-Curl-(female)_Up.mp4
Oblique V Up On Floor,35151201-Oblique-V-up-on-Floor_Waist_.mp4,57791201-Oblique-V-up-on-Floor-(female)_Waist_.mp4
Olympic Barbell Hammer Curl,06361201-Olympic-Barbell-Hammer-Curl_Forearms.mp4,70661201-Olympic-Barbell-Hammer-Curl-(female)_Forearms_.mp4
Opposite Arm And Leg Raise Against Wall,72161201-Opposite-Arm-and-Leg-Raise-against-Wall-(male)_Hips_.mp4,86381201-Opposite-Arm-and-Leg-Raise-against-Wall-(female)_H.mp4
Otis Up,06411201-Otis-Up_waist.mp4,38371201-Otis-Up-(female)_waist.mp4
Overhead Knee Raise,87841201-Overhead-Knee-Raise-(male)_Plyometrics_.mp4,81751201-Overhead-Knee-Raise-(female)_Plyometrics_.mp4
Overhead Triceps Stretch,06431201-Overhead-Triceps-Stretch_Upper-Arms.mp4,56941201-Overhead-Triceps-Stretch-(female)_Upper-Arms_.mp4
Pendulum Leg Plus,57911201-Pendulum-Leg-Plus-(male)_Plyometrics_.mp4,86371201-Pendulum-Leg-Plus-(female)_Plyometrics_.mp4
Plank From Knees,96691201-Plank-from-Knees-(male)_Waist_.mp4,95271201-Plank-from-Knees-(female)_Waist_.mp4
Plank Jack,39301201-Plank-Jack_Waist-FIX_.mp4,46421201-Plank-Jack-(female)_Waist.mp4
Plank Row,89501201-Plank-Row-(male)_Waist_.mp4,80581201-Plank-Row-(female)_Waist_.mp4
Plyo Side Lunge Stretch,46751201-Plyo-Side-Lunge-Stretch-(male)_Thighs.mp4,06461201-Plyo-Side-Lunge-Stretch-(female)_Thighs.mp4
Power Sled Push,44281201-Power-Sled-Push-(male).mp4,25241201-Power-Sled-Push-(female)_Thighs.mp4
Prayer Push Hold,73661201-Prayer-Push-Hold-(male)_Chest_.mp4,70521201-Prayer-Push-Hold-(female)_Chest_.mp4
Pull In (On Stability Ball),06501201-Pull-In-(on-stability-ball)_waist.mp4,60301201-Pull-In-(on-stability-ball)-(female)_Waist_.mp4
Pull Up (Negative),73851201-Pull-up-(negative)-(male)_Back_.mp4,47741201-Pull-up-(negative)-(female)_Back_.mp4
Pulsing Prayer Push,97081201-Pulsing-Prayer-Push-(male)_Chest_.mp4,59951201-Pulsing-Prayer-Push-(female)_Chest_.mp4
Puppy Pose,67261201-Puppy-Pose-(male)_Stretching_.mp4,58971201-Puppy-Pose-(female)_Stretching_.mp4
Push Up (Bosu Ball),06531201-Push-up-(bosu-ball)_Chest_.mp4,80971201-Push-up-(bosu-ball)-(female)_Chest_.mp4
Push Up (Wall),06591201-Push-up-(wall)_Chest_.mp4,26141201-Push-up-(wall)-(female)_Chest_.mp4
Push Up To Side Plank,06641201-Push-Up-to-Side-Plank_Chest_.mp4,71731201-Push-Up-to-Side-Plank-(female)_Chest_.mp4
Quadriceps Lying Stretch,42991201-Quadriceps-lying-stretch-(male)_Thighs.mp4,09391201-Quadriceps-lying-stretch-(female)_Thighs.mp4
Quadriceps Stretch,43001201-Quadriceps-stretch-(male)_Thighs.mp4,09401201-Quadriceps-Stretch-(female)_Thighs.mp4
Rear Deltoid Stretch,06691201-Rear-Deltoid-Stretch_Shoulders.mp4,43011201-Rear-Deltoid-Stretch-(female)_Shoulders-FIX_.mp4
Rear Fly Stepback,55311201-Rear-Fly-Stepback_Plyometrics_.mp4,55961201-Rear-Fly-Stepback-(female)_Plyometrics_.mp4
Resistance Band Drag Curl,83271201-Resistance-Band-Drag-Curl-(male)_Upper-Arms_.mp4,91391201-Resistance-Band-Drag-Curl-(female)_Upper-Arms_.mp4
Resistance Band Hip Thrusts On Knees,72771201-Resistance-Band-Hip-Thrusts-on-Knees-(male)_Hips_.mp4,32361201-Resistance-Band-Hip-Thrusts-on-Knees-(Female)_Hips.mp4
Resistance Band Horizontal Pallof Press,42401201-Resistance-Band-Horizontal-Pallof-Press_Waist_.mp4,80441201-Resistance-Band-Horizontal-Pallof-Press-(female)_W.mp4
Resistance Band Lateral Walk,66071201-Resistance-Band-Lateral-Walk-(male)_Hips_.mp4,24601201-Resistance-Band-Lateral-Walk-(female)_Hips_.mp4
Resistance Band Leg Kickback,72811201-Resistance-Band-Leg-Kickback-(male)_Hips_.mp4,21561201-Resistance-Band-Leg-Kickback_Hips_.mp4
Resistance Band Pull Apart,45681201-Resistance-Band-Pull-Apart_Shoulders_.mp4,97571201-Resistance-Band-Pull-Apart-(female)_Shoulders_.mp4
Resistance Band Push Up,45711201-Resistance-Band-Push-Up_Chest.mp4,80891201-Resistance-Band-Push-Up-(female)_Chest_.mp4
Resistance Band Seated Row,83561201-Resistance-Band-Seated-Row-(male)_Back_.mp4,79981201-Resistance-Band-Seated-Row-(female)_Back_.mp4
Resistance Band Seated Shoulder Stretch Behind The,89861201-Resistance-Band-Seated-Shoulder-Stretch-Behind-the.mp4,87351201-Resistance-Band-Seated-Shoulder-Stretch-Behind-the.mp4
Resistance Band Squat Step Out,80821201-Resistance-Band-Squat-Step-Out-(male)_Hips_.mp4,72031201-Resistance-Band-Squat-Step-Out-(female)_Hips_.mp4
Resistance Band Standing Balance Glute Kickback (V,80911201-Resistance-Band-Standing-Balance-Glute-Kickback-(V.mp4,72041201-Resistance-Band-Standing-Balance-Glute-Kickback-(V.mp4
Resistance Band Standing Chest Press,86061201-Resistance-Band-Standing-Chest-Press-(male)_Chest_.mp4,91431201-Resistance-Band-Standing-Chest-Press-(female)_Ches.mp4
Resistance Band Standing Shoulder Extrernal Rotati,83611201-Resistance-Band-Standing-Shoulder-Extrernal-Rotati.mp4,97581201-Resistance-Band-Standing-Shoulder-Extrernal-Rotati.mp4
Resistance Band Standing Shoulder Internal Rotatio,83601201-Resistance-Band-Standing-Shoulder-Internal-Rotatio.mp4,91951201-Resistance-Band-Standing-Shoulder-Internal-Rotatio.mp4
Resistance Band Standing Wood Chopper,80211201-Resistance-Band-Standing-Wood-Chopper-(male)_Waist.mp4,80451201-Resistance-Band-Standing-Wood-Chopper-(female)_Wai.mp4
Resistance Band Triceps Pushdown,46881201-Resistance-Band-Triceps-Pushdown_Upper-Arms_.mp4,52681201-Resistance-Band-Triceps-Pushdown-(female)_Upper-Ar.mp4
Reverse Crunch Leg Drop,73901201-Reverse-Crunch-Leg-Drop-(male)_Waist_.mp4,82321201-Reverse-Crunch-Leg-Drop-(female)_Waist_.mp4
Reverse Dip,06721201-Reverse-Dip_Upper-Arms.mp4,43021201-Reverse-Dip-(female)_Upper-Arms.mp4
Reverse Grip Machine Lat Pulldown,06731201-reverse-grip-machine-lat-pulldown_Back.mp4,36151201-Reverse-Grip-Machine-Lat-Pulldown-(female)_Back.mp4
Reverse Grip Pull Up,06741201-Reverse-grip-Pull-up_Back-FIX_.mp4,38951201-Reverse-grip-Pull-up-(female)_Back.mp4
Reverse Lunge Forward Lunge,74581201-Reverse-Lunge-Forward-Lunge-(male)_Thighs-FIX_.mp4,80921201-Reverse-Lunge-Forward-Lunge-(female)_Thighs_.mp4
Reverse Plank,08671201-Reverse-plank_Back.mp4,54541201-Reverse-Plank-(female)_Waist_.mp4
Roll Foot,53981201-Roll-Foot_Feet_.mp4,54421201-Roll-Foot-(female)_Feet_.mp4
Rowing (With Rowing Machine),11611201-Rowing-(with-rowing-machine)_Cardio.mp4,22621201-Rowing-(with-rowing-machine)-(female)_Cardio.mp4
Run,06851201-Run_Cardio.mp4,21961201-Run-(female)_Cardio.mp4
Russian Twist,06871201-Russian-Twist_waist.mp4,25381201-Russian-Twist-(female)_waist.mp4
Russian Twist Chop,73771201-Russian-Twist-Chop-(male)_Waist_.mp4,59381201-Russian-Twist-Chop-(female)_Waist_.mp4
Scorpion Stretch,46311201-Scorpion-Stretch_Stretching.mp4,87731201-Scorpion-Stretch-(female)_Stretching_.mp4
Seated Alternate Shoulders Circle,89431201-Seated-Alternate-Shoulders-Circle-(male)_Shoulders.mp4,87321201-Seated-Alternate-Shoulders-Circle-(female)_Shoulde.mp4
Seated Back Press,89381201-Seated-Back-Press-(male)_Back_.mp4,87271201-Seated-Back-Press-(female)_Back_.mp4
Seated Fist Pulse,89421201-Seated-Fist-Pulse-(male)_Forearms_.mp4,87311201-Seated-Fist-Pulse-(female)_Forearms_.mp4
Seated In Out Leg Raise On Floor,35091201-Seated-In-Out-Leg-Raise-on-Floor_Waist.mp4,42741201-Seated-In-Out-Leg-Raise-on-Floor-(female)_Waist.mp4
Seated Lower Back Stretch,06901201-Seated-Lower-Back-Stretch_Back.mp4,43051201-Seated-Lower-Back-Stretch-(female)_Back.mp4
Seated Open Wings,89391201-Seated-Open-Wings-(male)_Back_.mp4,87281201-Seated-Open-Wings-(female)_Back_.mp4
Seated Overhead Reach Press,89401201-Seated-Overhead-Reach-Press-(male)_Back_.mp4,87291201-Seated-Overhead-Reach-Press-(female)_Back_.mp4
Seated Shoulder Circle,89371201-Seated-Shoulder-Circle-(male)_Back_.mp4,87261201-Seated-Shoulder-Circle-(female)_Back_.mp4
Seated Shoulder Waves,89361201-Seated-Shoulder-Waves-(male)_Shoulders_.mp4,87251201-Seated-Shoulder-Waves-(female)_Shoulders_.mp4
Seated Single Leg Raise,89461201-Seated-Single-Leg-Raise-(male)_Hips_.mp4,87521201-Seated-Single-Leg-Raise-(female)_Hips_.mp4
Seated Stick Pass Around Stretch,89451201-Seated-Stick-Pass-Around-Stretch-(male)_Shoulders_.mp4,87371201-Seated-Stick-Pass-Around-Stretch-(female)_Shoulder.mp4
Seated Twist (Straight Arm),43071201-Seated-Twist-(Straight-Arm)-(male)_Waist.mp4,06951201-Seated-Twist-(straight-arm)_Waist.mp4
Shin Box Switch,46081201-Shin-Box-Switch_Stretching.mp4,106821201-Shin-Box-Switch-(female)_Stretching_.mp4
Shoulder Rotation Twist Split Lunge Stretch,56401201-Shoulder-Rotation-Twist-Split-Lunge-Stretch-(male).mp4,56181201-Shoulder-Rotation-Twist-Split-Lunge-Stretch-(female)_Hips_.mp4
Shoulder Tap Push Up,06991201-Shoulder-Tap-Push-up_Plyometrics-FIX_.mp4,38191201-Shoulder-Tap-Push-up-(female)_Chest-FIX_.mp4
Shrimp Squat,58291201-Shrimp-Squat-(male)_Thighs_.mp4,33661201-Shrimp-Squat-(female)_Thighs_.mp4
Shuffle Hops,55121201-Shuffle Hops_Hips_.mp4,66741201-Shuffle Hops-(female)_Hips_.mp4
Side Bend Arms Above,66501201-Side-Bend-Arms-Above-(male)_Waist_.mp4,63821201-Side-Bend-Arms-Above-(female)_Waist_.mp4
Side Bend Plank,65041201-Side-Bend-Plank-(male)_Waist_.mp4,80931201-Side-Bend-Plank-(female)_Waist_.mp4
Side Camel,89511201-Side-Camel-(male)_Stretching_.mp4,87361201-Side-Camel-(female)_Stretching_.mp4
Side Hip Abduction,07101201-Side-Hip-Abduction_Hips_.mp4,57281201-Side-Hip-Abduction-(female)_Hips_.mp4
Side Lunge Stretch (Version 2),89711201-Side-Lunge-Stretch-(VERSION-2)-(male)_Stretching_.mp4,87761201-Side-Lunge-Stretch-(VERSION-2)_Stretching_.mp4
Side Lying Clam And Kick,66521201-Side-Lying-Clam-and-Kick-(male)_Hips_.mp4,58711201-Side-Lying-Clam-and-Kick-(female)_Hips_.mp4
Side Lying Heel And Knee Taps,65871201-Side-Lying-Heel-and-Knee-Taps-(male)_Hips_.mp4,65321201-Side-Lying-Heel-and-Knee-Taps-(female)_Hips_.mp4
Side Mountain Climber,56801201-Side-Mountain-Climber-(male)_Cardio_.mp4,48151201-Side-Mountain-Climber-(female)_Cardio_.mp4
Side Plank Raise,77531201-Side-Plank-Raise-(male)_Waist_.mp4,78291201-Side-Plank-Raise-(female)_Waist_.mp4
Side Shuffle Leg Side Lift,66691201-Side-Shuffle-Leg-Side-Lift-(male)_Plyometrics_.mp4,64821201-Side-Shuffle-Leg-Side-Lift-(female)_Plyometrics_.mp4
Side Squat,47891201-Side-Squat_Thighs_.mp4,74341201-Side-Squat-(female)_Thighs_.mp4
Side Squat Jack,78571201-Side-Squat-Jack-(male)_Plyometrics_.mp4,66771201-Side-Squat-Jack-(female)_Plyometrics_.mp4
Side Squat Touchdown,56431201-Side-Squat-Touchdown-(male)_Plyometrics_.mp4,56211201-Side-Squat-Touchdown-(female)_Plyometrics_.mp4
Side Step Boxing Handroll,55361201-Side-Step-Boxing-Handroll-(male)_Plyometrics_.mp4,57711201-Side-Step-Boxing-Handroll-(female)_Plyometrics_.mp4
Side Step Deep Squat,69241201-Side-Step-Deep-Squat-(male)_Plyometrics_.mp4,71681201-Side-Step-Deep-Squat-(female)_Plyometrics_.mp4
Side Step Diagonal Punches,77421201-Side-Step-Diagonal-Punches-(male)_Plyometrics_.mp4,61101201-Side-Step-Diagonal-Punches-(female)_Plyometrics_.mp4
Side Step Fly,55341201-Side-Step-Fly_Plyometrics_.mp4,56011201-Side-Step-Fly-(female)_Plyometrics_.mp4
Side Step Pulldown,98351201-Side-Step-Pulldown-(male)_Plyometrics_.mp4,97791201-Side-Step-Pulldown-(female)_Plyometrics_.mp4
Side Step Pushdown,98361201-Side-Step-Pushdown-(male)_Plyometrics_.mp4,97801201-Side-Step-Pushdown-(female)_Plyometrics_.mp4
Side Step Rainbow Arms,98371201-Side-Step-Rainbow-Arms-(male)_Plyometrics_.mp4,97811201-Side-Step-Rainbow-Arms-(female)_Plyometrics_.mp4
Side Step Reverse Fly,97711201-Side-Step-Reverse-Fly-(male)_Plyometrics_.mp4,98541201-Side-Step-Reverse-Fly-(female)_Plyometrics_.mp4
Side Step Row,86321201-Side-Step-Row-(male)_Plyometrics_.mp4,84551201-Side-Step-Row-(female)_Plyometrics_.mp4
Side Step Squat,105681201-Side-Step-Squat-(male)_Thighs_.mp4,63171201-Side-Step-Squat-(female)_Hips_.mp4
Side Step Swing,55601201-Side-Step-Swing_Plyometrics_.mp4,57701201-Side-Step-Swing-(female)_Plyometrics_.mp4
Side Step Walking,96781201-Side-Step-Walking-(male)_Plyometrics_.mp4,90551201-Side-Step-Walking-(female)_Plyometrics_.mp4
Side Swing Skater Stepback,83901201-Side-Swing-Skater-Stepback-(male)_Plyometrics_.mp4,80311201-Side-Swing-Skater-Stepback-(female)_Plyometrics_.mp4
Side To Side Hop,89161201-Side-to-Side-Hop-(male)_Plyometrics_.mp4,81861201-Side-to-Side-Hop-(female)_Plyometrics_.mp4
Side To Side Leg Swings,46301201-Side-to-Side-Leg-Swings-(male)_Hips.mp4,25741201-Side-to-Side-Leg-Swings-(female)_Hips.mp4
Side To Side Punches,81771201-Side-to-Side-Punches-(male)_Plyometrics_.mp4,84091201-Side-to-Side-Punches-(female)_Plyometrics_.mp4
Side To Side Squat,80811201-Side-to-Side-Squat-(male)_Thighs_.mp4,54441201-Side-to-Side-Squat-(female)_Thighs_.mp4
Side Up Squat,54671201-Side-Up-Squat_Plyometrics_.mp4,60881201-Side-Up-Squat-(female)_Plyometrics_.mp4
Side Wrist Pull Stretch,07211201-Side-Wrist-Pull-Stretch_Forearms.mp4,43081201-Side-Wrist-Pull-Stretch-(female)_Forearms.mp4
Silent Burpee,47041201-Silent-Burpee_Plyometrics_.mp4,50391201-Silent-Burpee-(female)_Plyometrics_.mp4
Single Leg Stretch (Bent Knee),43091201-Single-Leg-Stretch-(bent-knee)-(male)_Pilates-FIX_.mp4,28721201-Single-Leg-Stretch-(bent-knee)-(female)_Pilates.mp4
Single Straight Leg Glute Bridge Hold,64941201-Single-Straight-Leg-Glute-Bridge-Hold-(male)_Hips_.mp4,51981201-Single-Straight-Leg-Glute-Bridge-Hold-(female)_Hip.mp4
Single Straight Leg Stretch,43101201-Single-Straight--Leg-Stretch-(male)_Pilates.mp4,28671201-Single-Straight--Leg-Stretch-(female)_Pilates.mp4
Sit (Wall),07341201-Sit-(wall)_Thighs.mp4,66961201-Sit-(wall)-(female)_Thighs_.mp4
Sit Up Stand Up,55101201-Sit-up-Stand-up_Waist_.mp4,64331201-Sit-up-Stand-up-(female)_Waist_.mp4
Sitting Air Bike On A Chair,82051201-Sitting-Air-Bike-on-a-Chair-(male)_Waist_.mp4,69041201-Sitting-Air-Bike-on-a-Chair-(female)_Waist_.mp4
Sitting Alternating Quads Stretch,96831201-Sitting-Alternating-Quads-Stretch-(male)_Stretchin.mp4,94581201-Sitting-Alternating-Quads-Stretch-(female)_Stretch.mp4
Sitting Figure Four Rock,96721201-Sitting-Figure-Four-Rock-(male)_Stretching_.mp4,95311201-Sitting-Figure-Four-Rock-(female)_Stretching_.mp4
Sitting Jack On A Padded Stool,55611201-Sitting-Jack-on-a-padded-stool_Shoulders_.mp4,56471201-Sitting-Jack-on-a-padded-stool-(female)_Shoulders_.mp4
Sitting Lotus Rest Pose (Front Pov),90181201-Sitting-Lotus-Rest-Pose-(front-POV)-(male)_Cardio_.mp4,90221201-Sitting-Lotus-Rest-Pose-(front-POV)-(female)_Cardi.mp4
Sitting March On A Chair,72591201-Sitting-March-on-a-Chair-(male)_Plyometrics_.mp4,69071201-Sitting-March-on-a-Chair-(female)_Plyometrics_.mp4
Sitting Opposite Touch On A Chair,81961201-Sitting-Opposite-Touch-on-a-Chair-(male)_Waist_.mp4,76291201-Sitting-Opposite-Touch-on-a-Chair-(female)_Waist_.mp4
Sitting Rest Pose (Front Pov),90191201-Sitting-Rest-Pose-(front-POV)-(male)_Cardio_.mp4,90231201-Sitting-Rest-Pose-(front-POV)-(female)_Cardio_.mp4
Sitting Russian Twist On A Chair,82031201-Sitting-Russian-Twist-on-a-Chair-(male)_Hips_.mp4,76331201-Sitting-Russian-Twist-on-a-Chair-(female)_Hips_.mp4
Sitting Scapular Adduction,69131201-Sitting-Scapular-Adduction-(male)_Back_.mp4,66141201-Sitting-Scapular-Adduction-(female)_Back_.mp4
Sitting Scapular Adduction (Version 2),69141201-Sitting-Scapular-Adduction-(VERSION-2)-(male)_Back.mp4,66151201-Sitting-Scapular-Adduction-(VERSION-2)-(female)_Ba.mp4
Sitting Shoulder Press And Hip Abduction On A Padd,55581201-Sitting-Shoulder-Press-and-Hip-Abduction-on-a-padd.mp4,56551201-Sitting-Shoulder-Press-and-Hip-Abduction-on-a-padd.mp4
Sitting Shoulder Press Toe Touch On A Padded Stool,55661201-Sitting-Shoulder-Press-Toe-Touch-on-a-padded-stool.mp4,56531201-Sitting-Shoulder-Press-Toe-Touch-on-a-padded-stool.mp4
Sitting Side Bend On A Chair,81951201-Sitting-Side-Bend-on-a-chair_Waist_.mp4,91611201-Sitting-Side-Bend-on-a-Chair-(female)_Waist_.mp4
Sitting Side Crunch On A Padded Stool,55591201-Sitting-Side-Crunch-on-a-padded-stool_Waist_.mp4,56461201-Sitting-Side-Crunch-on-a-padded-stool-(female)_Wai.mp4
Sitting Side Step Row On Chair,72621201-Sitting-Side-Step-Row-on-Chair-(male)_Plyometrics_.mp4,91221201-Sitting-Side-Step-Row-on-Chair-(female)_Plyometric.mp4
Sitting Swimmer On A Chair,81971201-Sitting-Swimmer-on-a-Chair-(male)_Shoulders_.mp4,91601201-Sitting-Swimmer-on-a-Chair-(female)_Plyometrics_.mp4
Sitting Swimming Knee Raise On A Chair,82041201-Sitting-Swimming-Knee-Raise-on-a-Chair-(male)_Wais.mp4,69051201-Sitting-Swimming-Knee-Raise-on-a-Chair-(female)_Wa.mp4
Sitting Woodchopper On A Chair,81991201-Sitting-Woodchopper-on-a-Chair-(male)_Waist_.mp4,90961201-Sitting-Woodchopper-on-a-Chair-(female)_Waist_.mp4
Skater Hops,33611201-Skater-Hops-(male)_Plyometrics-FIX_.mp4,38201201-Skater-Hops-(female)_Plyometric.mp4
Ski Runners,55391201-Ski-Runners-(male)_Plyometrics_.mp4,55421201-Ski-Runners-(female)_Plyometrics_.mp4
Ski Runners (Version 2),87391201-Ski-Runners-(VERSION-2)-(male)_Plyometrics_.mp4,76571201-Ski-Runners-(VERSION-2)-(female)_Plyometrics_.mp4
Sled 45 Degrees Leg Press,07391201-Sled-45-degrees-Leg-Press_Hips-FIX_.mp4,22241201-Sled-45-degrees-Leg-Press-(female)_Thighs_.mp4
Sled Hack Squat,07431201-Sled-Hack-Squat_Hips.mp4,23841201-Sled-Hack-Squat-(female)_Thighs.mp4
Slopes Towards Stretch,43121201-Slopes-Towards-Stretch-(male)_Back.mp4,07451201-Slopes-Towards-Stretch-(female)_Back.mp4
Smith Back Shrug,07461201-Smith-Back-Shrug_Back.mp4,107091201-Smith-Back-Shrug-(female)_Back_.mp4
Smith Bench Press,07481201-Smith-Bench-Press_Chest-FIX_.mp4,70021201-Smith-Bench-Press-(female)_Chest_.mp4
Smith Bent Over Row (Version 2),07621201-Smith-Bent-Over-Row-(VERSION-2)_Back_.mp4,74201201-Smith-Bent-Over-Row-(VERSION-2)-(female)_Back_.mp4
Smith Calf Raise (Version 2),11641201-Smith-Calf-Raise-(version-2)_Calves-FIX_.mp4,57301201-Smith-Calf-Raise-(version-2)-(female)_Calves_.mp4
Smith Chair Squat,07501201-Smith-Chair-Squat_Thighs-FIX_.mp4,26171201-Smith-Chair-Squat-(female)_Thighs.mp4
Smith Close Grip Bench Press,07511201-Smith-Close-Grip-Bench-Press_Upper-Arms_.mp4,74001201-Smith-Close-Grip-Bench-Press-(female)_Upper-Arms_.mp4
Smith Deadlift,07521201-Smith-Deadlift_Hips-FIX_.mp4,36181201-Smith-Deadlift-(female)_Hips.mp4
Smith Decline Bench Press,07531201-Smith-Decline-Bench-Press_Chest-FIX_.mp4,74221201-Smith-Decline-Bench-Press-(female)_Chest_.mp4
Smith Hip Thrust,31101201-Smith-Hip-Thrust_Hips-FIX_.mp4,57611201-Smith-Hip-Thrust-(female)_Hips_.mp4
Smith Incline Bench Press,07571201-Smith-Incline-Bench-Press_Chest-FIX_.mp4,70031201-Smith-Incline-Bench-Press-(female)_Chest_.mp4
Smith Lateral Step Up,58241201-Smith-Lateral-Step-Up-(male)_Thighs_.mp4,08841201-Smith-Lateral-Step-Up-(female)_Thighs_.mp4
Smith Leg Press,07601201-Smith-Leg-Press_Thighs-FIX_.mp4,36191201-Smith-Leg-Press-(female)_Thighs.mp4
Smith Rear Lunge (Version 2),58251201-Smith-Rear-Lunge-(version-2)-(male)_Thighs_.mp4,08871201-Smith-rear-lunge-(version-2)-(female)_Thighs_.mp4
Smith Seated Shoulder Press,07651201-Smith-Seated-Shoulder-Press_Shoulders.mp4,36201201-Smith-Seated-Shoulder-Press-(female)_Shoulders.mp4
Smith Shrug,07671201-Smith-Shrug_Back.mp4,70501201-Smith-Shrug-(female)_Back_.mp4
Smith Single Leg Split Squat,07681201-Smith-Single-Leg-Split-Squat_Thighs_.mp4,26701201-Smith-Single-Leg-Split-Squat-(female)_Thighs-FIX_.mp4
Smith Split Squat,07691201-Smith-Split-Squat_Thighs_.mp4,31111201-Smith-Split-Squat-(female)_Thighs_.mp4
Smith Standing Leg Calf Raise,07731201-Smith-Standing-Leg-Calf-Raise_Calves_.mp4,26551201-Smith-Standing-Leg-Calf-Raise-(female)_Calf.mp4
Smith Standing Shoulder Press,12241201-Smith-Standing-Shoulder-Press_Shoulders.mp4,70071201-Smith-Standing-Shoulder-Press-(female)_Shoulders_.mp4
Smith Sumo Deadlift,73741201-Smith-Sumo-Deadlift_Hips_.mp4,65571201-Smith-Sumo-Deadlift-(female)_Hips_.mp4
Spell Caster,07771201-Spell-Caster_Waist.mp4,38461201-Spell-Caster-(female).mp4
Sphinx Pose Opening,89621201-Sphinx-Pose-Opening-(male)_Stretching_.mp4,87611201-Sphinx-Pose-Opening-(female)_Stretching_.mp4
Sphinx Pose Twist,89611201-Sphinx-Pose-Twist-(male)_Stretching_.mp4,87601201-Sphinx-Pose-Twist-(female)_Stretching_.mp4
Spider Crawl Push Up,07781201-Spider-Crawl-Push-up_Hips-FIX_.mp4,34371201-Spider-Crawl-Push-up-(female)_Hips.mp4
Spinal Stretch (On Stability Ball),43141201-Spinal-Stretch-(on-stability-ball)-(male)_Waist.mp4,07791201-Spinal-Stretch-(on-stability-ball)_Waist-FIX_.mp4
Spine Stretch Forward,43151201-Spine-Stretch-Forward-(male)_Pilates.mp4,28731201-Spine-Stretch-Forward_Pilates_Pilates.mp4
Split Squat Heel Raise,89601201-Split-Squat-Heel-Raise-(male)_Thighs_.mp4,87551201-Split-Squat-Heel-Raise-(female)_Thighs_.mp4
Squat And Tip Toes,77411201-Squat-and-Tip-Toes-(male)_Thighs_.mp4,61751201-Squat-and-Tip-Toes-(female)_Thighs_.mp4
Squat Bounce Sky Punch,67241201-Squat-Bounce-Sky-Punch-(male)_Plyometrics_.mp4,77821201-Squat-Bounce-Sky-Punch-(female)_Plyometrics_.mp4
Squat Side Power Kick,46351201-Squat-Side-Power-Kick_Plyometrics.mp4,46381201-Squat-Side-Power-Kick-(female)_Plyometrics.mp4
Squat To Straddle,85471201-Squat-to-Straddle-(male)_Stretching_.mp4,79091201-Squat-to-Straddle-(female)_Stretching_.mp4
Stability Ball Rollout On Knees,70191201-Stability-Ball-Rollout-on-Knees-(male)_Hips_.mp4,22951201-Stability-Ball-Rollout-on-Knees-(female)_Hips.mp4
Stability Ball Single Leg Squat,70141201-Stability-Ball-Single-Leg-Squat-(male)_Thighs_.mp4,16951201-Stability-Ball-Single-Leg-Squat_Thighs.mp4
Standing Abdominal Vacuum,69201201-Standing-Abdominal-Vacuum-(male)_Waist_.mp4,54451201-Standing-Abdominal-Vacuum-(female)_Waist_.mp4
Standing Archer Alternate Arm Row,96541201-Standing-Archer-Alternate-Arm-Row-(male)_Back_.mp4,72251201-Standing-Archer-Alternate-Arm-Row-(female)_Back_.mp4
Standing Balance Quadriceps Stretch,35041201-Standing-Balance-Quadriceps-Stretch_Stretching_.mp4,63201201-Standing-Balance-Quadriceps-Stretch-(female)_Stret.mp4
Standing Boat Row,66551201-Standing-Boat-Row-(male)_Waist_.mp4,77571201-Standing-Boat-Row-(female)_Waist_.mp4
Standing Calf Raise With Arms Circle,96611201-Standing-Calf-Raise-with-Arms-Circle-(male)_Calves.mp4,95241201-Standing-Calf-Raise-with-Arms-Circle-(female)_Calv.mp4
Standing Cat Cow Stretch,85121201-Standing-Cat-Cow-Stretch-(male)_Stretching_.mp4,90631201-Standing-Cat-Cow-Stretch-(female)_Stretching_.mp4
Standing Chest Cross Stretch,97071201-Standing-Chest-Cross-Stretch-(male)_Stretching_.mp4,94271201-Standing-Chest-Cross-Stretch-(female)_Stretching_.mp4
Standing Elbow Clap,55001201-Standing-Elbow-Clap-(male)_Chest_.mp4,53631201-Standing-Elbow-Clap-(female)_Chest_.mp4
Standing Elbow Together Scoop,87401201-Standing-Elbow-Together-Scoop-(male)_Upper-Arms_.mp4,85581201-Standing-Elbow-Together-Scoop-(female)_Upper-Arms_.mp4
Standing Hand Out Cross Kick,89131201-Standing-Hand-Out-Cross-Kick-(male)_Plyometrics_.mp4,84081201-Standing-Hand-Out-Cross-Kick-(female)_Plyometrics_.mp4
Standing Ladder Climb,85551201-Standing-Ladder-Climb-(male)_Plyometrics_.mp4,82761201-Standing-Ladder-Climb-(female)_Plyometrics_.mp4
Standing Lateral Stretch,80601201-Standing-Lateral-Stretch-(male)_Stretching_.mp4,43201201-Standing-Lateral-Stretch-(female)_Back.mp4
Standing Pelvic Tilt,13641201-Standing-Pelvic-Tilt_Back_.mp4,34061201-Standing-Pelvic-Tilt-(female).mp4
Standing Plate Press,12251201-Standing-Plate-Press_Chest_.mp4,107161201-Standing-Plate-Press-(female)_Chest_.mp4
Standing Quadriceps Stretch,10591201-Standing-Quadriceps-Stretch_Thighs_.mp4,83721201-Standing-Quadriceps-Stretch-(female)_Thighs_.mp4
Standing Reach Up Back Rotation Stretch,17961201-Standing-Reach-Up-Back-Rotation-Stretch_Back-FIX_.mp4,43211201-Standing-Reach-Up-Back-Rotation-Stretch-(female)_B.mp4
Standing Rest Pose (Front Pov),83451201-Standing-Rest-Pose-(front-POV)-(male)_Cardio_.mp4,90201201-Standing-Rest-Pose-(front-POV)-(female)_Cardio_.mp4
Standing Russian Twist,97201201-Standing-Russian-Twist-(male)_Plyometrics_.mp4,75801201-Standing-Russian-Twist-(female)_Plyometrics_.mp4
Standing Scapular Rotation,72321201-Standing-Scapular-Rotation-(male)_Back_.mp4,94691201-Standing-Scapular-Rotation-(female)_Chest_.mp4
Standing Scapular Rotation (Back Pov),72321201-Standing-Scapular-Rotation-(back-POV)-(male)_Back_.mp4,72331201-Standing-Scapular-Rotation-(back-POV)-(female)_Back_.mp4
Standing Scapular Rotation (Front Pov),72321201-Standing-Scapular-Rotation-(front-POV)-(male)_Back.mp4,72331201-Standing-Scapular-Rotation-(front-POV)-(female)_Back_.mp4
Standing Shoulders Full Flexion,55071201-Standing-Shoulders-Full-Flexion-(male)_Shoulders_.mp4,53621201-Standing-Shoulders-Full-Flexion-(female)_Shoulders.mp4
Standing Side Bend (Bent Arm),43221201-Standing-Side-Bend-(bent-arm)-(male)_Waist.mp4,32551201-Standing-Side-Bend-(bent-arm)-(female)_Waist.mp4
Standing Side Crunch,58451201-Standing-Side-Crunch-(male)_Waist_.mp4,46471201-Standing-Side-Crunch-(female)_Waist.mp4
Standing Side Crunch Elbow To Knee,54991201-Standing-Side-Crunch-Elbow-to-Knee-(male)_Waist_.mp4,51151201-Standing-Side-Crunch-Elbow-to-Knee-(female)_Waist_.mp4
Standing Side Kick,66701201-Standing-Side-Kick-(male)_Plyometrics_.mp4,59611201-Standing-Side-Kick-(female)_Plyometrics_.mp4
Standing Stacked Arms Lift,87421201-Standing-Stacked-Arms-Lift-(male)_Chest_.mp4,85561201-Standing-Stacked-Arms-Lift-(female)_Chest_.mp4
Standing Top Clap Back Clap,68991201-Standing-Top-Clap-Back-Clap-(male)_Stretching_.mp4,96141201-Standing-Top-Clap-Back-Clap-(female)_Stretching_.mp4
Standing Top Grab Front Grab,82731201-Standing-Top-Grab-Front-Grab-(male)_Chest_.mp4,64461201-Standing-Top-Grab-Front-Grab-(female)_Chest_.mp4
Standing Torso Twist Arms Swing,96531201-Standing-Torso-Twist-Arms-Swing-(male)_Waist_.mp4,95231201-Standing-Torso-Twist-Arms-Swing-(female)_Waist_.mp4
Standing Triceps Stretch Against Wall,98201201-Standing-Triceps-Stretch-against-Wall-(male)_Stret.mp4,82421201-Standing-Triceps-Stretch-against-Wall-(female)_Str.mp4
Standing Triple Arm Cross,97111201-Standing-Triple-Arm-Cross-(male)_Chest_.mp4,94311201-Standing-Triple-Arm-Cross-(female)_Chest_.mp4
Standing Turn And Knee Raise,73331201-Standing-Turn-and-Knee-Raise-(male)_Plyometrics_.mp4,73511201-Standing-Turn-and-Knee-Raise-(female)_Plyometrics_.mp4
Standing Wheel Rollout,07961201-Standing-Wheel-Rollout_Waist.mp4,43241201-Standing-Wheel-Rollout-(female)_Waist.mp4
Standing Wide Good Morning,89681201-Standing-Wide-Good-Morning-(male)_Stretching_.mp4,87741201-Standing-Wide-Good-Morning-(female)_Stretching_.mp4
Standing Wrist Rotation,69781201-Standing-Wrist-Rotation-(male)_Forearms_.mp4,94771201-Standing-Wrist-Rotation-(female)_Forearms_.mp4
Stationary Arms Throw,96671201-Stationary-Arms-Throw-(male)_Back_.mp4,49421201-Stationary-Arms-Throw_Back_.mp4
Stationary Bike Run (Version 4),22791201-Stationary-Bike-Run-(version-4)_Cardio.mp4,71061201-Stationary-Bike-Run-(version-4)-(female)_Cardio_.mp4
Step Knee Thrust,57941201-Step-Knee-Thrust-(male)_Plyometrics_.mp4,66881201-Step-Knee-Thrust-(female)_Plyometrics_.mp4
Step Up On Box,94901201-Step-Up-on-Box_Thighs_.mp4,107241201-Step-Up-on-Box-(female)_Thighs_.mp4
Stepback Flap,86301201-Stepback-Flap-(male)_Plyometrics_.mp4,68541201-Stepback-Flap-(female)_Plyometrics_.mp4
Stepback Row,97721201-Stepback-Row-(male)_Plyometrics_.mp4,88371201-Stepback-Row-(female)_Plyometrics_.mp4
Stepback With Hands Raise,44341201-Stepback-with-Hands-Raise_Plyometrics.mp4,46391201-Stepback-with-Hands-Raise-(female)_Plyometrics.mp4
Stepback With Push,55891201-Stepback-with-Push-(Male)_Plyometrics_.mp4,66451201-Stepback-with-Push-(female)_Plyometrics_.mp4
Stepjack Front Raise,56391201-Stepjack-Front-Raise-(male)_Plyometrics_.mp4,56261201-Stepjack-Front-Raise-(female)_Plyometrics_.mp4
Stepjack Inner Biceps Curl,56451201-Stepjack-Inner-Biceps-Curl-(male)_Plyometrics_.mp4,56291201-Stepjack-Inner-Biceps-Curl-(female)_Plyometrics_.mp4
Stick Side Bend Stretch,103601201-Stick-Side-Bend-Stretch-(male)_Waist_.mp4,54051201-Stick-Side-Bend-Stretch-(female)_Waist_.mp4
Stick Side To Front Bend Stretch,103591201-Stick-Side-to-Front-Bend-Stretch-(male)_Waist_.mp4,54061201-Stick-Side-to-Front-Bend-Stretch-(female)_Waist_.mp4
Sumo Squat,10641201-Sumo-Squat-(male)_Thighs-FIX_.mp4,08021201-Sumo-Squat_Thighs.mp4
Sumo Squat With Heel Raise,105231201-Sumo-Squat-with-Heel-Raise-(male)_Thighs_.mp4,87051201-Sumo-Squat-with-Heel-Raise-(female)_Hips_.mp4
Superman Push Up,08031201-Superman-Push-up_Chest.mp4,70751201-Superman-Push-up-(female)_Chest_.mp4
Surrender Side Bend,55861201-Surrender-Side-Bend-(Male)_Waist_.mp4,93511201-Surrender-Side-Bend-(female)_Waist_.mp4
Suspender Arm Curl,59261201-Suspender-Arm-Curl-(male)_Upper-Arms_.mp4,10701201-Suspender-Arm-Curl-(female)_Upper-Arms_.mp4
Suspender Front Plank,72751201-Suspender-Front-Plank-(male)_Waist_.mp4,11141201-Suspender-Front-Plank-(female)_Waist_.mp4
Suspender Lat Stretch,72781201-Suspender-Lat-Stretch-(male)_Back_.mp4,11181201-Suspender-Lat-Stretch-(female)_Back_.mp4
Suspender One Arm Biceps Curl,59271201-Suspender-One-Arm-Biceps-Curl-(male)_Upper-arms_.mp4,11231201-Suspender-One-Arm-Biceps-Curl-(female)_Upper-Arms_.mp4
Suspender Pike,95001201-Suspender-Pike-(male)_Waist_.mp4,10851201-Suspender-Pike-(female)_Hips_.mp4
Suspender Power Pull,88441201-Suspender-Power-Pull-(male)_Waist_.mp4,10861201-Suspender-Power-Pull-(female)_Back_.mp4
Suspender Single Leg Squat,58311201-Suspender-Single-Leg-Squat-(male)_Hips_.mp4,11011201-Suspender-Single-Leg-Squat-(female)_Hips_.mp4
Swimming Crawl Style,69441201-Swimming-Crawl-Style-(male)_Plyometrics_.mp4,84831201-Swimming-Crawl-Style-(female)_Plyometrics_.mp4
Swing Torso Twist,76711201-Swing-Torso-Twist-(male)_Plyometrics_.mp4,74831201-Swing-Torso-Twist-(female)_Plyometrics_.mp4
Table Top Bridge,48001201-Table-Top-Bridge_Hips_.mp4,71721201-Table-Top-Bridge-(female)_Hips_.mp4
Tilt And Extend,97191201-Tilt-and-Extend-(male)_Waist_.mp4,73521201-Tilt-and-Extend-(female)_Waist_.mp4
Top Bottom Punch Squat,57951201-Top-Bottom-Punch-Squat-(male)_Plyometrics_.mp4,71641201-Top-Bottom-Punch-Squat-(female)_Plyometrics_.mp4
Touchdown,47101201-Touchdown_Plyometrics_.mp4,49971201-Touchdown-(female)_Plyometrics_.mp4
Trap Bar Deadlift,08111201-Trap-Bar-Deadlift_Thighs-FIX_.mp4,57581201-Trap-Bar-Deadlift-(female)_Thighs_.mp4
Tree Yoga Pose Open Chest,96711201-Tree-Yoga-Pose-Open-Chest-(male)_Stretching_.mp4,95301201-Tree-Yoga-Pose-Open-Chest-(female)_Stretching_.mp4
Triceps Dip,08141201-Triceps-Dip_Upper-Arms-FIX_.mp4,31151201-Triceps-Dip-(female)_Upper-Arms.mp4
Triceps Dip (Bench Leg),08121201-Triceps-Dip-(bench-leg)_Upper-Arms_.mp4,97361201-Triceps-Dip-(bench-leg)-(female)_Upper-Arms_.mp4
Triceps Dip Floor,08151201-Triceps-Dip-Floor_Upper-Arms-FIX_.mp4,51101201-Triceps-Dip-Floor-(female)_Upper-Arms_.mp4
Triceps Extension Stepback,85791201-Triceps-Extension-Stepback-(male)_Plyometrics_.mp4,55491201-Triceps-Extension-Stepback-(female)_Plyometrics_.mp4
Triceps Press (Head Below Bench),11911201-Triceps-Press-(Head-Below-Bench)_Upper-Arms-FIX_.mp4,70871201-Triceps-Press-(Head-Below-Bench)-(female)_Upper-Ar.mp4
Twist March,89051201-Twist-March-(male)_Plyometrics_.mp4,53181201-Twist-March-(female)_Plyometrics_.mp4
Twist Turn Slam,55411201-Twist-Turn-Slam_Plyometrics_.mp4,55461201-Twist-Turn-Slam-(female)_Plyometrics_.mp4
Twisting Crunch,46201201-Twisting-Crunch_Waist.mp4,60161201-Twisting-Crunch-(female)_Waist_.mp4
Twisting Knee Thrust,45491201-Twisting-Knee-Thrust_Plyometrics.mp4,51761201-Twisting-Knee-Thrust-(female)_Plyometrics_.mp4
Twisting Knee Up,55321201-Twisting-Knee-Up-(male)_Plyometrics_.mp4,55971201-Twisting-Knee-Up-(female)_Plyometrics_.mp4
Twisting Woodchopper,81841201-Twisting-Woodchopper-(male)_Plyometrics_.mp4,75751201-Twisting-Woodchopper-(female)_Plyometrics_.mp4
Underhand Circle Draw,76351201-Underhand-Circle-Draw-(male)_Shoulders_.mp4,101231201-Underhand-Circle-Draw-(female)_Shoulders_.mp4
V Hold (Beginner Level),88591201-V-Hold-(beginner-level)-(male)_Waist_.mp4,69661201-V-Hold-(beginner-level)-(female)_Waist_.mp4
W To Y Superman,55351201-W-to-Y-Superman_Hips_.mp4,55451201-W-to-Y-Superman-(female)_Hips_.mp4
Walking,22581201-Walking_Cardio-FIX_.mp4,22611201-Walking-(female)_Cardio_.mp4
Walking Knee Raise Sky Reach On Spot (Front Pov) (,96421201-Walking-Knee-Raise-Sky-Reach-On-Spot-(front-POV)-(.mp4,92931201-Walking-Knee-Raise-Sky-Reach-On-Spot-(front-POV)-(.mp4
Walking On Stepmill,23111201-Walking-on-Stepmill_Cardio.mp4,24901201-Walking-on-Stepmill-(female)_Thighs_.mp4
Weighted Bottle Side Lying Shoulder External Rotat,83541201-Weighted-Bottle-Side-Lying-Shoulder-External-Rotat.mp4,79931201-Weighted-Bottle-Side-Lying-Shoulder-External-Rotat.mp4
Weighted Counterbalanced Squat,41281201-Weighted-Counterbalanced-Squat-(male)_Thighs_.mp4,57831201-Weighted-Counterbalanced-Squat-(female)_Thighs_.mp4
Weighted Dumbbell Lying Flat Hip Raise,73791201-Weighted-Dumbbell-Lying-Flat-Hip-Raise-(male)_Wais.mp4,66491201-Weighted-Dumbbell-Lying-Flat-Hip-Raise-(female)_Wa.mp4
Weighted Dumbbell Table Top Bridge,83501201-Weighted-Dumbbell-Table-Top-Bridge-(male)_Hips_.mp4,79381201-Weighted-Dumbbell-Table-Top-Bridge-(female)_Hips_.mp4
Weighted Front Raise,08341201-Weighted-Front-Raise_Shoulders-FIX_.mp4,74211201-Weighted-Front-Raise-(female)_Shoulders_.mp4
Weighted Hanging Leg Hip Raise,08661201-Weighted-Hanging-leg-hip-raise_Waist.mp4,70041201-Weighted-Hanging-Leg-Hip-Raise-(female)_Waist_.mp4
Weighted Lying Svend Press,82911201-Weighted-Lying-Svend-Press-(male)_Chest_.mp4,90331201-Weighted-Lying-Svend-Press-(female)_Chest_.mp4
Weighted Plate Lying Crunch,66031201-Weighted-Plate-Lying-Crunch-(male)_Waist_.mp4,107101201-Weighted-Plate-Lying-Crunch-(female)_Waist_.mp4
Weighted Plate Standing Biceps Curl,66981201-Weighted-Plate-Standing-Biceps-Curl-(male)_Forearm.mp4,105781201-Weighted-Plate-Standing-Biceps-Curl-(female)_Fore.mp4
Weighted Pull Up,08411201-Weighted-Pull-Up_Back_.mp4,107071201-Weighted-Pull-Up-(female)_Back_.mp4
Weighted Sissy Squat,08511201-Weighted-Sissy-Squat_Thighs.mp4,40321201-Weighted-Sissy-Squat-(female)_Thighs.mp4
Weighted Standing Curl,08531201-Weighted-Standing-Curl_Forearms.mp4,36261201-Weighted-Standing-Curl-(female)_Forearms.mp4
Weighted Svend Press,08561201-Weighted-Svend-Press_Chest-FIX_.mp4,34261201-Weighted-Svend-Press-(female)_Chest_.mp4
Weighted Twisting Crunch (On Bench),71201201-Weighted-Twisting-Crunch-(on-bench)-(male)_Waist_.mp4,11881201-Weighted-Twisting-Crunch-(on-bench)_Waist.mp4
Weighted V Up Passes With Pad,55111201-Weighted-V-up-Passes-with-Pad_Waist_.mp4,64291201-Weighted-V-up-Passes-with-Pad-(female)_Waist_.mp4
Wide Chin Up,81891201-Wide-Chin-Up-(male)_Back_.mp4,49151201-Wide-Chin-Up-(female)_Back_.mp4
Wide Forward Fold Twist,89691201-Wide-Forward-Fold-Twist-(male)_Stretching_.mp4,87581201-Wide-Forward-Fold-Twist-(female)_Stretching_.mp4
Wide Hand Push Up,13111201-Wide-Hand-Push-up_Chest.mp4,40371201-Wide-Hand-Push-up-(female)_Chest.mp4
Wind Side Twist Jump,57931201-Wind-Side-Twist-Jump-(male)_Plyometrics_.mp4,67801201-Wind-Side-Twist-Jump-(female)_Plyometrics_.mp4
Wipers (Straight Leg),12491201-Wipers-(straight-leg)_Waist-FIX_.mp4,70091201-Wipers-(straight-leg)-(female)_Waist_.mp4
