id,name,exercise_family,base_exercise_name,complementary_families,is_equipment_primary,equipment_detected,priority_build_muscle,priority_get_lean,priority_home,priority_gym
000094d7-4067-4699-b6a2-150afb4f0cf8,Forward Lunge Punch,lunge,Lunge,"split_squat, step_up, squat, leg_press",False,bodyweight,70,88,95,65
0005631e-dc90-4ec8-b2f4-9d7841e63acb,Jackknife (donkey) Squat,squat,Squat,"leg_press, leg_extension, lunge, leg_curl",False,bodyweight,70,88,95,65
0005effc-a444-4555-95b9-b972f60318a5,Incline Squeeze Press (Dumbbell),press,Press,"bench_press, shoulder_press",False,dumbbell,92,90,92,90
0006bfce-22fe-4cc1-94e4-557133975322,Boat Stretch,general_stretch,Stretch,,False,bodyweight,70,88,95,65
000ccfd7-3adb-46ee-b19a-5b0c2fd6deac,Sumo Hip Twist Stretch,hip_stretch,Hip Stretch,,False,bodyweight,70,88,95,65
000fd58e-f7c9-41df-830f-fc35782239b5,Close Grip Biceps Curl (Band),bicep_curl,Bicep Curl,"hammer_curl, preacher_curl, tricep_extension",False,band,60,85,90,50
002f7038-ad4b-4d95-8c61-863022e28068,Sitting Alternate Side Leg Lift On A Chair,leg_exercise,Leg Exercise,"squat, leg_press",False,bodyweight,70,88,95,65
00465e03-9f68-4f38-8136-aced2b09c38f,Lateral Pulldown (with Rope Attachment) (Cable),lat_pulldown,Lat Pulldown,"pull_up, bent_over_row, bicep_curl, face_pull",True,cable,85,88,30,92
00480c96-1f5b-4b79-bc3d-0276efc8a4a4,Lying Obliques Crunch,oblique_crunch,Oblique Crunch,"leg_raise, plank, russian_twist",False,bodyweight,70,88,95,65
004c25db-b22c-419e-91d3-a2291e4a22e1,Full Clean (Barbell),clean,Clean,"deadlift, front_squat, snatch, shrug",False,barbell,95,80,65,95
0053b84e-8897-4f3d-95ef-681d7066baa8,Standing Top Backhand Tap And Backhand Prayer Push,back_exercise,Back Exercise,"bent_over_row, lat_pulldown",False,bodyweight,70,88,95,65
0053edd8-7cb9-4dc5-9f8f-bb2f9fa9970f,Step Up On Box,step_up,Step Up,"lunge, split_squat, squat",False,bodyweight,70,88,95,65
0063756f-f734-42c6-851c-9b31e167ac6a,Lying Frog Crunch Feet Together,crunch,Crunch,"leg_raise, plank, russian_twist",True,bodyweight,70,88,95,65
006b23b7-dce2-4608-b99f-e083ad9c6411,Two Front Toe Touching,general_movement,Two Front Toe Touching,,False,bodyweight,70,88,95,65
006ddc82-05c7-456b-9f99-d562e5db2558,Elbow Plank 3 Point Hops,plank,Plank,"crunch, leg_raise, russian_twist",True,bodyweight,70,88,95,65
0094d406-0de4-4c76-9dec-fe56b7b99047,Reverse Lunge (Bodyweight),reverse_lunge,Reverse Lunge,"split_squat, step_up, squat, leg_press",False,bodyweight,70,88,95,65
00968b97-0806-4b10-a69d-5255a1c2a793,Sitting Hip Mobilization On Exercise Ball,hip_stretch,Hip Stretch,,False,bodyweight,70,88,95,65
009db59e-ef6c-4326-bf3f-3428da1ee608,Cross Body Hammer Curl (Cable),hammer_curl,Hammer Curl,"bicep_curl, preacher_curl, reverse_curl",False,cable,85,88,30,92
009efb29-728d-410a-bcd8-1c1a3ceb4183,Standing Scapular External Rotation (back Pov) (Dumbbell),back_exercise,Back Exercise,"bent_over_row, lat_pulldown",False,dumbbell,92,90,92,90
00afbf39-4e1d-4b82-adbc-f2be0640d96c,Seated Overhead Triceps Extension,overhead_tricep_extension,Overhead Tricep Extension,"tricep_pushdown, skull_crusher, dip, bicep_curl",False,bodyweight,70,88,95,65
00d30699-1ce9-41cc-9286-0e07184e690d,V Up Hold,v_up,V Up,"crunch, leg_raise, plank",False,bodyweight,70,88,95,65
00d762df-6515-4d9c-977e-d604f0637d4d,Lying Front Raise (Dumbbell),front_raise,Front Raise,"shoulder_press, lateral_raise, incline_bench_press",True,dumbbell,92,90,92,90
00f389b0-3b65-4e7d-b043-fb799e76d9e1,Sky Punch March,general_movement,Sky Punch March,,False,bodyweight,70,88,95,65
01089d66-3dc7-425a-a73e-d85fc4ed5b37,Bottoms Up,general_movement,Bottoms Up,,False,bodyweight,70,88,95,65
01092151-73d6-4117-9db0-14987d8fa88f,Kneeling Pulse,general_movement,Kneeling Pulse,,False,bodyweight,70,88,95,65
011294f0-7deb-4072-bd59-c34ff1e49a72,Reverse Lunge Front Kick,reverse_lunge,Reverse Lunge,"split_squat, step_up, squat, leg_press",False,bodyweight,70,88,95,65
01199d16-498e-4a29-800d-7fdf82121631,Push Up (stability Ball),push_up,Push Up,"bench_press, fly, dip, tricep_extension",True,bodyweight,70,88,95,65
011c8e91-7d3a-400b-95ad-f0b6e3b390f6,45 Degrees Arms Plank,plank,Plank,"crunch, leg_raise, russian_twist",True,bodyweight,70,88,95,65
011e05b1-07ce-4f3a-b2a3-5ed6b444f4fe,Rocking Frog Stretch,general_stretch,Stretch,,False,bodyweight,70,88,95,65
01215a7d-8e38-4ecb-a168-01bb03915b23,Shoulder Grip Upright Row (Barbell),upright_row,Upright Row,"lateral_raise, shrug, shoulder_press",False,barbell,95,80,65,95
0155e04b-587e-429b-ad0d-ff3967d13390,Bent Over Single Arm Triceps Kickback (Resistance Band),tricep_kickback,Tricep Kickback,"tricep_extension, tricep_pushdown, dip",False,band,60,85,90,50
015b723b-db6b-458a-88c0-12f2d98c1af6,Lateral Swing And Knee Raise,leg_raise,Leg Raise,"crunch, plank, reverse_crunch",False,bodyweight,70,88,95,65
01713d44-50a0-4d09-b693-549769a7a7c3,Knee Thrust (Bodyweight),general_movement,Knee Thrust,,False,bodyweight,70,88,95,65
01716994-c0d0-4a34-8c86-c74bf6885ff5,Standing Wide Stance Air Bike,cycling,Cycling,,False,bodyweight,70,88,95,65
0192c5ab-26dc-40b3-b102-56f1a286c6ff,Straight Arm Pullover (Dumbbell),pullover,Pullover,"lat_pulldown, straight_arm_pulldown, fly",False,dumbbell,92,90,92,90
0198c34b-7172-4632-bc97-a7fc1b9f7f2e,Lever Hip Thrust,hip_thrust,Hip Thrust,"glute_bridge, romanian_deadlift, leg_curl",False,machine,80,75,20,88
01999010-a7d7-4ccf-bfa0-6b6e38af4086,Paused Goblet Squat (Bodyweight),goblet_squat,Goblet Squat,"leg_press, leg_extension, lunge, leg_curl",False,bodyweight,70,88,95,65
019c318b-3eff-4833-ba03-8a7ba1fe71d2,Rear Delt Row (Dumbbell),rear_delt_fly,Rear Delt Fly,"face_pull, lateral_raise, bent_over_row",False,dumbbell,92,90,92,90
01a010ca-5acc-4e23-a051-28972d6387eb,Kneeling Arnold Press (Dumbbell),arnold_press,Arnold Press,"shoulder_press, lateral_raise, front_raise",False,dumbbell,92,90,92,90
01a7a1c4-e76f-4b3f-b724-407f8dcbe19c,Side To Side Biceps Curl,bicep_curl,Bicep Curl,"hammer_curl, preacher_curl, tricep_extension",False,bodyweight,70,88,95,65
01a8b3bf-040e-4e6a-8021-95085aba8dc6,High Knee Twist,high_knees,High Knees,"mountain_climber, burpee, jumping_jack",False,bodyweight,70,88,95,65
01ac9802-897c-467a-93f1-7e6046870429,Reverse Warrior Pose,general_stretch,Stretch,,False,bodyweight,70,88,95,65
01acf60a-de12-4275-94cb-aec24feed963,Head Full Rotation Fpov,general_movement,Head Full Rotation Fpov,,False,bodyweight,70,88,95,65
01b04789-2a67-474a-b5dc-2c5edf81b4a4,Vibrate Plate Plank,plank,Plank,"crunch, leg_raise, russian_twist",True,bodyweight,70,88,95,65
01bee80e-324b-4633-92b5-76224ffccabf,Single Split Stretch,general_stretch,Stretch,,False,bodyweight,70,88,95,65
01e140a1-7672-4418-b4bf-f1843fc3bef8,Front Raise (Dumbbell),front_raise,Front Raise,"shoulder_press, lateral_raise, incline_bench_press",True,dumbbell,92,90,92,90
01e4b23a-0fb9-4f6f-9be8-0d0bce1773c1,Opposite Arm And Leg Raise Against Wall,leg_raise,Leg Raise,"crunch, plank, reverse_crunch",False,bodyweight,70,88,95,65
01e90a6b-a369-456f-888d-cd26af8fdcdf,Sitting Triceps Stretch On A Chair,tricep_stretch,Tricep Stretch,,False,bodyweight,70,88,95,65
01e98633-98af-456b-8d46-833e43a561d7,Suspender Rollout,general_movement,Suspender Rollout,,False,bodyweight,70,88,95,65
01ec02d1-3466-489d-9fe7-7f03a1c9a33a,One Arm Twisting Seated Delt Row (Band),cable_row,Cable Row,"lat_pulldown, face_pull, bicep_curl, rear_delt_fly",False,band,60,85,90,50
01fb980f-eb18-478a-9114-84036ee7a40f,Reverse Lunge From Deficit (Dumbbell),reverse_lunge,Reverse Lunge,"split_squat, step_up, squat, leg_press",False,dumbbell,92,90,92,90
02060d09-4a1a-454a-8cb2-1e5f52fd81ab,Side Reach Diagonal Reach,general_movement,Side Reach Diagonal Reach,,False,bodyweight,70,88,95,65
020c7e4e-e198-4191-bfb4-48b2c1a3fb99,Front Plank With Arm Lift,plank,Plank,"crunch, leg_raise, russian_twist",True,bodyweight,70,88,95,65
021810e0-6621-48c0-a9b6-011d325f38e0,Between Legs Throw Side Kick,bent_over_row,Bent Over Row,"lat_pulldown, face_pull, bicep_curl, rear_delt_fly",False,bodyweight,70,88,95,65
021de3ac-3121-4eaf-841f-8fc296683f15,Leg Extension Glute Bridge,leg_extension,Leg Extension,"squat, leg_press, leg_curl",False,bodyweight,70,88,95,65
02281e6e-cc0e-43aa-869f-72f0ce31cffd,Interlock Fist Circle Draw,general_movement,Interlock Fist Circle Draw,,False,bodyweight,70,88,95,65
0234b45d-3172-4e15-8b60-4674cc181dd9,Shuffle Hops,general_movement,Shuffle Hops,,False,bodyweight,70,88,95,65
023d9386-d66b-44e9-9aa7-20e5631c1f84,Lever Chest Press,chest_press,Chest Press,"bench_press, fly, tricep_pushdown",True,machine,80,75,20,88
02447852-53ea-4090-8b3c-caf18958a70d,Silent Burpee,burpee,Burpee,"push_up, squat_jump, mountain_climber",True,bodyweight,70,88,95,65
0262b760-a96f-4742-96c6-c25cbedbcb8a,Bottle Weighted Upright Row,upright_row,Upright Row,"lateral_raise, shrug, shoulder_press",False,bodyweight,70,88,95,65
026371cf-4dd6-4332-b54a-da3f7633f7f4,Swim Leg Circle,leg_exercise,Leg Exercise,"squat, leg_press",False,bodyweight,70,88,95,65
027ee6bb-41ed-4299-a932-a81c69f4ec83,Balance Pad Single Leg Balance,leg_exercise,Leg Exercise,"squat, leg_press",False,bodyweight,70,88,95,65
02915da8-9746-47d7-8895-0950e61cbe14,Easy Pose (hands On Belly And Chest),chest_stretch,Chest Stretch,,False,bodyweight,70,88,95,65
029dca1c-859e-43c0-a41e-caf590837c75,Windmill (Bodyweight),general_movement,Windmill,,False,bodyweight,70,88,95,65
02a43095-1ae4-47ed-914b-a2261049814a,Skipping (Bodyweight),general_movement,Skipping,,False,bodyweight,70,88,95,65
02a58190-c43b-4114-ac09-99064d8e93a7,Lever Neck Extension (plate Loaded),extension,Extension,"tricep_extension, leg_extension",False,machine,80,75,20,88
02a96626-3416-44b7-9de8-7f96bb8ce3b0,Squat Star Jack,squat,Squat,"leg_press, leg_extension, lunge, leg_curl",False,bodyweight,70,88,95,65
02adb8c2-bdfe-4e98-a8cd-9c50e04da99b,Palms To Head Chest Fly,fly,Chest Fly,"bench_press, incline_fly, push_up",False,bodyweight,70,88,95,65
02ae2237-26d7-4ab3-b036-15cb7cbb8c9b,Chair Squat Calf Rock,squat,Squat,"leg_press, leg_extension, lunge, leg_curl",False,bodyweight,70,88,95,65
02b244dd-c029-4b7e-b457-4404cd9a8693,Narrow To Normal Squat,bent_over_row,Bent Over Row,"lat_pulldown, face_pull, bicep_curl, rear_delt_fly",False,bodyweight,70,88,95,65
02c7e546-78ac-4f16-b1fe-1c136fa0ab5d,Weighted Plate Bench Press,bench_press,Bench Press,"incline_bench_press, fly, tricep_pushdown, dip",False,bodyweight,70,88,95,65
02d5090e-229b-44b6-8df5-35994c110cd1,Smith Standing Leg Calf Raise,calf_raise,Calf Raise,leg_press,False,smith_machine,72,70,25,80
02d87635-d6a8-4c90-bb33-50b7af17d1d8,Side Step Shoulder Circle,shoulder_exercise,Shoulder Exercise,"shoulder_press, lateral_raise",False,bodyweight,70,88,95,65
02e3fc37-9ecc-42d3-9f51-511d184218b6,Y Press (Resistance Band),press,Press,"bench_press, shoulder_press",False,band,60,85,90,50
02e65cb7-f4b6-40cb-98fd-8530d3ff3ce4,V Up (Dumbbell),v_up,V Up,"crunch, leg_raise, plank",False,dumbbell,92,90,92,90
02e94c2b-bd99-4f06-b88b-0cb03dda7492,Lying Woodchop (Kettlebell),woodchop,Woodchop,"russian_twist, oblique_crunch, plank",False,kettlebell,75,85,85,78
02f2d0ef-5727-4d6b-8ca1-d9bfc5c19a8c,Ballerina Foot Tap Adduction,hip_adduction,Hip Adduction,"hip_abduction, sumo_squat, lunge",False,bodyweight,70,88,95,65
02f4b039-f789-4eee-b8bc-24e161d6bd60,Squat On A Padded Stool,squat,Squat,"leg_press, leg_extension, lunge, leg_curl",False,bodyweight,70,88,95,65
02f76ed7-9a7a-4e8e-b682-bc77031ac7b3,Reverse Crunch (Resistance Band),reverse_crunch,Reverse Crunch,"leg_raise, plank, russian_twist",False,band,60,85,90,50
02f7a43a-5245-4ce7-accf-91b57b74ae18,Smith Machine Decline Close Grip Bench Press,decline_bench_press,Decline Bench Press,"bench_press, dip, fly",False,smith_machine,72,70,25,80
030185eb-16a1-498c-877e-67d1cccca7d8,EZ (Barbell) Anti Gravity Press,press,Press,"bench_press, shoulder_press",False,barbell,95,80,65,95
0302a712-0d03-4512-ba32-08c61744d6bd,Curtsey Cross Punch,general_movement,Curtsey Cross Punch,,False,bodyweight,70,88,95,65
0315d1ee-5a2b-4642-85b1-7c3a2168337a,Standing Back Squeeze,back_exercise,Back Exercise,"bent_over_row, lat_pulldown",False,bodyweight,70,88,95,65
031b0c00-f263-4ad9-a88e-22cb7fa2ce85,Seated Extended Leg Raise On A Chair,leg_raise,Leg Raise,"crunch, plank, reverse_crunch",False,bodyweight,70,88,95,65
031bbd65-19f3-4bc7-887a-418a52bf3329,Low Fly (Cable),fly,Chest Fly,"bench_press, incline_fly, push_up",False,cable,85,88,30,92
032175cb-3a9d-458a-ac76-6652b48c2745,Recumbent Hip External Rotator And Hip Extensor St,general_movement,Recumbent Hip External Rotator And Hip Extensor St,,False,bodyweight,70,88,95,65
03333ae8-72ce-4be9-b561-1bc30e9a0d52,Shoulder Rotation Twist Split Lunge Stretch,shoulder_stretch,Shoulder Stretch,,False,bodyweight,70,88,95,65
034943be-8546-49c2-a258-1247916aebe7,Seated Wrist Rotation,general_movement,Seated Wrist Rotation,,False,bodyweight,70,88,95,65
0350a46b-6dff-4e67-967c-c29f6ec01326,Hollow Rock (Dumbbell),general_movement,Hollow Rock,,False,dumbbell,92,90,92,90
0358b9fc-0271-4c80-ab55-55fc6edbda50,Seated Ballerina,general_movement,Seated Ballerina,,False,bodyweight,70,88,95,65
035e3807-f834-4547-a780-053eff490d2e,Chin Up,chin_up,Chin Up,"lat_pulldown, bent_over_row, bicep_curl",True,bodyweight,70,88,95,65
036bdc3a-edd4-4782-91ce-f5901fc6fa1a,Lever Linear Hack Squat,hack_squat,Hack Squat,"leg_press, leg_extension, lunge, leg_curl",True,machine,80,75,20,88
036c8bd3-7092-47d1-9d05-c73dd00f55cf,Twist (up Down) (Cable),core_exercise,Core Exercise,"crunch, plank",False,cable,85,88,30,92
037257f8-2865-40d3-874c-363431208fdb,Incline Chest Press (Band),incline_chest_press,Incline Chest Press,"bench_press, fly, tricep_pushdown",False,band,60,85,90,50
0372fbbd-92e7-4e65-9a39-4e0bd1cf16e2,Box Drop Jump,general_movement,Box Drop Jump,,False,bodyweight,70,88,95,65
037b7dac-940c-4ee8-9e4e-9ec5b72b6128,Deep Squat Turn,squat,Squat,"leg_press, leg_extension, lunge, leg_curl",False,bodyweight,70,88,95,65
037f8ccc-2f36-4141-a790-2087e8f6323e,Reverse Plank,plank,Plank,"crunch, leg_raise, russian_twist",True,bodyweight,70,88,95,65
03931ab5-e5b3-42a6-97d8-65faf5527e8c,Rear Lunge (Bodyweight),lunge,Lunge,"split_squat, step_up, squat, leg_press",False,bodyweight,70,88,95,65
039ed423-35e0-42a4-a5fc-ff5975e3e6ef,Alternate Side Press (Dumbbell),press,Press,"bench_press, shoulder_press",False,dumbbell,92,90,92,90
03a7eb60-3061-415a-92ff-1b49c469e3a8,Grasshopper Push Up,push_up,Push Up,"bench_press, fly, dip, tricep_extension",True,bodyweight,70,88,95,65
03ba5677-ce35-4bf6-94ba-3535f832cfb9,Floor T Raise,raise,Raise,"lateral_raise, front_raise",False,bodyweight,70,88,95,65
03be9eff-8fcf-4e27-8a4d-de7b82f7fc35,Slopes Towards Stretch,general_stretch,Stretch,,False,bodyweight,70,88,95,65
03c66f3a-0260-4fc9-b6cd-4c14350aac34,Push Knees Out,general_movement,Push Knees Out,,False,bodyweight,70,88,95,65
03c825e8-5a1d-492c-8b83-dc9403535fd4,Kneeling Torso Rotation Chest And Shoulder Stretch,shoulder_stretch,Shoulder Stretch,,False,bodyweight,70,88,95,65
03c85816-0c46-4fcb-9c3a-5f10fa6f0a79,Bear Crawl,general_movement,Bear Crawl,,False,bodyweight,70,88,95,65
03d8be0a-efd5-4d8a-9fa1-bfe2d2bed4b7,Stick Standing Shoulder Mobilization In External R,shoulder_stretch,Shoulder Stretch,,False,bodyweight,70,88,95,65
03e384eb-ece2-4bd8-bc0f-31674b5fd39c,Seated Neutral Wrist Curl (Dumbbell),general_movement,Seated Neutral Wrist Curl,,False,dumbbell,92,90,92,90
03fec113-f60f-47e9-a8fa-8549528b243f,Bent Over Curl (Dumbbell),bicep_curl,Bicep Curl,"hammer_curl, preacher_curl, tricep_extension",True,dumbbell,92,90,92,90
0401333a-d8be-498e-8a08-8156d1aa65f2,Pull Up (negative),pull_up,Pull Up,"lat_pulldown, bent_over_row, bicep_curl",True,bodyweight,70,88,95,65
040b77e8-5a4e-4b0d-a5c5-25b7b2e0d612,One Arm Shoulder Press (Dumbbell),shoulder_press,Shoulder Press,"lateral_raise, front_raise, tricep_extension",False,dumbbell,92,90,92,90
0420a53f-aa1f-468c-9877-4c5610f19b9d,Elbow To Knee Side Plank Crunch,oblique_crunch,Oblique Crunch,"leg_raise, plank, russian_twist",False,bodyweight,70,88,95,65
0423aac9-7451-4a64-8179-ce0887e67476,Elbow To Knee Side Plank Crunch,oblique_crunch,Oblique Crunch,"leg_raise, plank, russian_twist",False,bodyweight,70,88,95,65
04297f30-99f5-4577-a1fe-95c8cfd966c0,Alternate Hamstring Curl Sky Punch,leg_curl,Leg Curl,"romanian_deadlift, hip_thrust, leg_extension",False,bodyweight,70,88,95,65
042c7364-fc38-4fef-9564-7767484e7413,Double Side Step Walk,general_movement,Double Side Step Walk,,False,bodyweight,70,88,95,65
043ae92a-c422-4118-9290-cecbcfcc739a,Side Bridge With Bent Leg (Dumbbell),leg_exercise,Leg Exercise,"squat, leg_press",False,dumbbell,92,90,92,90
04440094-78b1-4d7d-898b-6880070af170,Lateral Step Up (Kettlebell),step_up,Step Up,"lunge, split_squat, squat",False,kettlebell,75,85,85,78
044c18b5-37e6-4618-9734-bde9f5bd81f5,Sitting Military Press On A Chair (Resistance Band),shoulder_press,Shoulder Press,"lateral_raise, front_raise, tricep_extension",False,band,60,85,90,50
0452729b-90db-4001-be1f-55e3edddfb44,Single Arm Clean And Push Press (Kettlebell),press,Press,"bench_press, shoulder_press",False,kettlebell,75,85,85,78
04626df8-9af4-450e-86c2-b51659616264,Bear Plank,plank,Plank,"crunch, leg_raise, russian_twist",True,bodyweight,70,88,95,65
0465f60f-8f19-4512-bac7-078fa24d3163,Lying Bench Crunch With Leg Adduction,hip_adduction,Hip Adduction,"hip_abduction, sumo_squat, lunge",False,bodyweight,70,88,95,65
04684dcd-455d-4a9e-8e30-e64da6c228a3,High Knee Twist,high_knees,High Knees,"mountain_climber, burpee, jumping_jack",False,bodyweight,70,88,95,65
046977a3-1cbf-4fa1-9284-a626af05c6fa,Celebratory Knee Drives,general_movement,Celebratory Knee Drives,,False,bodyweight,70,88,95,65
046f787f-c468-4bfd-8b8f-8ff02460b9d2,Bear Crawl Push Up (Dumbbell),push_up,Push Up,"bench_press, fly, dip, tricep_extension",False,dumbbell,92,90,92,90
0477fa2b-b4de-4bce-9a96-5805ecd8d6b7,Wrist Curl (Barbell),general_movement,Wrist Curl,,False,barbell,95,80,65,95
047a320d-46e5-40f2-8837-ca0910b170d1,Twist (Band),general_movement,Twist,,False,band,60,85,90,50
047cbfea-e638-46fb-9294-c92eaa474275,Chest Bench Press Butt,bench_press,Bench Press,"incline_bench_press, fly, tricep_pushdown, dip",False,bodyweight,70,88,95,65
048f37f5-e35e-4a96-8c7e-673fd8bbd22f,Standing Ballerina Alternate Side Knee Drive,general_movement,Standing Ballerina Alternate Side Knee Drive,,False,bodyweight,70,88,95,65
04b53c4e-fbfa-46f5-8990-60738aa42fc9,90 To 90 Leg Lift And Kickout,leg_exercise,Leg Exercise,"squat, leg_press",False,bodyweight,70,88,95,65
04bb6244-b9ac-4752-81de-fa6941cbac56,Lever Lying Decline Chest Press (plate Loaded),chest_press,Chest Press,"bench_press, fly, tricep_pushdown",True,machine,80,75,20,88
04bfadd5-7c8b-479c-b218-c14465125630,Suspended Row,bent_over_row,Bent Over Row,"lat_pulldown, face_pull, bicep_curl, rear_delt_fly",False,bodyweight,70,88,95,65
04d72999-ed54-4440-bc7d-2551db06ce15,Alternate Triceps Extension (Cable),tricep_extension,Tricep Extension,"tricep_pushdown, skull_crusher, dip, bicep_curl",False,cable,85,88,30,92
04dd32be-4870-4964-b0d5-74bd5c2c9b35,Dynamic Back Stretch,back_stretch,Back Stretch,,False,bodyweight,70,88,95,65
04ed302f-116c-4ae4-8f48-d55f92d192f1,Seated Military Press (inside Squat Cage) (Barbell),shoulder_press,Shoulder Press,"lateral_raise, front_raise, tricep_extension",True,barbell,95,80,65,95
05026c84-f69f-4ce4-9408-42d2f146cd87,Mini Squat Hop,squat,Squat,"leg_press, leg_extension, lunge, leg_curl",False,bodyweight,70,88,95,65
050a2e4f-6a67-4458-8d58-b8848f15c19f,Knee Raise Step Jack,leg_raise,Leg Raise,"crunch, plank, reverse_crunch",False,bodyweight,70,88,95,65
0514a9f4-97a6-45c1-8b8d-d3dd96819e67,Weighted Dumbbell Straight Leg Diagonal Kickback (,back_exercise,Back Exercise,"bent_over_row, lat_pulldown",False,dumbbell,92,90,92,90
052737ab-e7f1-4374-9de2-a2e1495a03bc,Reverse Wrist Curl (Barbell),reverse_curl,Reverse Curl,"bicep_curl, hammer_curl, wrist_curl",False,barbell,95,80,65,95
0532891d-d139-4e4d-a013-820ae08b21d7,Seated Knee To Nose Stretch,general_stretch,Stretch,,False,bodyweight,70,88,95,65
05392c85-3bb5-4d9f-a96f-10d9b9535ed4,Archer Stepback,back_exercise,Back Exercise,"bent_over_row, lat_pulldown",False,bodyweight,70,88,95,65
053af42b-8b77-4875-a06d-37c064289cbd,Alternate Punching,general_movement,Alternate Punching,,False,bodyweight,70,88,95,65
054e3f15-5aa8-4983-a65e-0543915c0ab6,Roll Hamstrings And Glute Sitting On Floor,glute_exercise,Glute Exercise,"hip_thrust, glute_bridge",False,bodyweight,70,88,95,65
0556a34f-86f3-418d-a010-39f50be7a8a1,Burpee (Dumbbell),burpee,Burpee,"push_up, squat_jump, mountain_climber",False,dumbbell,92,90,92,90
0558baa5-c52c-49ea-8055-cc794e38bac9,Lateral Box Jump,box_jump,Box Jump,"squat_jump, lunge_jump, squat",False,bodyweight,70,88,95,65
056b76c8-0b57-41cd-a52f-0dd678c795ba,Lying Leg Lift Side,leg_exercise,Leg Exercise,"squat, leg_press",False,bodyweight,70,88,95,65
0578dba5-78a0-4761-9a60-c273777f4f05,Lying Supine Abdominal Breathing,core_exercise,Core Exercise,"crunch, plank",False,bodyweight,70,88,95,65
057ba54e-ee30-4a76-9d9f-f06312e8a8c9,Sissy Squat (Bodyweight),squat,Squat,"leg_press, leg_extension, lunge, leg_curl",False,bodyweight,70,88,95,65
057d50ff-0928-4faa-a4ec-0de7fd92cb1d,Sitting Jack On A Padded Stool,general_movement,Sitting Jack On A Padded Stool,,False,bodyweight,70,88,95,65
058e5185-7ed8-4af0-9974-4a887469f50e,Suspender Front Plank,plank,Plank,"crunch, leg_raise, russian_twist",True,bodyweight,70,88,95,65
058f5e10-96a2-4bb7-b0d7-4f86a07bcf66,Wide Seated Good Morning,good_morning,Good Morning,"romanian_deadlift, hip_thrust, back_extension",False,bodyweight,70,88,95,65
0593a6c7-f9f9-4e66-a9dc-6af493529902,Split Squat On A Chair,split_squat,Split Squat,"leg_press, leg_extension, lunge, leg_curl",False,bodyweight,70,88,95,65
0598f881-41e2-4b84-9336-548ea36652c6,Clasp Hands Shoulder Forward Roll,shoulder_exercise,Shoulder Exercise,"shoulder_press, lateral_raise",False,bodyweight,70,88,95,65
059d8193-cacb-48db-9fa1-05f3eb71f33a,Lever One Leg Extension,leg_extension,Leg Extension,"squat, leg_press, leg_curl",True,machine,80,75,20,88
05a98a03-ce91-4576-987b-3190271a3162,Leg Extension Star Crunch,leg_extension,Leg Extension,"squat, leg_press, leg_curl",False,bodyweight,70,88,95,65
05ab1c73-18c8-48a9-8431-fb81a00a4938,Standing Behind Sky Reach,general_movement,Standing Behind Sky Reach,,False,bodyweight,70,88,95,65
05b8d5ad-eb7d-401b-8bd8-cd866d53a89b,Single Arm Deadlift (Dumbbell),deadlift,Deadlift,"romanian_deadlift, bent_over_row, hip_thrust, squat",False,dumbbell,92,90,92,90
05b9aa62-2890-4c39-b8b7-f00d07080f31,Alternative Fly (Cable),fly,Chest Fly,"bench_press, incline_fly, push_up",False,cable,85,88,30,92
05c70cf0-3202-44d4-8706-4c04b89d92e5,Kneeling Hip Thrust,hip_thrust,Hip Thrust,"glute_bridge, romanian_deadlift, leg_curl",False,bodyweight,70,88,95,65
05c7d971-d179-46da-966f-4bfb11757fe1,Side Lunge Stretch,general_stretch,Stretch,,False,bodyweight,70,88,95,65
05c8d293-e5fc-4650-aa97-9eb23a8ff5f2,Upright Row (Kettlebell),upright_row,Upright Row,"lateral_raise, shrug, shoulder_press",False,kettlebell,75,85,85,78
05cc9846-bc12-411a-886f-2c16dcb507bd,Alternating Hamstring Curl Overhead Clap,leg_curl,Leg Curl,"romanian_deadlift, hip_thrust, leg_extension",False,bodyweight,70,88,95,65
05fdc551-ea3d-4987-8a44-b5b74cdbbdb0,Standing Pec Dec (Bodyweight),general_movement,Standing Pec Dec,,False,bodyweight,70,88,95,65
062b8b79-ca44-4d8d-8511-4e93157ba50c,Gate Rock,general_movement,Gate Rock,,False,bodyweight,70,88,95,65
063a968e-8c47-4b1a-8e83-4eac11ffcba9,Kneeling Thoracic Spine Extension,extension,Extension,"tricep_extension, leg_extension",False,bodyweight,70,88,95,65
064eb8e2-32b9-4256-858c-2ac5bfa44c78,Lying Vertical Hamstring Stretch,hamstring_stretch,Hamstring Stretch,,False,bodyweight,70,88,95,65
065c1b70-8ae6-4450-8064-2046e4cca407,EZ Bar Skull Crusher,skull_crusher,Skull Crusher,"tricep_extension, tricep_pushdown, dip",False,bodyweight,70,88,95,65
065ce37d-4df8-4770-b960-7ddb3c603011,Bench Squat (Barbell),squat,Squat,"leg_press, leg_extension, lunge, leg_curl",True,barbell,95,80,65,95
065f83ef-7290-473f-ac33-8ed4994ceabd,Kneeling Single Arm Horizontal Row (Cable),single_arm_row,Single Arm Row,"lat_pulldown, face_pull, bicep_curl, rear_delt_fly",False,cable,85,88,30,92
0661c1aa-6a2a-4034-80a3-84cb8b5beeb1,Hamstring Bridge,hamstring_exercise,Hamstring Exercise,"leg_curl, romanian_deadlift",False,bodyweight,70,88,95,65
066bffb2-cd0a-41a8-9d1b-78319da22b3e,Incline Single Arm Lat Pulldown (Cable),lat_pulldown,Lat Pulldown,"pull_up, bent_over_row, bicep_curl, face_pull",True,cable,85,88,30,92
067277f3-0884-48ce-992e-3871c20d46ae,Adductors Stretch Coronal Plane,general_stretch,Stretch,,False,bodyweight,70,88,95,65
06736e71-94da-43d5-b8fb-a0c114292148,Backkick Triceps Extension,tricep_extension,Tricep Extension,"tricep_pushdown, skull_crusher, dip, bicep_curl",False,bodyweight,70,88,95,65
067adab3-c043-42ce-a4fa-6b6c9a52aed4,Low Lunge Yoga Pose Anjaneyasana I,general_stretch,Stretch,,False,bodyweight,70,88,95,65
067cf622-b965-430f-9949-d1bc69bcca46,Suspender Side Bend,general_movement,Suspender Side Bend,,False,bodyweight,70,88,95,65
067ed029-a69f-4c12-883b-aeb5aaaf5514,Alternating Renegade Row (Kettlebell),bent_over_row,Bent Over Row,"lat_pulldown, face_pull, bicep_curl, rear_delt_fly",False,kettlebell,75,85,85,78
06925193-c864-480c-a7c7-c30d9ed6b0ee,Marching On Spot Press,press,Press,"bench_press, shoulder_press",False,bodyweight,70,88,95,65
0695f70d-828b-415e-a2b4-ecb8df3f50eb,Single Arm Lateral Raise (Bodyweight),lateral_raise,Lateral Raise,"shoulder_press, front_raise, rear_delt_fly",False,bodyweight,70,88,95,65
069fe6fb-93f9-4c10-b296-563d0f467cdb,Lying Ab Hold,core_exercise,Core Exercise,"crunch, plank",False,bodyweight,70,88,95,65
06ac78e2-5253-428b-826b-d241e8956efc,Reverse Grip Pull Up,pull_up,Pull Up,"lat_pulldown, bent_over_row, bicep_curl",True,bodyweight,70,88,95,65
06acbe2b-4562-41ef-a08c-bc735c36125a,Lying Full Leg Raise,leg_raise,Leg Raise,"crunch, plank, reverse_crunch",False,bodyweight,70,88,95,65
06ad1667-8fcd-47f0-aa59-4b4cc3cbb4cb,Front Raise Skater Stepback,front_raise,Front Raise,"shoulder_press, lateral_raise, incline_bench_press",False,bodyweight,70,88,95,65
06b9c967-f602-488f-bd38-14594b07cff8,Incline Y Raise (Band),raise,Raise,"lateral_raise, front_raise",False,band,60,85,90,50
06c087c7-5455-40e5-a1a8-c2dfb800da49,Seated Boat Row With A Towel On A Padded Stool,cable_row,Cable Row,"lat_pulldown, face_pull, bicep_curl, rear_delt_fly",False,bodyweight,70,88,95,65
06c3981b-a263-409e-b018-2efe16124f72,Smith Hip Thrust,hip_thrust,Hip Thrust,"glute_bridge, romanian_deadlift, leg_curl",False,smith_machine,72,70,25,80
06c7fde4-a0e5-4cea-89a1-4e7d4451ed4f,Biceps Curl (Kettlebell),bicep_curl,Bicep Curl,"hammer_curl, preacher_curl, tricep_extension",False,kettlebell,75,85,85,78
06d8ac0c-85c7-4914-9def-671625d7a2cc,Rope Climb,general_movement,Rope Climb,,False,bodyweight,70,88,95,65
06e3b24d-95bb-451a-8718-fba65a750a8f,Exercise Ball Serratus Wall Slide,general_movement,Exercise Ball Serratus Wall Slide,,False,bodyweight,70,88,95,65
06f4ce10-7e5c-4ff0-9e6e-7a4bb9a1cff6,Hammer Grip Pull Up On Dip Cage,dip,Dip,"bench_press, tricep_pushdown, push_up",True,bodyweight,70,88,95,65
06f9b5b8-eddd-455f-b40f-7af2ecf28ca0,Kickback (Cable),back_exercise,Back Exercise,"bent_over_row, lat_pulldown",False,cable,85,88,30,92
070b353a-42fd-4e41-81df-6337942184ad,Pull Through (Cable),core_exercise,Core Exercise,"crunch, plank",False,cable,85,88,30,92
0714bc1f-1f67-420c-90a4-49f44bd70bb2,Push Up (Band),push_up,Push Up,"bench_press, fly, dip, tricep_extension",False,band,60,85,90,50
072ca7ee-7b2b-4bcd-91b1-29e8a8af9015,Diagonal Lunge,lunge,Lunge,"split_squat, step_up, squat, leg_press",False,bodyweight,70,88,95,65
07315796-424f-416a-9d79-724a0bc08843,Dumbell Glute Dominant Bulgarian Split Squat,split_squat,Split Squat,"leg_press, leg_extension, lunge, leg_curl",False,bodyweight,70,88,95,65
07377926-0d6b-43aa-99c8-7df4fc0c4916,Hip External Rotator Stretch,hip_stretch,Hip Stretch,,False,bodyweight,70,88,95,65
07429137-17cf-4af3-8817-83331f0d131b,Twisting Pull (Cable),core_exercise,Core Exercise,"crunch, plank",False,cable,85,88,30,92
0746a5ad-2a4b-4edc-8e28-766430e845bf,Lever Parallel Chest Press,chest_press,Chest Press,"bench_press, fly, tricep_pushdown",True,machine,80,75,20,88
076f7b14-5c66-4d23-a7c4-a8246a24248e,Kneeling Sartorius Stretch,general_stretch,Stretch,,False,bodyweight,70,88,95,65
07806ecf-aa72-485e-b23f-ddcb0baa384c,Knee Leg Lifts,leg_exercise,Leg Exercise,"squat, leg_press",False,bodyweight,70,88,95,65
078368eb-ff3b-4129-9ade-1b483195f3d4,Bench Squat (Dumbbell),squat,Squat,"leg_press, leg_extension, lunge, leg_curl",False,dumbbell,92,90,92,90
078c0c63-480b-4680-9fa5-36b9a38ba57c,Lying Legs Extension Toes Flexion,extension,Extension,"tricep_extension, leg_extension",False,bodyweight,70,88,95,65
078e1668-d0ab-4e84-9bae-615918143cd0,Staggered Stance Deadlift (Kettlebell),deadlift,Deadlift,"romanian_deadlift, bent_over_row, hip_thrust, squat",False,kettlebell,75,85,85,78
07940854-0ca9-4c85-acdd-49395fed85a5,Romanian Deadlift To Row (Barbell),bent_over_row,Bent Over Row,"lat_pulldown, face_pull, bicep_curl, rear_delt_fly",True,barbell,95,80,65,95
07a015d1-af7a-4ab9-b268-bb4df2744733,Lever Hip Thrust (plate Loaded),hip_thrust,Hip Thrust,"glute_bridge, romanian_deadlift, leg_curl",False,machine,80,75,20,88
07a91a7e-9a27-4cd7-916b-9cc8838299a6,Child To Cobra Pose,general_stretch,Stretch,,False,bodyweight,70,88,95,65
07bbcfa8-91e6-4457-925d-405bb608f8fe,Deadlift (Kettlebell),deadlift,Deadlift,"romanian_deadlift, bent_over_row, hip_thrust, squat",False,kettlebell,75,85,85,78
07bd6001-34a0-4ba2-9991-1e4dba41a097,Lying On Floor Hammer Press (Dumbbell),press,Press,"bench_press, shoulder_press",False,dumbbell,92,90,92,90
07be87c5-ee26-4048-8f38-48094757f3a0,Touchdown,general_movement,Touchdown,,False,bodyweight,70,88,95,65
07c06504-cd56-45cc-8dc5-40c19ea749b0,Floor T Raise,raise,Raise,"lateral_raise, front_raise",False,bodyweight,70,88,95,65
07c7b6ac-b503-45db-b422-98e60764a83e,Sit Up Stand Up,crunch,Crunch,"leg_raise, plank, russian_twist",True,bodyweight,70,88,95,65
07d4934c-5f50-41c6-b496-2efa02aa1c72,Hip Adduction (Cable),hip_adduction,Hip Adduction,"hip_abduction, sumo_squat, lunge",False,cable,85,88,30,92
07d74f89-e482-4c13-9d36-176f6f98276a,Seated Squeeze Shoulder Blades Chest Stretch On A,shoulder_stretch,Shoulder Stretch,,False,bodyweight,70,88,95,65
07e79879-c7ed-4242-8ec2-9d181c517690,Seated Alternate Shoulders Circle,shoulder_exercise,Shoulder Exercise,"shoulder_press, lateral_raise",False,bodyweight,70,88,95,65
07eeddc9-4a40-4535-88a1-eec6b028c76b,By Major Groups Muscle Body,general_movement,By Major Groups Muscle Body,,False,bodyweight,70,88,95,65
07f1cd87-b495-438d-bed7-3a6e9c37cde4,Bottle Weighted Gorilla Row,bent_over_row,Bent Over Row,"lat_pulldown, face_pull, bicep_curl, rear_delt_fly",False,bodyweight,70,88,95,65
08130863-ac09-4d17-b7ad-896fe0640708,Jab Cross Left Hook Uppercut (combo),core_exercise,Core Exercise,"crunch, plank",False,bodyweight,70,88,95,65
0813cb68-e118-4810-90b4-49e6ce932dca,Lying Side Lift Free Lateral Flexion,general_movement,Lying Side Lift Free Lateral Flexion,,False,bodyweight,70,88,95,65
081af7c7-5b40-4bd2-ab41-d7e5dae1d64e,Decline Hammer Press (Dumbbell),press,Press,"bench_press, shoulder_press",False,dumbbell,92,90,92,90
081e418a-f026-4661-8bf4-5d2d7c3c7edc,Roll Anterior Calf Foam Rolling,calf_raise,Calf Raise,leg_press,False,bodyweight,70,88,95,65
0820bc13-4459-4f9e-8309-b8c14df4224a,Standing Elbow Clap,general_movement,Standing Elbow Clap,,False,bodyweight,70,88,95,65
082f3c14-9b80-490b-87f7-7b0e5949c3f6,Forward Hop On A Padded Stool,general_movement,Forward Hop On A Padded Stool,,False,bodyweight,70,88,95,65
08330208-33eb-419b-8d4b-c7e7d2c7e8b8,Front Squat With V Bar (Cable),front_squat,Front Squat,"leg_press, leg_extension, lunge, leg_curl",False,cable,85,88,30,92
083c4567-39f9-4b8c-be61-0a78e9abe6ff,Alternate Z Press (Dumbbell),press,Press,"bench_press, shoulder_press",False,dumbbell,92,90,92,90
084feee5-5a71-408a-9c83-ce356959a8a2,Bridge Pose Setu Bandhasana,general_stretch,Stretch,,False,bodyweight,70,88,95,65
085be7ee-0ba3-4a2b-b6e1-1b8d76992000,Kneeling Back Leg Lift Curl,curl,Curl,"bicep_curl, hammer_curl",False,bodyweight,70,88,95,65
086dbd6f-d8c6-4f5b-815e-7c3eef602286,Seated Chest Press On A Chair,chest_press,Chest Press,"bench_press, fly, tricep_pushdown",False,bodyweight,70,88,95,65
087229d5-2ec7-462f-9217-4a040d722de6,Single Leg Split Squat (Barbell),split_squat,Split Squat,"leg_press, leg_extension, lunge, leg_curl",False,barbell,95,80,65,95
0875d94b-a08b-42ed-9f04-b0bcf54c413e,Nordic Hamstring Curl,nordic_curl,Nordic Curl,"romanian_deadlift, hip_thrust, leg_extension",False,bodyweight,70,88,95,65
0880f1af-032d-40dd-922f-3d36db4bd3b5,Hanging Front Lever Raise,raise,Raise,"lateral_raise, front_raise",False,machine,80,75,20,88
08953058-adc7-4c22-93f3-33180e58358d,Push Up 3 Points Hops,push_up,Push Up,"bench_press, fly, dip, tricep_extension",True,bodyweight,70,88,95,65
089ab9b0-f01b-42be-89e5-f340eccbc6dd,Good Morning (Kettlebell),good_morning,Good Morning,"romanian_deadlift, hip_thrust, back_extension",False,kettlebell,75,85,85,78
089eb0fd-57ab-486b-b399-4c7acb206c08,Side Plank Hip Adduction,hip_adduction,Hip Adduction,"hip_abduction, sumo_squat, lunge",False,bodyweight,70,88,95,65
08b4572e-d7e1-4114-b886-679b8a13064b,Lean Back Air Cycling On A Chair,cycling,Cycling,,False,bodyweight,70,88,95,65
08b9cd53-185f-4c55-b6ce-bc75075ecfc6,Back Extension On Exercise Ball,back_extension,Back Extension,"romanian_deadlift, good_morning, glute_bridge",False,bodyweight,70,88,95,65
08ca5785-8446-4238-82e2-329491990d2d,Side Walk Tip Toes,general_movement,Side Walk Tip Toes,,False,bodyweight,70,88,95,65
08d66e08-7fad-494e-a791-b27b94e51287,Walking Front Side Top Punch,general_movement,Walking Front Side Top Punch,,False,bodyweight,70,88,95,65
08dc5acc-2634-4252-a1a1-6a8ee96b839a,Alternate Biceps Curl (Dumbbell),bicep_curl,Bicep Curl,"hammer_curl, preacher_curl, tricep_extension",True,dumbbell,92,90,92,90
08ee9121-238a-4d08-9511-9d523691e1dd,Hip Circles Stretch,hip_stretch,Hip Stretch,,False,bodyweight,70,88,95,65
08f704c2-6fd7-4dd7-bc3b-76e4a406a036,Pulsing Prayer Push,general_movement,Pulsing Prayer Push,,False,bodyweight,70,88,95,65
0903ced2-c07d-4bb0-803a-0ac5b4cf2854,Walking Shoulder Tap,shoulder_exercise,Shoulder Exercise,"shoulder_press, lateral_raise",False,bodyweight,70,88,95,65
0908b422-247c-4ab7-9498-b8dfcde5914b,Shin Box Pigeon,general_movement,Shin Box Pigeon,,False,bodyweight,70,88,95,65
09249d6e-8c33-42f9-a7af-a4ca03bf7a63,Donkey Diagonal Kickback (Cable),back_exercise,Back Exercise,"bent_over_row, lat_pulldown",False,cable,85,88,30,92
092c6f93-57ca-43f0-a570-836e7b8053d6,In And Out Jack,general_movement,In And Out Jack,,False,bodyweight,70,88,95,65
092de1c8-8067-48d5-8ad9-288af89ad716,Swing To Goblet Squat (Kettlebell),goblet_squat,Goblet Squat,"leg_press, leg_extension, lunge, leg_curl",False,kettlebell,75,85,85,78
093805a9-5d3c-4379-96c9-fc7b5ccf740d,Overhead Triceps Extension (Band),overhead_tricep_extension,Overhead Tricep Extension,"tricep_pushdown, skull_crusher, dip, bicep_curl",False,band,60,85,90,50
093873fe-4247-404f-b7ac-9f6b00723db7,Goblet Forward Backward Lunge (Kettlebell),lunge,Lunge,"split_squat, step_up, squat, leg_press",False,kettlebell,75,85,85,78
094c3407-e44b-4dc7-90eb-fe3026e19bf5,Lever Side Hip Adduction,hip_adduction,Hip Adduction,"hip_abduction, sumo_squat, lunge",False,machine,80,75,20,88
094dd2ab-09f9-4d88-b29a-3271b4dab20a,Plank Pass Through Push Up (Dumbbell),push_up,Push Up,"bench_press, fly, dip, tricep_extension",False,dumbbell,92,90,92,90
0956010c-95da-4ec1-9b3a-1b73ac62e7a8,Standing Hand Behind Side Bend,general_movement,Standing Hand Behind Side Bend,,False,bodyweight,70,88,95,65
095ea6b8-53d2-4467-b967-7b8755ea6a0f,Weighted Hip Thrusts,hip_thrust,Hip Thrust,"glute_bridge, romanian_deadlift, leg_curl",False,bodyweight,70,88,95,65
0964a0c1-666c-40e0-9877-f544e7662014,Marching On Spot Arms Swing,arm_exercise,Arm Exercise,"bicep_curl, tricep_extension",False,bodyweight,70,88,95,65
096b4f60-2c37-44b6-8752-b184b0fdc442,Split Stance Horizontal Pallof Press (Cable),press,Press,"bench_press, shoulder_press",False,cable,85,88,30,92
096c206b-a5ba-4ea4-974b-aa4e681aef3b,Seated Shoulders Tap,shoulder_exercise,Shoulder Exercise,"shoulder_press, lateral_raise",False,bodyweight,70,88,95,65
097c1692-d25a-487e-a886-3ad67d737927,Walking On Treadmill,general_movement,Walking On Treadmill,,False,bodyweight,70,88,95,65
097f9c9d-6021-473d-99b8-11782c0d42c4,Sky Punch,general_movement,Sky Punch,,False,bodyweight,70,88,95,65
09803738-752a-4390-81bc-67480817d51d,Swing Back,back_exercise,Back Exercise,"bent_over_row, lat_pulldown",False,bodyweight,70,88,95,65
099d91a6-1601-4269-bdb2-d174d88ca61f,Side Kick Burpee,burpee,Burpee,"push_up, squat_jump, mountain_climber",True,bodyweight,70,88,95,65
09a1e275-0ddf-4f7e-b433-cb35908745a7,Bear Walk,general_movement,Bear Walk,,False,bodyweight,70,88,95,65
09b1bcc2-1b80-40b1-bf83-65c81d8d2645,Single Arm Scapular Push Up To Rotation,push_up,Push Up,"bench_press, fly, dip, tricep_extension",True,bodyweight,70,88,95,65
09b71a61-b529-4cce-8980-7096d544352f,Swipe Butt Kick,general_movement,Swipe Butt Kick,,False,bodyweight,70,88,95,65
09bad5c5-6191-442c-980b-f188d1038f5c,Suspender Single Leg Plank,plank,Plank,"crunch, leg_raise, russian_twist",True,bodyweight,70,88,95,65
09bc9212-6193-4c36-b146-1c6623d83f5c,Face Down Lying Shoulder Press (Dumbbell),shoulder_press,Shoulder Press,"lateral_raise, front_raise, tricep_extension",False,dumbbell,92,90,92,90
09bcf7b6-a276-4165-852d-26a6025d2058,Kickbacks On Exercise Ball (Dumbbell),back_exercise,Back Exercise,"bent_over_row, lat_pulldown",False,dumbbell,92,90,92,90
09c36146-b69c-4639-add3-199fa5e66db1,Happy Baby Pose,general_stretch,Stretch,,False,bodyweight,70,88,95,65
09cbdd8b-3ebe-4cc1-8160-aeea0ba5012e,Kneeling Wrist Flexor Stretch,general_stretch,Stretch,,False,bodyweight,70,88,95,65
09df737e-5530-437d-8bef-915833e499c7,Side Lying Single Leg Adduction Hold,hip_adduction,Hip Adduction,"hip_abduction, sumo_squat, lunge",False,bodyweight,70,88,95,65
09e990ae-674f-4a21-b378-baf7886771e5,Overhead Squat (Bodyweight),squat,Squat,"leg_press, leg_extension, lunge, leg_curl",False,bodyweight,70,88,95,65
09ed8f78-4da4-4230-90b5-cf5d0e34a244,Standing Mid Air Finger Bounces,general_movement,Standing Mid Air Finger Bounces,,False,bodyweight,70,88,95,65
09fa298a-1258-463e-9192-54e101b8ea03,Lat Stretch Against Wall,back_stretch,Back Stretch,,False,bodyweight,70,88,95,65
0a0c3dcf-b5ee-44f4-9f50-cfe2ad51a4f9,Side Lunge Rock,lateral_lunge,Lateral Lunge,"split_squat, step_up, squat, leg_press",False,bodyweight,70,88,95,65
0a1e5b79-1ad1-48ef-a4bf-6222032c51f5,Knee To Chest Stretch,chest_stretch,Chest Stretch,,False,bodyweight,70,88,95,65
0a22ee98-8d52-41e0-bf45-36bd9741cab2,Lever Reverse Seated Shoulder Press,shoulder_press,Shoulder Press,"lateral_raise, front_raise, tricep_extension",False,machine,80,75,20,88
0a289afa-2cd6-4d80-9dfe-85fa06ffdadd,Lying Triceps Extension (Dumbbell),skull_crusher,Skull Crusher,"tricep_extension, tricep_pushdown, dip",False,dumbbell,92,90,92,90
0a30d40e-ba6e-4bf8-97e1-063960485b94,Split Squat,split_squat,Split Squat,"leg_press, leg_extension, lunge, leg_curl",False,bodyweight,70,88,95,65
0a386a24-a633-44c6-82fc-462185b7669c,Inchworm,general_movement,Inchworm,,False,bodyweight,70,88,95,65
0a3e60eb-9578-469d-ac24-5eb1bb7ea889,Kneeling Sissy Squat (Bodyweight),squat,Squat,"leg_press, leg_extension, lunge, leg_curl",False,bodyweight,70,88,95,65
0a4033fa-5183-4783-9ca5-1ed98a087464,Standing One Arm Curl (over Incline Bench) (Dumbbell),incline_curl,Incline Curl,"bicep_curl, preacher_curl, hammer_curl",False,dumbbell,92,90,92,90
0a4502b1-c1c4-43d1-92ec-4e35b4229780,Single Leg Squat (pistol),pistol_squat,Pistol Squat,"leg_press, leg_extension, lunge, leg_curl",False,bodyweight,70,88,95,65
0a49ca9a-7167-4595-a8f8-4269910c652b,Hand Swipes Side Step,general_movement,Hand Swipes Side Step,,False,bodyweight,70,88,95,65
0a4cd44d-774a-4c0b-94a4-37a8c052f489,Body Up,general_movement,Body Up,,False,bodyweight,70,88,95,65
0a56892b-dbc5-45c8-b872-cf8496a29229,Sideway Turn,general_movement,Sideway Turn,,False,bodyweight,70,88,95,65
0a620ee2-6311-49f5-adff-dcfe9911d01a,Weighted Squat Side Leg Kick,squat,Squat,"leg_press, leg_extension, lunge, leg_curl",False,bodyweight,70,88,95,65
0a648908-decc-40cc-b201-167d35fbe846,Bent Over Rear Deltoid Kickback (Band),rear_delt_fly,Rear Delt Fly,"face_pull, lateral_raise, bent_over_row",False,band,60,85,90,50
0a851f26-b48b-45ca-a27f-4b681a5a49ba,Hip Abduction (Cable),hip_abduction,Hip Abduction,"hip_adduction, glute_kickback, hip_thrust",False,cable,85,88,30,92
0a88e621-3f3e-4bf4-89f9-eb4b051f9fa5,Seated Leg Kick On A Chair,leg_exercise,Leg Exercise,"squat, leg_press",False,bodyweight,70,88,95,65
0a9ee600-82fd-4de8-a25c-55d29d513e33,Lever Seated Dip,dip,Dip,"bench_press, tricep_pushdown, push_up",False,machine,80,75,20,88
0aa0b1db-8626-4b57-a8c7-f54d63b20534,Incline Hammer Curl (Band),hammer_curl,Hammer Curl,"bicep_curl, preacher_curl, reverse_curl",False,band,60,85,90,50
0aa696e7-3099-40d4-ae6e-eff6c90335f5,Seated In Out Leg Raise On Floor,leg_raise,Leg Raise,"crunch, plank, reverse_crunch",False,bodyweight,70,88,95,65
0aab604b-7744-4927-b946-3c46b70e0e6a,Suspender One Leg Chest Press,chest_press,Chest Press,"bench_press, fly, tricep_pushdown",False,bodyweight,70,88,95,65
0ab4a3fd-f079-4146-916e-001ea985f4ef,Lever Shoulder Press (plate Loaded),shoulder_press,Shoulder Press,"lateral_raise, front_raise, tricep_extension",False,machine,80,75,20,88
0ab70a10-d830-40f3-bea0-6fb6f077814b,Incline Pushdown (Cable),tricep_pushdown,Tricep Pushdown,"tricep_extension, skull_crusher, dip",True,cable,85,88,30,92
0abf8aff-9a4c-449a-8b55-53790a59d04e,Walk Forward And Backward,back_exercise,Back Exercise,"bent_over_row, lat_pulldown",False,bodyweight,70,88,95,65
0ac22d98-ff50-4f76-a818-b3270f41f6c2,Overhead Triceps Extension (Rope) (Cable),overhead_tricep_extension,Overhead Tricep Extension,"tricep_pushdown, skull_crusher, dip, bicep_curl",False,cable,85,88,30,92
0ac54293-ae48-4ca8-962e-bc8fa9596c31,Kneeling Pseudo Planche Push Up,push_up,Push Up,"bench_press, fly, dip, tricep_extension",True,bodyweight,70,88,95,65
0accc6c8-1b5b-47d3-9352-192c00d65a3e,Narrow Chair Stand Up (Cable),bent_over_row,Bent Over Row,"lat_pulldown, face_pull, bicep_curl, rear_delt_fly",False,cable,85,88,30,92
0ace8b80-e043-422b-8d5a-a2833823fb2f,Butterfly Pull Up,fly,Chest Fly,"bench_press, incline_fly, push_up",False,bodyweight,70,88,95,65
0ad41cb1-b157-4baf-857c-7999ad0a70b2,Standing Close Grip Military Press (Barbell),shoulder_press,Shoulder Press,"lateral_raise, front_raise, tricep_extension",True,barbell,95,80,65,95
0aef99c7-7ab1-444b-a97f-4df2b9ce2cc0,EZ (Barbell) Lying Triceps Extension,skull_crusher,Skull Crusher,"tricep_extension, tricep_pushdown, dip",False,barbell,95,80,65,95
0b08f8e4-8c99-4b1a-a3bc-96fb5e36ce36,Kneeling Fist To Palm Switch,general_movement,Kneeling Fist To Palm Switch,,False,bodyweight,70,88,95,65
0b13faf7-6527-465a-803c-174e1218e0e3,U Squat,squat,Squat,"leg_press, leg_extension, lunge, leg_curl",False,bodyweight,70,88,95,65
0b1449cb-0df9-4d4e-b3b7-e4b1afcb0420,Majorette Twist Rep,general_movement,Majorette Twist Rep,,False,bodyweight,70,88,95,65
0b1e1f98-771a-4edd-9d4f-6910a5546140,Isometric Biceps Hold (Resistance Band),arm_exercise,Arm Exercise,"bicep_curl, tricep_extension",False,band,60,85,90,50
0b2b74dd-b7d8-4a4a-9e6c-7a7c5a61675b,Toe Tap Split Jump,general_movement,Toe Tap Split Jump,,False,bodyweight,70,88,95,65
0b2bc4f1-897d-48e5-a4f2-8fa56d26bd94,Twisting Standing One Arm Chest Press (Cable),chest_press,Chest Press,"bench_press, fly, tricep_pushdown",False,cable,85,88,30,92
0b32e9d5-15fb-45a1-add3-bece4545f6d5,Bent Knee Abduction Crunch With Arms Through,hip_abduction,Hip Abduction,"hip_adduction, glute_kickback, hip_thrust",False,bodyweight,70,88,95,65
0b3b7456-4105-4f58-9f79-2a0338569c8c,Seated Open Wings,general_movement,Seated Open Wings,,False,bodyweight,70,88,95,65
0b412a59-48d6-4530-bc90-a03809afe58d,Squat Hamstring Curl,squat,Squat,"leg_press, leg_extension, lunge, leg_curl",False,bodyweight,70,88,95,65
0b4181b5-90bd-47e8-b450-c1e15efa1826,Suspension Fly,fly,Chest Fly,"bench_press, incline_fly, push_up",False,bodyweight,70,88,95,65
0b669d9d-c62d-468b-8abd-47969819308b,Cross Chest Biceps Curl (Band),bicep_curl,Bicep Curl,"hammer_curl, preacher_curl, tricep_extension",False,band,60,85,90,50
0b70bc80-b848-45a6-8524-7328588515d6,Incline Hammer Press (Dumbbell),press,Press,"bench_press, shoulder_press",False,dumbbell,92,90,92,90
0b7898e6-236d-412f-b62f-3092fcb62ca8,Deep Lunge Circle,lunge,Lunge,"split_squat, step_up, squat, leg_press",False,bodyweight,70,88,95,65
0b8da56e-14e9-43c5-8b83-449d47cd51a7,4 Punches Side Squat,squat,Squat,"leg_press, leg_extension, lunge, leg_curl",False,bodyweight,70,88,95,65
0ba2e6f3-bc4c-4d8a-9d99-f27e739100eb,Glute Bridge Alternating Straight Leg Open,glute_bridge,Glute Bridge,"hip_thrust, romanian_deadlift, leg_curl",False,bodyweight,70,88,95,65
0ba73387-fa16-4856-8ce6-f15d71098fba,Reverse Lunge Quick Arms,reverse_lunge,Reverse Lunge,"split_squat, step_up, squat, leg_press",False,bodyweight,70,88,95,65
0bb17e92-17b9-4bdb-aef6-5349c55b4b0a,Half Jumping Jack,jumping_jack,Jumping Jack,"burpee, high_knees, squat_jump",False,bodyweight,70,88,95,65
0bb2591c-0f8a-4dcb-8f55-f23171aa5c57,Side To Side Side Punch,general_movement,Side To Side Side Punch,,False,bodyweight,70,88,95,65
0bc31217-16eb-43a6-9825-b2c51c310a25,Around The World Superman,general_movement,Around The World Superman,,False,bodyweight,70,88,95,65
0bcd34c7-48ee-47ac-8e2c-10733d6544fd,Kneeling Single Kickback Fire Hydrant,hip_abduction,Hip Abduction,"hip_adduction, glute_kickback, hip_thrust",False,bodyweight,70,88,95,65
0bd8179b-a77c-4efc-867c-916a7169c0f4,Donkey Kickback,back_exercise,Back Exercise,"bent_over_row, lat_pulldown",False,bodyweight,70,88,95,65
0bde1dfd-d4df-414b-a1a3-17db1b60375f,Seated Shoulder Waves,shoulder_exercise,Shoulder Exercise,"shoulder_press, lateral_raise",False,bodyweight,70,88,95,65
0befa7b2-ba02-44cc-968e-b05902123c24,Seated Alternating Shoulders Press On Chair,press,Press,"bench_press, shoulder_press",False,bodyweight,70,88,95,65
0bf70036-6522-4d3e-b4e6-3a009b53aab0,Power Jack,general_movement,Power Jack,,False,bodyweight,70,88,95,65
0c17e636-cc94-4b3c-8930-6d4ccafaff48,Kneeling Dynamic Plank,plank,Plank,"crunch, leg_raise, russian_twist",True,bodyweight,70,88,95,65
0c2525ea-73b6-488f-8e58-2bd79147229a,Seated Knee Thrust On A Chair,general_movement,Seated Knee Thrust On A Chair,,False,bodyweight,70,88,95,65
0c264a41-723f-4c17-bd77-5a76358df313,Alternating Step Out,general_movement,Alternating Step Out,,False,bodyweight,70,88,95,65
0c32d7a7-1fc1-41e1-bfc0-dcebdf206a9b,Lever Seated Single Arm Row,cable_row,Cable Row,"lat_pulldown, face_pull, bicep_curl, rear_delt_fly",False,machine,80,75,20,88
0c39e539-edb5-4f42-a548-cc72bd1e4364,Rear Lunge Twist (Bodyweight),lunge,Lunge,"split_squat, step_up, squat, leg_press",False,bodyweight,70,88,95,65
0c4062c5-ea14-42b1-8acf-f05c806cf8f6,Seated Rhomboid Stretch,general_stretch,Stretch,,False,bodyweight,70,88,95,65
0c421e1d-7754-420b-a559-a874cd7f1567,Sitting Lean Forward Groin Stretch On A Chair,general_stretch,Stretch,,False,bodyweight,70,88,95,65
0c4f5e2e-2a7f-4c1a-bf10-60fbfa072071,Lying External Shoulder Rotation (Dumbbell),shoulder_exercise,Shoulder Exercise,"shoulder_press, lateral_raise",False,dumbbell,92,90,92,90
0c500eb7-253a-4e5d-b4b6-6f1ed592de62,Standing Stepback,back_exercise,Back Exercise,"bent_over_row, lat_pulldown",False,bodyweight,70,88,95,65
0c6532c8-42aa-48fa-807f-086da6d2b535,Sled Hack Squat,hack_squat,Hack Squat,"leg_press, leg_extension, lunge, leg_curl",False,bodyweight,70,88,95,65
0c6d26f9-8163-4a68-8336-e595024ff4de,Snatch And Swing (Kettlebell),snatch,Snatch,"clean, overhead_squat, deadlift",False,kettlebell,75,85,85,78
0c6da7fe-4118-4d52-9d73-98dbe10cc9ea,Garland Pose,general_stretch,Stretch,,False,bodyweight,70,88,95,65
0c71a8f5-abeb-4b6e-a082-cc2d7dee97b9,Seated Chest Press (Cable),chest_press,Chest Press,"bench_press, fly, tricep_pushdown",False,cable,85,88,30,92
0cabbb43-85f6-4d88-a39b-eda875221761,Full Front Raise Catch (Dumbbell),front_raise,Front Raise,"shoulder_press, lateral_raise, incline_bench_press",True,dumbbell,92,90,92,90
0cafc550-5035-43cc-b02c-a8bf5a2fd25d,Standing Shoulder Press To Pec Dec (Dumbbell),shoulder_press,Shoulder Press,"lateral_raise, front_raise, tricep_extension",False,dumbbell,92,90,92,90
0cb269b4-8336-4548-9bb6-37c363766c3b,Seated Side Leg Lift On Chair,leg_exercise,Leg Exercise,"squat, leg_press",False,bodyweight,70,88,95,65
0cc0e9d9-4f46-42f8-ad7f-6fac689e397f,Plate Pinch,general_movement,Plate Pinch,,False,bodyweight,70,88,95,65
0cc12108-1fd6-4651-97e6-ff8efc19710c,Face Pull (Band),face_pull,Face Pull,"rear_delt_fly, lateral_raise, bent_over_row",False,band,60,85,90,50
0cd448d2-15c9-475d-a788-f68f2c142373,Weighted Bottle Side Lying Shoulder External Rotat,shoulder_exercise,Shoulder Exercise,"shoulder_press, lateral_raise",False,bodyweight,70,88,95,65
0cd73e62-0317-421b-ab92-d0662e4973d2,Goblet Marching On Spot (Kettlebell),general_movement,Goblet Marching On Spot,,False,kettlebell,75,85,85,78
0cdec75d-315a-425a-b696-6341b5631795,Alternating Side Step Back Toe Tap Walk,back_exercise,Back Exercise,"bent_over_row, lat_pulldown",False,bodyweight,70,88,95,65
0cfd8b5a-09a9-421d-82c1-ec20ef49895b,Baddha Konasana Flow Pose,general_stretch,Stretch,,False,bodyweight,70,88,95,65
0d002e3d-deeb-497e-a44e-216e585fbe29,Elbow Plank With Single Arm Pulldo (Resistance Band),plank,Plank,"crunch, leg_raise, russian_twist",False,band,60,85,90,50
0d063952-1830-4541-8c27-9598a9f47c2a,KAS Glute Bridge (Barbell),glute_bridge,Glute Bridge,"hip_thrust, romanian_deadlift, leg_curl",False,barbell,95,80,65,95
0d077e27-9620-4819-b005-cda4941db202,Renegade Row Walk (Dumbbell),bent_over_row,Bent Over Row,"lat_pulldown, face_pull, bicep_curl, rear_delt_fly",False,dumbbell,92,90,92,90
0d0af7bc-458a-4ed2-af63-e8ecc7f8e306,Standing Wide Grip Curl (Barbell),bicep_curl,Bicep Curl,"hammer_curl, preacher_curl, tricep_extension",False,barbell,95,80,65,95
0d12ba6f-ee27-4dcc-bf7e-dcd07376c92d,Sitting Shoulder Press And Hip Abduction On A Padd,shoulder_press,Shoulder Press,"lateral_raise, front_raise, tricep_extension",False,bodyweight,70,88,95,65
0d132dda-6bd4-4c63-8a02-27367a610e1c,Lying Side Stretch,general_stretch,Stretch,,False,bodyweight,70,88,95,65
0d142e38-1556-4fc2-a61f-16d533a14b8b,Seated Wide Grip Row (Cable),cable_row,Cable Row,"lat_pulldown, face_pull, bicep_curl, rear_delt_fly",True,cable,85,88,30,92
0d146a84-8bd5-463f-bef9-a415d0d99c92,Cobra To Child Pose,general_stretch,Stretch,,False,bodyweight,70,88,95,65
0d17fc82-3737-4f81-be39-6ba250afe577,Incline Row (Barbell),bent_over_row,Bent Over Row,"lat_pulldown, face_pull, bicep_curl, rear_delt_fly",True,barbell,95,80,65,95
0d353e2b-afd4-4105-a3b0-a93edeea65a7,Lever Biceps Curl,bicep_curl,Bicep Curl,"hammer_curl, preacher_curl, tricep_extension",False,machine,80,75,20,88
0d360725-902c-412b-ae1b-2d671079a72b,Standing Twist (Barbell),general_movement,Standing Twist,,False,barbell,95,80,65,95
0d4026f2-3144-46e0-b600-74c1edcabb35,Standing Wrist Rotation,general_movement,Standing Wrist Rotation,,False,bodyweight,70,88,95,65
0d411f94-0e76-4e0f-99eb-655c25eea414,Mid Air Lateral Raises With Switching Palms,lateral_raise,Lateral Raise,"shoulder_press, front_raise, rear_delt_fly",False,bodyweight,70,88,95,65
0d433491-6556-4f3b-8e7d-5e5c3950fdc8,Side Swing (Kettlebell),kettlebell_swing,Kettlebell Swing,"hip_thrust, deadlift, clean",False,kettlebell,75,85,85,78
0d4b5cd0-ffce-485f-8e87-3af36829cb40,Elliptical Machine Skiing,general_movement,Elliptical Machine Skiing,,False,machine,80,75,20,88
0d582a56-0acc-41c1-8e73-156270980fb6,Landmine Kneeling One Arm Shoulder Press,shoulder_press,Shoulder Press,"lateral_raise, front_raise, tricep_extension",False,bodyweight,70,88,95,65
0d613c4e-7ef4-41e7-a99b-6f6fea30e10b,Forward Bend Back Stretch,back_stretch,Back Stretch,,False,bodyweight,70,88,95,65
0d63bb50-d522-4ef0-aa4c-b490d6c848ef,High Row (Cable),bent_over_row,Bent Over Row,"lat_pulldown, face_pull, bicep_curl, rear_delt_fly",False,cable,85,88,30,92
0d67a180-02f4-4d8d-92b2-53cebc14942d,EZ Bar Standing Front Raise,front_raise,Front Raise,"shoulder_press, lateral_raise, incline_bench_press",False,bodyweight,70,88,95,65
0d67d766-f85d-44dd-8a4c-22322727d156,Incline Y Raise With Back Support (Cable),raise,Raise,"lateral_raise, front_raise",False,cable,85,88,30,92
0d7a116c-3077-41d8-8c4d-9624c5d95810,Quick Sumo Quarter Squat,sumo_squat,Sumo Squat,"leg_press, leg_extension, lunge, leg_curl",False,bodyweight,70,88,95,65
0d8b0a32-edcc-42d0-a63f-8c5e60e0e2b0,Side Step Crunch,oblique_crunch,Oblique Crunch,"leg_raise, plank, russian_twist",False,bodyweight,70,88,95,65
0d94c80d-efdb-4c08-99b9-77b4e50179d8,Kneeling Single Hamstring Curl,leg_curl,Leg Curl,"romanian_deadlift, hip_thrust, leg_extension",False,bodyweight,70,88,95,65
0da44da2-92f9-4639-8283-c51c2467b6f9,Incline Palm In Press (Dumbbell),press,Press,"bench_press, shoulder_press",False,dumbbell,92,90,92,90
0da458d3-4af5-4ad9-8b8a-4fa6de4d8d7a,Decline Shrug (Barbell),shrug,Shrug,"upright_row, deadlift, bent_over_row",False,barbell,95,80,65,95
0db11956-d237-45a8-ac6c-6463845b1369,Kneeling Side Leg To Kick,leg_exercise,Leg Exercise,"squat, leg_press",False,bodyweight,70,88,95,65
0dc71b55-3ef4-47b0-8c44-2c3026947de1,Standing Alternating Arms Swing,arm_exercise,Arm Exercise,"bicep_curl, tricep_extension",False,bodyweight,70,88,95,65
0dc9c496-27ea-4e10-986b-c3f5308c518d,Kneeling Wrist Flexion Curl (Resistance Band),general_movement,Kneeling Wrist Flexion Curl,,False,band,60,85,90,50
0dd712b9-ae77-4056-898d-f7cc4ed9af05,Monster Walk (Resistance Band),general_movement,Monster Walk,,False,band,60,85,90,50
0de540c7-7c21-42d7-8668-3af365923a3b,Seated Shoulder Press (parallel Grip) (Dumbbell),shoulder_press,Shoulder Press,"lateral_raise, front_raise, tricep_extension",False,dumbbell,92,90,92,90
0de80493-abd5-4920-88e7-572125db9f8b,Zottman Curl (Dumbbell),bicep_curl,Bicep Curl,"hammer_curl, preacher_curl, tricep_extension",True,dumbbell,92,90,92,90
0dea0cde-7956-48b5-a814-b9395c653ae5,Suspender Lying Leg Raise,leg_raise,Leg Raise,"crunch, plank, reverse_crunch",False,bodyweight,70,88,95,65
0e0412be-a23b-4437-a2c5-a11781fb6e68,Plank Jack,plank,Plank,"crunch, leg_raise, russian_twist",True,bodyweight,70,88,95,65
0e14924b-808e-429e-9672-74ea32b35c54,Close Grip Curl (Dumbbell),bicep_curl,Bicep Curl,"hammer_curl, preacher_curl, tricep_extension",True,dumbbell,92,90,92,90
0e27a76c-ecf7-400b-b5bf-6791879ed4a8,Standing Lat Pulldown,lat_pulldown,Lat Pulldown,"pull_up, bent_over_row, bicep_curl, face_pull",False,bodyweight,70,88,95,65
0e3072f7-92f3-4d04-97d0-683d149c5ddc,Side Lying Side Lift Free Lateral Flexion,general_movement,Side Lying Side Lift Free Lateral Flexion,,False,bodyweight,70,88,95,65
0e30b7ee-e076-4270-9da0-140782a002a0,Half Squat Side Lunge,squat,Squat,"leg_press, leg_extension, lunge, leg_curl",False,bodyweight,70,88,95,65
0e31e00b-3b5b-4605-9ef1-29d062039731,Standing Balance Hip Abduction (Resistance Band),hip_abduction,Hip Abduction,"hip_adduction, glute_kickback, hip_thrust",False,band,60,85,90,50
0e32d3cd-eb2b-4629-9c30-ce885c0289fe,Side Step Chest Fly Walk,fly,Chest Fly,"bench_press, incline_fly, push_up",False,bodyweight,70,88,95,65
0e36489a-4bf5-4200-a140-d29b06b37132,Standing Side Bend Curtsey,general_movement,Standing Side Bend Curtsey,,False,bodyweight,70,88,95,65
0e3eda3b-5c53-4083-812e-df886fef4d7d,Dead Bug (Kettlebell),general_movement,Dead Bug,,False,kettlebell,75,85,85,78
0e3eeb2b-9292-43f8-84f5-8193f5530ab9,Squat Knees End Position (Barbell),squat,Squat,"leg_press, leg_extension, lunge, leg_curl",True,barbell,95,80,65,95
0e439f92-8f81-4193-b6f6-3ef02953e20a,Stepjack Overhead Press,shoulder_press,Shoulder Press,"lateral_raise, front_raise, tricep_extension",False,bodyweight,70,88,95,65
0e4ab405-4660-4d72-ab36-88b8fc222009,Standing Turn And Knee Raise,leg_raise,Leg Raise,"crunch, plank, reverse_crunch",False,bodyweight,70,88,95,65
0e4b6aab-eacc-43be-a83e-c30ec98037de,Hanging Knee Raise,hanging_leg_raise,Hanging Leg Raise,"crunch, plank, reverse_crunch",False,bodyweight,70,88,95,65
0e558273-c56c-4a34-a91a-01dd3ee48031,Seated Lats Focused Row (Cable),cable_row,Cable Row,"lat_pulldown, face_pull, bicep_curl, rear_delt_fly",True,cable,85,88,30,92
0e5c5942-233e-44c0-bd34-a3601b883b1b,Reverse Fly (Dumbbell),rear_delt_fly,Rear Delt Fly,"face_pull, lateral_raise, bent_over_row",False,dumbbell,92,90,92,90
0e628ada-2122-4f6b-b0a2-4a49618b4ad6,Lever Standing Lateral Raise,lateral_raise,Lateral Raise,"shoulder_press, front_raise, rear_delt_fly",False,machine,80,75,20,88
0e68c449-6b40-4e34-a29d-78e344b42e2e,Seated Boat Row On Chair,cable_row,Cable Row,"lat_pulldown, face_pull, bicep_curl, rear_delt_fly",False,bodyweight,70,88,95,65
0e6fabc8-12f6-48e9-920a-e14b2c19455a,Squat (bosu Ball),squat,Squat,"leg_press, leg_extension, lunge, leg_curl",False,bodyweight,70,88,95,65
0e72df3c-923c-4764-81dc-cb9b955b406c,Assisted Weighted Push Up,push_up,Push Up,"bench_press, fly, dip, tricep_extension",True,bodyweight,70,88,95,65
0e7bf1b7-1764-4f62-ba95-b5f56c29e1c3,Step Side Sky Punch,general_movement,Step Side Sky Punch,,False,bodyweight,70,88,95,65
0e8836bd-f410-4602-b5ec-95f1c8249fce,Calf Raise Clap,calf_raise,Calf Raise,leg_press,False,bodyweight,70,88,95,65
0e8e4c0c-8489-41e4-996e-523a7c3c0601,Learning Front Raise (Kettlebell),front_raise,Front Raise,"shoulder_press, lateral_raise, incline_bench_press",False,kettlebell,75,85,85,78
0ea50b32-892e-4f71-b83c-e7117e16aa29,Squat Side Leg Kick (Cable),squat,Squat,"leg_press, leg_extension, lunge, leg_curl",False,cable,85,88,30,92
0ea86656-d2a0-473f-bf51-1656d141194d,Sitting Side Crunch,oblique_crunch,Oblique Crunch,"leg_raise, plank, russian_twist",False,bodyweight,70,88,95,65
0eaa8be1-8800-409c-a4e1-1c6b84f82987,Star Obliques Twist High Knee,high_knees,High Knees,"mountain_climber, burpee, jumping_jack",False,bodyweight,70,88,95,65
0eb62fee-d430-4ade-8406-215ffb305aa2,One Arm Inner Biceps Curl (Cable),bicep_curl,Bicep Curl,"hammer_curl, preacher_curl, tricep_extension",False,cable,85,88,30,92
0eba213d-6e33-45a1-a540-add8c4db0433,Lever Standing Hip Extension,extension,Extension,"tricep_extension, leg_extension",False,machine,80,75,20,88
0ec2baa8-3e62-47a4-ad77-05a3a1ec4f16,Seated Neck Side Upward Stretch,general_stretch,Stretch,,False,bodyweight,70,88,95,65
0ed5cb9f-9a7d-4840-be9b-f47f9fa16fce,V Up,v_up,V Up,"crunch, leg_raise, plank",False,bodyweight,70,88,95,65
0ee3afb7-f479-47cb-9ec1-0fea5b9a24bc,Standing Supinated Face Pull (with Towels),face_pull,Face Pull,"rear_delt_fly, lateral_raise, bent_over_row",False,bodyweight,70,88,95,65
0ee53c89-3ca2-4ed6-a899-a90ebe1c6038,Tip Toe Glute Bridge,glute_bridge,Glute Bridge,"hip_thrust, romanian_deadlift, leg_curl",False,bodyweight,70,88,95,65
0ef5edd3-8158-4f1e-9c07-49941fbc645c,Pass Through With Towel,general_movement,Pass Through With Towel,,False,bodyweight,70,88,95,65
0f0b90dd-d9f8-409a-bc28-a3118e6fc2c2,Medicine Ball Lying Floor Close Press Catch,press,Press,"bench_press, shoulder_press",False,bodyweight,70,88,95,65
0f10c9ff-67ca-45d8-a0c7-1f48e5fc7106,Roll Ball Gluteus Medius,glute_exercise,Glute Exercise,"hip_thrust, glute_bridge",False,bodyweight,70,88,95,65
0f203330-319c-4471-a5c0-e0292a09a7ae,Standing Hip Hugger (Dumbbell),general_movement,Standing Hip Hugger,,False,dumbbell,92,90,92,90
0f245afd-20f0-4128-8440-e53a357aba10,Sitting Dynamic Side Stretch (front Pov),general_stretch,Stretch,,False,bodyweight,70,88,95,65
0f35d66d-812c-443f-8ec7-b622afd12ba2,Weighted Steel Mace Squat,squat,Squat,"leg_press, leg_extension, lunge, leg_curl",False,bodyweight,70,88,95,65
0f3728ab-b425-45b2-b93f-f3e1ba3d5328,Deadlift (Dumbbell),deadlift,Deadlift,"romanian_deadlift, bent_over_row, hip_thrust, squat",False,dumbbell,92,90,92,90
0f3bd3e2-3541-4536-9957-14f2808f1bf9,Standing Glute Back Lift Against Wall,back_exercise,Back Exercise,"bent_over_row, lat_pulldown",False,bodyweight,70,88,95,65
0f3c2cb8-e91b-45b4-b433-e7fd4c099f11,Side Lying Thoracic Open Book,general_movement,Side Lying Thoracic Open Book,,False,bodyweight,70,88,95,65
0f4506a6-ec3b-4ad3-9c5e-fffce3dd17c6,Side Plank Glute Raise (Resistance Band),side_plank,Side Plank,"crunch, leg_raise, russian_twist",False,band,60,85,90,50
0f458bc0-5ac0-440f-8b24-024e90f66f82,Sitting Upright Row On A Chair,upright_row,Upright Row,"lateral_raise, shrug, shoulder_press",False,bodyweight,70,88,95,65
0f4ca87f-4588-4fc7-9ad4-86a57c77dc4d,Lever Standing Single Leg Calf Raise,calf_raise,Calf Raise,leg_press,False,machine,80,75,20,88
0f5a4c59-4d27-4ac3-ab25-37a7d25078b3,Cat Cow Stretch,general_stretch,Stretch,,False,bodyweight,70,88,95,65
0f5c27ba-8aa9-47d9-b413-21b97500d1ea,Crunch Hold With Legs Off (Dumbbell),crunch,Crunch,"leg_raise, plank, russian_twist",False,dumbbell,92,90,92,90
0f5ea064-1ffe-4630-8b95-bb2928ea96fb,Side Bend Arms Above,arm_exercise,Arm Exercise,"bicep_curl, tricep_extension",False,bodyweight,70,88,95,65
0f5fc153-5fb9-46f3-a423-9ca47dc99933,Curtsey Lunge (Dumbbell),lunge,Lunge,"split_squat, step_up, squat, leg_press",False,dumbbell,92,90,92,90
0f709371-17e8-4eaf-b933-2e2f07f4faca,Control Balance,general_movement,Control Balance,,False,bodyweight,70,88,95,65
0f7f9cab-b0c6-4b13-915c-e5d6d85e8f8f,Sitting Hands Behind Chest Stretch On A Chair,chest_stretch,Chest Stretch,,False,bodyweight,70,88,95,65
0f8ca0a3-7093-4f73-818c-4f1a5b65a31e,JM Bench Press (Barbell),bench_press,Bench Press,"incline_bench_press, fly, tricep_pushdown, dip",True,barbell,95,80,65,95
0f931b6e-700c-44bb-ab4b-9474ba84b61d,Side Crunch Squat,squat,Squat,"leg_press, leg_extension, lunge, leg_curl",False,bodyweight,70,88,95,65
0f93b211-5ec6-471f-8ee6-29982d442f73,Side Plank Clamshell (Resistance Band),hip_abduction,Hip Abduction,"hip_adduction, glute_kickback, hip_thrust",False,band,60,85,90,50
0fac190c-718e-421a-b5c9-cc68a1016c2e,Inverted Legs Elevated Close Grip Row,inverted_row,Inverted Row,"lat_pulldown, face_pull, bicep_curl, rear_delt_fly",False,bodyweight,70,88,95,65
0fac8fcc-eb9a-4b20-861a-0ccc3a6b02c4,Standing Chest Press (Cable),chest_press,Chest Press,"bench_press, fly, tricep_pushdown",False,cable,85,88,30,92
0fbb6fde-0cb6-4948-8ff4-5ca05fe8d092,Kneeling Leg Half Circle On Bench,leg_exercise,Leg Exercise,"squat, leg_press",False,bodyweight,70,88,95,65
0fc76d1b-0090-4766-866d-fbd78068f699,Side Lying Heel Reaches,general_movement,Side Lying Heel Reaches,,False,bodyweight,70,88,95,65
0fd962b9-ae01-4fb6-bf50-3efd705f0c37,Step Up Biceps Curl (Dumbbell),bicep_curl,Bicep Curl,"hammer_curl, preacher_curl, tricep_extension",True,dumbbell,92,90,92,90
0fe63938-f91b-4536-9fe3-8e43b92b2835,Dip Bent Knees With Chair,dip,Dip,"bench_press, tricep_pushdown, push_up",True,bodyweight,70,88,95,65
0fefe0dd-6212-4c39-a856-9ecddfbe4ba5,Close Grip Bench Press (Barbell),close_grip_bench_press,Close Grip Bench Press,"bench_press, tricep_extension, dip",False,barbell,95,80,65,95
0ffac113-bf32-4bf6-8a99-1499e318ff52,Crunch Floor,crunch,Crunch,"leg_raise, plank, russian_twist",True,bodyweight,70,88,95,65
0ffbbb73-74ad-4d0b-a88f-dd00eb9a8211,Low Fly (Cable),fly,Chest Fly,"bench_press, incline_fly, push_up",False,cable,85,88,30,92
0ffd93a9-44a3-4f99-b37d-29af0c8b6304,Sitting Palm Pulldown On A Chair,lat_pulldown,Lat Pulldown,"pull_up, bent_over_row, bicep_curl, face_pull",False,bodyweight,70,88,95,65
10047fb1-06dd-4ab6-bd77-a46405e9a025,Side Crunch,oblique_crunch,Oblique Crunch,"leg_raise, plank, russian_twist",False,bodyweight,70,88,95,65
1007e2cf-39d2-43c1-b945-975ee8893d82,Standing Single Leg High Knee To Butt Kick With Support,high_knees,High Knees,"mountain_climber, burpee, jumping_jack",False,bodyweight,70,88,95,65
100b4fc5-6503-47aa-8dea-a6734cb5edbb,Suspender Split Fly,fly,Chest Fly,"bench_press, incline_fly, push_up",False,bodyweight,70,88,95,65
100f4b5a-677f-46eb-94c4-12c813a16129,Counterbalanced Skater Squat,squat,Squat,"leg_press, leg_extension, lunge, leg_curl",False,bodyweight,70,88,95,65
1010096e-dc3e-41c9-a10a-a10e9d525ca5,High Pulley Overhead Triceps Extension (Band),overhead_tricep_extension,Overhead Tricep Extension,"tricep_pushdown, skull_crusher, dip, bicep_curl",False,band,60,85,90,50
101210fb-e630-43af-8c89-75d3aac23dbc,Incline Pigeon Stretch,general_stretch,Stretch,,False,bodyweight,70,88,95,65
1019792c-0ccf-42c3-84b7-bca626b9ae22,Step Up (Bodyweight),step_up,Step Up,"lunge, split_squat, squat",False,bodyweight,70,88,95,65
1035c1ad-b7ac-42d7-8b7a-26d89dc168b1,Standing Arm Crossovers And Lift,arm_exercise,Arm Exercise,"bicep_curl, tricep_extension",False,bodyweight,70,88,95,65
103b751c-d1ab-48bd-b71e-07082d7bf9ec,Standing One Arm Triceps Extension (Cable),tricep_extension,Tricep Extension,"tricep_pushdown, skull_crusher, dip, bicep_curl",False,cable,85,88,30,92
10621ee7-e49f-411d-8d63-72589c59e17b,Standing Reach Up Back Rotation Stretch,back_stretch,Back Stretch,,False,bodyweight,70,88,95,65
10732266-5f70-4277-99d4-576c9fb5664b,Shrug (Cable),shrug,Shrug,"upright_row, deadlift, bent_over_row",False,cable,85,88,30,92
10825008-40e3-4516-ba3f-99db234fa884,Squat Bounce Sky Punch,squat,Squat,"leg_press, leg_extension, lunge, leg_curl",False,bodyweight,70,88,95,65
10835ecb-801d-40f9-86c8-24712448fead,Seated Back Squeeze,back_exercise,Back Exercise,"bent_over_row, lat_pulldown",False,bodyweight,70,88,95,65
1087b9ba-ba6c-4774-879c-b940e04ec09e,Weighted Seated Plate Driver,general_movement,Weighted Seated Plate Driver,,False,bodyweight,70,88,95,65
1094115d-84e3-42cc-97ec-9deb87910a36,Jump Split,general_movement,Jump Split,,False,bodyweight,70,88,95,65
109c3f00-b62d-485e-ae7e-e667c73015a8,Side Stretch Crunch,general_stretch,Stretch,,False,bodyweight,70,88,95,65
109c77ff-3470-47a8-ae7e-eb69f35e1bf4,Glute Ham Raise,raise,Raise,"lateral_raise, front_raise",False,bodyweight,70,88,95,65
109fae3b-65bb-423d-aba1-e1bd94eb60da,Lever Glute Press,press,Press,"bench_press, shoulder_press",False,machine,80,75,20,88
10b33b03-8a7d-4856-804c-02de9f604ba8,Weighted Svend Press,press,Press,"bench_press, shoulder_press",False,bodyweight,70,88,95,65
10b4ba21-5c6f-4389-ba23-98135f80f79a,Weighted Hollow Body Hover,general_movement,Weighted Hollow Body Hover,,False,bodyweight,70,88,95,65
10c20efb-a25f-470b-9a95-e3005cf140b1,Standing Two Side Bend (bent Arm),arm_exercise,Arm Exercise,"bicep_curl, tricep_extension",False,bodyweight,70,88,95,65
10e47b56-6ed6-4502-a8f5-6be9e7e4e791,Side Step Deep Squat,squat,Squat,"leg_press, leg_extension, lunge, leg_curl",False,bodyweight,70,88,95,65
10f66957-8fa6-46ee-b79f-75a0974e23d8,Bridge Pose Setu Bandhasana,general_stretch,Stretch,,False,bodyweight,70,88,95,65
1116382f-534e-46b7-a3ad-0fa904126594,Slight Squat Hand Swipe,squat,Squat,"leg_press, leg_extension, lunge, leg_curl",False,bodyweight,70,88,95,65
1123552b-3a85-44d3-89bc-63ea01c07c03,Suspender Mountain Climber Push Up,push_up,Push Up,"bench_press, fly, dip, tricep_extension",True,bodyweight,70,88,95,65
1134699d-6002-4cc8-abd0-20c4318caf16,Sitting Tip Toe Clap On A Chair,general_movement,Sitting Tip Toe Clap On A Chair,,False,bodyweight,70,88,95,65
1136161d-51a2-409d-b7c1-96ba3c0901e7,Toe Jump,general_movement,Toe Jump,,False,bodyweight,70,88,95,65
113ee621-1d51-4fbc-b318-6c20a2a54e64,Squat To Leg Extension And Torso Twist,squat,Squat,"leg_press, leg_extension, lunge, leg_curl",False,bodyweight,70,88,95,65
11402022-0e28-4ed4-b547-d74f5dc1efa9,Lever Sitting JM Press,press,Press,"bench_press, shoulder_press",False,machine,80,75,20,88
114051d5-17c0-4837-a122-1c30e4466116,Romanian Deadlift To Squat (Dumbbell),squat,Squat,"leg_press, leg_extension, lunge, leg_curl",False,dumbbell,92,90,92,90
11451581-a249-4bff-be6d-6dfaee7fede6,Preacher Curl (Rope) (Cable),preacher_curl,Preacher Curl,"bicep_curl, hammer_curl, concentration_curl",False,cable,85,88,30,92
11518ba1-6db9-4798-a239-5017b1de020c,Touchdown Heel Tap Jump,general_movement,Touchdown Heel Tap Jump,,False,bodyweight,70,88,95,65
1152e3a3-e24b-48ab-a76e-19e697c265b1,Standing Fly (Bodyweight),fly,Chest Fly,"bench_press, incline_fly, push_up",False,bodyweight,70,88,95,65
11578fce-d19d-435d-836c-d48c62d41b5f,Riding Outdoor Bicycle,general_movement,Riding Outdoor Bicycle,,False,bodyweight,70,88,95,65
1159062e-2a1f-4fd6-bb35-2af4f8723893,Squat And Tip Toes,squat,Squat,"leg_press, leg_extension, lunge, leg_curl",False,bodyweight,70,88,95,65
1167e043-2bb3-455a-8996-042360824614,Ring Planche,general_movement,Ring Planche,,False,bodyweight,70,88,95,65
11701154-66bb-405e-9cd8-cce38788a590,Swimming March,general_movement,Swimming March,,False,bodyweight,70,88,95,65
117cc378-d5af-4c9b-93ea-e19d0f5259d3,Hyght Dumbbell Fly,fly,Chest Fly,"bench_press, incline_fly, push_up",True,dumbbell,92,90,92,90
1182df8d-43c1-4ba0-819a-9b5fc967be08,Deep Squat Turn,squat,Squat,"leg_press, leg_extension, lunge, leg_curl",False,bodyweight,70,88,95,65
1182e37a-54f1-43e6-9479-86d964403c3e,Prone Incline Flexion Row (Dumbbell),bent_over_row,Bent Over Row,"lat_pulldown, face_pull, bicep_curl, rear_delt_fly",False,dumbbell,92,90,92,90
11875c9c-cae1-48f6-ad4d-54bfbbb2c2fd,Leg Kickback (Resistance Band),back_exercise,Back Exercise,"bent_over_row, lat_pulldown",False,band,60,85,90,50
1187a95c-1557-4c12-9cb6-017179de4eca,Lying Sole To Sole Groin Stretch,general_stretch,Stretch,,False,bodyweight,70,88,95,65
1189f810-207e-4697-a40e-808c40a94f01,Wide Legged Forward Bend Prasarita Padottanasana (,leg_exercise,Leg Exercise,"squat, leg_press",False,bodyweight,70,88,95,65
119be452-bd45-4cdf-817c-636444645a71,Advanced Windmill (Kettlebell),general_movement,Advanced Windmill,,False,kettlebell,75,85,85,78
11a054f8-bf9b-4152-bab3-43635935c741,Standing Good Morning (Bodyweight),good_morning,Good Morning,"romanian_deadlift, hip_thrust, back_extension",False,bodyweight,70,88,95,65
11a7a5d0-6a6b-4825-9cf9-d76df08f9265,High Lunge To Hamstring Stretch,hamstring_stretch,Hamstring Stretch,,False,bodyweight,70,88,95,65
11a808f3-a564-43cf-9f57-44932f4b7f5b,Seated Alternate Wide Side Adduction,hip_adduction,Hip Adduction,"hip_abduction, sumo_squat, lunge",False,bodyweight,70,88,95,65
11ac7041-fffb-4bc2-b4d0-35cf2c8f56e2,Standing Wide Stance Punch,general_movement,Standing Wide Stance Punch,,False,bodyweight,70,88,95,65
11b8bdd2-4e0d-4472-a399-d71949a34d45,Over Bench One Arm Neutral Wrist Curl (Dumbbell),arm_exercise,Arm Exercise,"bicep_curl, tricep_extension",False,dumbbell,92,90,92,90
11d4994b-68ae-405d-b0b0-8cf69f2afa69,Hip Thrust (Dumbbell),hip_thrust,Hip Thrust,"glute_bridge, romanian_deadlift, leg_curl",False,dumbbell,92,90,92,90
11d773e2-54ee-4394-88ae-e6d3fd7a006d,Incline Reverse Hyperextension,back_extension,Back Extension,"romanian_deadlift, good_morning, glute_bridge",False,bodyweight,70,88,95,65
11d79cf7-e7f2-4e30-8357-b9ab58f6bf75,Side Lying Single Leg Kick,leg_exercise,Leg Exercise,"squat, leg_press",False,bodyweight,70,88,95,65
11dab33e-2c67-47fc-8c6e-c42584518d0a,Lying Alternate Legs Curl (Bodyweight),curl,Curl,"bicep_curl, hammer_curl",False,bodyweight,70,88,95,65
11f16754-87b0-422b-b79f-a03e75633aeb,Bar Lateral Pulldown (Cable),lat_pulldown,Lat Pulldown,"pull_up, bent_over_row, bicep_curl, face_pull",True,cable,85,88,30,92
11f3f991-3542-40f6-bc9d-b7b66274c1dc,Single Arm Push Up Supported Wall,push_up,Push Up,"bench_press, fly, dip, tricep_extension",True,bodyweight,70,88,95,65
11fece1b-11df-48e8-abd1-117e15f05654,Inchworm And Mountain Climbers,mountain_climber,Mountain Climber,"plank, burpee, high_knees",False,bodyweight,70,88,95,65
120432c0-e882-46f2-9138-9693f7140fec,Elevated Split Squat,split_squat,Split Squat,"leg_press, leg_extension, lunge, leg_curl",False,bodyweight,70,88,95,65
120775fd-e33b-4cb6-968e-73b5b8bd06d6,High Knee Run,high_knees,High Knees,"mountain_climber, burpee, jumping_jack",False,bodyweight,70,88,95,65
1212899e-2d69-4a69-809f-10c7a2073e5a,Bear Crawl (low Hip),general_movement,Bear Crawl,,False,bodyweight,70,88,95,65
1218c7cf-eb5b-4df5-a277-bed8b4d7ba34,Forward Head Posture Hold,general_movement,Forward Head Posture Hold,,False,bodyweight,70,88,95,65
121947b9-a92a-4656-a20f-cbb226c1df41,Wrist Extensor Stretch,general_stretch,Stretch,,False,bodyweight,70,88,95,65
12203f66-7b1c-4d95-b8c3-72272fbef20d,Goblet Lunge (Dumbbell),lunge,Lunge,"split_squat, step_up, squat, leg_press",False,dumbbell,92,90,92,90
1233fef4-e6bc-4b3d-ba21-5a9e92f574f5,Gate Openers (advanced),general_movement,Gate Openers,,False,bodyweight,70,88,95,65
1237899c-ade2-47d5-bd47-b877ce60148d,Front Raise (Dumbbell),front_raise,Front Raise,"shoulder_press, lateral_raise, incline_bench_press",True,dumbbell,92,90,92,90
1247a712-a9ff-4cde-a97b-726254103c1a,Twisting Crunch,crunch,Crunch,"leg_raise, plank, russian_twist",True,bodyweight,70,88,95,65
1248a619-6dc4-4240-94f3-ddd151119e94,Seesaw Press (Kettlebell),press,Press,"bench_press, shoulder_press",False,kettlebell,75,85,85,78
125161f1-10ba-4323-a6c2-ddea8789534c,Sitting Front Slam On A Chair,general_movement,Sitting Front Slam On A Chair,,False,bodyweight,70,88,95,65
12567668-df3a-4e5a-9659-c1a9761f4b4c,Sitting Alternate Palm Push And March On A Chair (,general_movement,Sitting Alternate Palm Push And March On A Chair,,False,bodyweight,70,88,95,65
125ccdd6-8b4f-4510-8dc4-a094adf8d0bb,One Arm Reverse Wrist Curl (Dumbbell),reverse_curl,Reverse Curl,"bicep_curl, hammer_curl, wrist_curl",False,dumbbell,92,90,92,90
1268a2f4-f853-4002-a482-36b01da2be61,Plank Hand Switch,plank,Plank,"crunch, leg_raise, russian_twist",True,bodyweight,70,88,95,65
12792206-a8cc-4257-bdd8-fdef11d163d5,Squat To Straddle,squat,Squat,"leg_press, leg_extension, lunge, leg_curl",False,bodyweight,70,88,95,65
1286ff21-1a71-452a-9615-7a2da2b4ad5c,Renegade Row On Stability Ball (Dumbbell),bent_over_row,Bent Over Row,"lat_pulldown, face_pull, bicep_curl, rear_delt_fly",False,dumbbell,92,90,92,90
1294c96c-06d0-466d-95d8-c43376e88929,Bottle Weighted Front Squat,front_squat,Front Squat,"leg_press, leg_extension, lunge, leg_curl",False,bodyweight,70,88,95,65
12c35b79-23e4-4252-8e0e-cfba49578d71,Russian Twist Touchdown,russian_twist,Russian Twist,"oblique_crunch, woodchop, side_plank",False,bodyweight,70,88,95,65
12c57638-22a1-43fd-a0c9-debd47eea114,Seated Chest Out Hands Behind (hold) On A Padded S,chest_exercise,Chest Exercise,"bench_press, fly",False,bodyweight,70,88,95,65
12cfeec8-e404-4fe8-b05d-ded083405562,Side Wrist Pull Stretch,general_stretch,Stretch,,False,bodyweight,70,88,95,65
12d26e67-38af-45fa-a998-3477f8cb7bdb,Deep Push Up Hold,push_up,Push Up,"bench_press, fly, dip, tricep_extension",True,bodyweight,70,88,95,65
12d56376-bcb3-4732-9222-735b592e12b8,Single Arm Bench Press (Cable),bench_press,Bench Press,"incline_bench_press, fly, tricep_pushdown, dip",False,cable,85,88,30,92
12eb5155-ada9-4cc8-9930-afac286bcef3,Lever Triceps Extension,tricep_extension,Tricep Extension,"tricep_pushdown, skull_crusher, dip, bicep_curl",False,machine,80,75,20,88
12ebdef1-0a68-4a3c-973f-02be17e2528c,Lever Reverse T Bar Row,machine_row,Machine Row,"lat_pulldown, face_pull, bicep_curl, rear_delt_fly",False,machine,80,75,20,88
12f42c45-0ead-4d61-b6a5-32121f5336ee,Lying Side Reverse Crunch,reverse_crunch,Reverse Crunch,"leg_raise, plank, russian_twist",False,bodyweight,70,88,95,65
1302f7d4-bf5b-496b-85df-a62b200c7abf,Seated Straight Leg Crunch On Chair,crunch,Crunch,"leg_raise, plank, russian_twist",True,bodyweight,70,88,95,65
130c75ee-df84-47a5-8bc1-0f8f1c87ce3c,Deadlift (Kettlebell),deadlift,Deadlift,"romanian_deadlift, bent_over_row, hip_thrust, squat",False,kettlebell,75,85,85,78
132230c9-6358-4df4-85cd-0e1d25d449f5,Pull Up With Bent Knee Between Chairs,pull_up,Pull Up,"lat_pulldown, bent_over_row, bicep_curl",True,bodyweight,70,88,95,65
1322b87d-d105-4026-a2f5-38a209806b1a,Wide Squat Wall Supported,squat,Squat,"leg_press, leg_extension, lunge, leg_curl",False,bodyweight,70,88,95,65
13296e0a-2fbf-4ba2-8e80-972efbba9c98,Ring High Row,bent_over_row,Bent Over Row,"lat_pulldown, face_pull, bicep_curl, rear_delt_fly",False,bodyweight,70,88,95,65
132d711b-fff1-4d11-8d85-ed9f2c822802,Suspender Self Assisted Chest Dip,dip,Dip,"bench_press, tricep_pushdown, push_up",True,bodyweight,70,88,95,65
1359fe38-e25c-46d0-ac7c-4b23d929edcb,Bench Press (Barbell),bench_press,Bench Press,"incline_bench_press, fly, tricep_pushdown, dip",True,barbell,95,80,65,95
135b7015-224c-4e63-9b73-e8d9873462d7,Trap Bar Split Stance RDL,general_movement,Trap Bar Split Stance RDL,,False,bodyweight,70,88,95,65
13666911-1958-43ad-bd7d-722413b01a2d,Clock Push Up,push_up,Push Up,"bench_press, fly, dip, tricep_extension",True,bodyweight,70,88,95,65
136c4904-20fd-4b85-a955-ca6c5447c926,Split Squat (Band),split_squat,Split Squat,"leg_press, leg_extension, lunge, leg_curl",False,band,60,85,90,50
1375b9b1-eff0-4e49-a025-87526ffa4e24,Lying Lower Back Stretch (bent Knee),back_stretch,Back Stretch,,False,bodyweight,70,88,95,65
13798d59-a425-429a-8958-3dac8bbb3b00,Lat Prayers (Rope) (Cable),core_exercise,Core Exercise,"crunch, plank",False,cable,85,88,30,92
137e6398-4dd6-4b51-9eb5-fe0e74e1f4d0,Elevated Single Leg Hip Thrust,hip_thrust,Hip Thrust,"glute_bridge, romanian_deadlift, leg_curl",False,bodyweight,70,88,95,65
1382a7ad-d896-4068-9913-486ea6e5f586,Spider Crawl Push Up,push_up,Push Up,"bench_press, fly, dip, tricep_extension",True,bodyweight,70,88,95,65
13844900-39ae-496e-9158-e536feadf1a9,Deep Squat Turn Knee Tap,squat,Squat,"leg_press, leg_extension, lunge, leg_curl",False,bodyweight,70,88,95,65
138aed95-13e5-40d1-b519-8438104703d7,Step Up On Stepbox (Bodyweight),step_up,Step Up,"lunge, split_squat, squat",False,bodyweight,70,88,95,65
1395bac7-b61f-4251-a270-ba8069f4cf37,Sitting Incline Press Stepout On A Padded Stool,press,Press,"bench_press, shoulder_press",False,bodyweight,70,88,95,65
1396db69-0f7e-42b5-861f-286f84b4477a,Side Jump Twist,general_movement,Side Jump Twist,,False,bodyweight,70,88,95,65
13a14378-34b6-4bb0-ac7d-cd1c14e4a752,Lever Chest Press,chest_press,Chest Press,"bench_press, fly, tricep_pushdown",True,machine,80,75,20,88
13b04d7d-5724-4361-b99f-c71fce7ca3e2,Low Lunge To Hamstring Stretch,hamstring_stretch,Hamstring Stretch,,False,bodyweight,70,88,95,65
13f4a816-dbcb-4a21-b445-afac98cf42fd,Kneeling Core Mobilization,general_stretch,Stretch,,False,bodyweight,70,88,95,65
13ffcd32-ed44-4e49-a40c-3f71089eee9a,Incline Row (Dumbbell),bent_over_row,Bent Over Row,"lat_pulldown, face_pull, bicep_curl, rear_delt_fly",False,dumbbell,92,90,92,90
14008598-987c-46dc-aeb6-5f3e8e01e2be,Sitting Thoracic Spine Mobilization On A Chair,general_stretch,Stretch,,False,bodyweight,70,88,95,65
1402af2d-0b24-4573-8317-5448e4a361c5,Hip Thrusts On Knees (Resistance Band),hip_thrust,Hip Thrust,"glute_bridge, romanian_deadlift, leg_curl",False,band,60,85,90,50
14089701-37e9-4593-a1ad-ba42c7ccf88d,Standing Kickback (Dumbbell),back_exercise,Back Exercise,"bent_over_row, lat_pulldown",False,dumbbell,92,90,92,90
142d3d17-a099-447b-ae07-cd6f4f886414,Suspender Triceps Extension,tricep_extension,Tricep Extension,"tricep_pushdown, skull_crusher, dip, bicep_curl",False,bodyweight,70,88,95,65
1432fbce-9bc6-423f-9df3-3968c94cedc0,Reverse Lunge Forward Lunge,reverse_lunge,Reverse Lunge,"split_squat, step_up, squat, leg_press",False,bodyweight,70,88,95,65
14362b57-b02f-407a-9995-9972a24960ff,Kneeling Pike Push Up (on Bench),push_up,Push Up,"bench_press, fly, dip, tricep_extension",True,bodyweight,70,88,95,65
144282ec-f330-4c96-8c6e-a36c61a6988f,Peroneals Stretch,general_stretch,Stretch,,False,bodyweight,70,88,95,65
14469020-d775-4863-b183-5446068e6150,Change Plyo Side Lunge (Dumbbell),lateral_lunge,Lateral Lunge,"split_squat, step_up, squat, leg_press",False,dumbbell,92,90,92,90
144e8738-3f12-4d17-9bc1-46c4811f7e34,Lever Standing Hip Extension,extension,Extension,"tricep_extension, leg_extension",False,machine,80,75,20,88
1455963c-3f96-4e11-9e4d-73ac912c0ba0,Glute Ham Raise With Extended Arms,raise,Raise,"lateral_raise, front_raise",False,bodyweight,70,88,95,65
14592fd7-e2d6-42e6-94c0-9abecf6c9465,Spiderman Rollout (Barbell),general_movement,Spiderman Rollout,,False,barbell,95,80,65,95
14596d52-a1ba-44e1-bece-b2ee4d989766,Incline Triceps Extension (Cable),tricep_extension,Tricep Extension,"tricep_pushdown, skull_crusher, dip, bicep_curl",False,cable,85,88,30,92
1459c01e-0bb3-4cc7-9ae4-76634eca6ed5,Standing One Arm Chest Stretch,chest_stretch,Chest Stretch,,False,bodyweight,70,88,95,65
145b5192-beae-4ff1-a5d6-0f4174198821,Flutter Kicks,general_movement,Flutter Kicks,,False,bodyweight,70,88,95,65
14601de0-bb91-41ee-b4d9-5cc7ecbf9e8e,Seated Diagonal Crunch On Chair,crunch,Crunch,"leg_raise, plank, russian_twist",True,bodyweight,70,88,95,65
148afc26-bece-4fe0-88c9-883e00e76e3a,Smith Standing Leg Calf Raise,calf_raise,Calf Raise,leg_press,False,smith_machine,72,70,25,80
1497b66f-fbbf-4e62-9503-fb0a098e73f9,Kneeling Crunch (Cable),cable_crunch,Cable Crunch,"leg_raise, plank, russian_twist",False,cable,85,88,30,92
1499eb20-dc14-41ad-a470-6af36211f4f5,Arm Double Crossover,arm_exercise,Arm Exercise,"bicep_curl, tricep_extension",False,bodyweight,70,88,95,65
149b1150-6191-4cd4-b65b-d727acee287c,Outward Wrist Stretch Clasped Fingers,general_stretch,Stretch,,False,bodyweight,70,88,95,65
14a0b617-d2ed-405a-98ed-f7678d31607d,Lever Shoulder Press (plate Loaded),shoulder_press,Shoulder Press,"lateral_raise, front_raise, tricep_extension",False,machine,80,75,20,88
14a6d7b4-0188-4310-913c-8a5d91185d9a,Standing Sprint,running,Running,,False,bodyweight,70,88,95,65
14b649ba-e0fd-4c5a-9fd0-6f0855a327ab,Seated Upright Twists On A Chair,general_movement,Seated Upright Twists On A Chair,,False,bodyweight,70,88,95,65
14bd2157-6345-4af4-9864-fb87d43fbf15,Standing Crunch (Band),crunch,Crunch,"leg_raise, plank, russian_twist",False,band,60,85,90,50
14c71eb7-649e-44ac-a85f-d8529acae6d6,Lying Supine Isometric Single Leg Hamstring Curl,lying_leg_curl,Lying Leg Curl,"romanian_deadlift, hip_thrust, leg_extension",False,bodyweight,70,88,95,65
14c8c05b-c7b7-4759-9ceb-33ec0d81716c,Tip Toes,general_movement,Tip Toes,,False,bodyweight,70,88,95,65
14cff221-962e-4172-b1cd-8179c4450b4e,Reclining Big Toe Pose With Rope,general_stretch,Stretch,,False,bodyweight,70,88,95,65
14d2f86c-51ca-42fe-ba7c-3c9b5db76d39,Bulgarian Split Squat,split_squat,Split Squat,"leg_press, leg_extension, lunge, leg_curl",False,bodyweight,70,88,95,65
14db141a-0530-460c-96cb-5259b1dee4da,Step Up (Dumbbell),step_up,Step Up,"lunge, split_squat, squat",False,dumbbell,92,90,92,90
14e747f0-4b66-4843-a116-7726522c95b6,Table Top Bridge,core_exercise,Core Exercise,"crunch, plank",False,bodyweight,70,88,95,65
14e762a6-83c5-449f-b676-533a9be73288,Decline Sit Up,crunch,Crunch,"leg_raise, plank, russian_twist",True,bodyweight,70,88,95,65
14ed263f-68ce-43da-9366-7579e00010da,Corpse Pose Savasana,general_stretch,Stretch,,False,bodyweight,70,88,95,65
14ef2dff-4000-4dc2-9324-b96c76d23c0b,Punch Stepback,back_exercise,Back Exercise,"bent_over_row, lat_pulldown",False,bodyweight,70,88,95,65
14ef3b62-17c3-4ae0-b8d8-14e7329c82f7,Standing Arms Circling,arm_exercise,Arm Exercise,"bicep_curl, tricep_extension",False,bodyweight,70,88,95,65
14f23d6f-d33d-42a6-b71c-9e379ea57585,Bent Over Lat Pulldown (Band),lat_pulldown,Lat Pulldown,"pull_up, bent_over_row, bicep_curl, face_pull",False,band,60,85,90,50
1501db58-5824-4f94-9ae8-a0cd27c22980,Assisted Lying Bent Knee Isometric Hip Adduct (stability Ball),core_exercise,Core Exercise,"crunch, plank",False,bodyweight,70,88,95,65
150851fc-37f9-4849-a84d-6cda3012df87,Standing Chest Push Hip Extension Kickback,extension,Extension,"tricep_extension, leg_extension",False,bodyweight,70,88,95,65
150c2006-18c1-4dc3-8279-ed2b35a0b66f,Standing Deep Breathe And Prayer Pull,general_movement,Standing Deep Breathe And Prayer Pull,,False,bodyweight,70,88,95,65
151c96e6-0897-422c-a4ed-b2d0150cf715,Side Lying Internal Rotation (on A Bench) (Dumbbell),general_movement,Side Lying Internal Rotation,,False,dumbbell,92,90,92,90
15250894-b9e3-456a-ab75-0a75d667f9be,Deep Push Up Between (Dumbbell),push_up,Push Up,"bench_press, fly, dip, tricep_extension",False,dumbbell,92,90,92,90
1525d209-dd8f-48d4-b495-6aae94734f30,Lever Seated Leg Raise Crunch (plate Loaded),crunch,Crunch,"leg_raise, plank, russian_twist",False,machine,80,75,20,88
153bed45-83e5-4055-880f-3d603d0414ee,Pullover (Dumbbell),pullover,Pullover,"lat_pulldown, straight_arm_pulldown, fly",False,dumbbell,92,90,92,90
153ce659-a51b-4a3b-932b-68dadebfee6a,Bent Over Single Arm Horizontal Row (Cable),single_arm_row,Single Arm Row,"lat_pulldown, face_pull, bicep_curl, rear_delt_fly",False,cable,85,88,30,92
1542f802-165d-4986-806c-7bd860a2299e,Standing Hip Frontal Rotation Side Slide Arm,arm_exercise,Arm Exercise,"bicep_curl, tricep_extension",False,bodyweight,70,88,95,65
155a2bc5-87fa-4fc7-9222-6d3508869a72,Seated Overhead Reach Press,press,Press,"bench_press, shoulder_press",False,bodyweight,70,88,95,65
1565d87f-a52b-4e76-87ae-025563c8e633,Elevated Plank Walkout With A Chair,plank,Plank,"crunch, leg_raise, russian_twist",True,bodyweight,70,88,95,65
15a14939-6d26-4361-9bbd-8c6f6cd2c029,Roll Tibialis Anterior,general_movement,Roll Tibialis Anterior,,False,bodyweight,70,88,95,65
15b25d6c-516b-4b6d-98fa-7aaeefd8e31e,Kneeling Hold To Stand,general_movement,Kneeling Hold To Stand,,False,bodyweight,70,88,95,65
15b3e596-483f-4d03-b60c-37f05bbf00b8,W To Y Superman,general_movement,W To Y Superman,,False,bodyweight,70,88,95,65
15bb074e-b472-494b-a6ac-956c0e4967bd,Revolved Side Angle Pose,general_stretch,Stretch,,False,bodyweight,70,88,95,65
15ce4004-e559-4972-84b4-1b32c1bfbe2d,Narrow Lunge With Wall Supported,bent_over_row,Bent Over Row,"lat_pulldown, face_pull, bicep_curl, rear_delt_fly",False,bodyweight,70,88,95,65
15d23d28-85a4-462e-84f8-f49f8cfa4a0d,Seated Knee Hug Glute Stretch,general_stretch,Stretch,,False,bodyweight,70,88,95,65
15d4c853-cb36-4323-8245-50127f182da8,Standing Side Crunch Elbow Drive,oblique_crunch,Oblique Crunch,"leg_raise, plank, russian_twist",False,bodyweight,70,88,95,65
15d7b5a2-1ea6-4d84-a8ee-281cc97b6524,Standing Close Grip Curl (Barbell),bicep_curl,Bicep Curl,"hammer_curl, preacher_curl, tricep_extension",False,barbell,95,80,65,95
15dd9033-a797-44f3-b826-e1354e033f95,Drive Front Raise (Dumbbell),front_raise,Front Raise,"shoulder_press, lateral_raise, incline_bench_press",True,dumbbell,92,90,92,90
15e9432d-959b-4398-98d1-87175bccf993,Standing Slingshots (Kettlebell),general_movement,Standing Slingshots,,False,kettlebell,75,85,85,78
15e9f782-862a-4575-9fa4-a9ddd27bba3a,Reeves Deadlift (Barbell),deadlift,Deadlift,"romanian_deadlift, bent_over_row, hip_thrust, squat",True,barbell,95,80,65,95
15f92e57-b2c4-40a6-810d-75660de166fc,Back Crossover Foot Tap,back_exercise,Back Exercise,"bent_over_row, lat_pulldown",False,bodyweight,70,88,95,65
1605fc66-36f0-4b1c-9d3f-63018004563b,Seated Single Arm External Rotation (Dumbbell),arm_exercise,Arm Exercise,"bicep_curl, tricep_extension",False,dumbbell,92,90,92,90
160e621f-9fb9-4209-89b5-5623acb9a490,Prone Incline Hammer Curl (Band),hammer_curl,Hammer Curl,"bicep_curl, preacher_curl, reverse_curl",False,band,60,85,90,50
162e25c5-2456-41ef-a6e0-ccfe01eabf0f,Standing Rear Delt Row (Rope) (Cable),rear_delt_fly,Rear Delt Fly,"face_pull, lateral_raise, bent_over_row",False,cable,85,88,30,92
1636dd09-a809-4779-a724-45e0316f7701,Pull Apart (Resistance Band),general_movement,Pull Apart,,False,band,60,85,90,50
1657137c-5ac4-453e-8fa2-86c34f28bafd,Calf Raise Wall Sit (Bodyweight),calf_raise,Calf Raise,leg_press,False,bodyweight,70,88,95,65
16603cd0-ddc3-4c25-98c3-48d694551fb7,Forward Fold And Rock,general_movement,Forward Fold And Rock,,False,bodyweight,70,88,95,65
16627a10-9644-45f2-92d5-29ee5180b56e,Double Strict Press (Kettlebell),press,Press,"bench_press, shoulder_press",False,kettlebell,75,85,85,78
166759ac-49be-40d7-871b-80f6863d507c,Warrior Pose II Virabhadrasana II,general_stretch,Stretch,,False,bodyweight,70,88,95,65
1677a896-b679-4165-9e85-a74e17c5aded,Static Lunge (Dumbbell),lunge,Lunge,"split_squat, step_up, squat, leg_press",False,dumbbell,92,90,92,90
168de0fe-3e92-46c4-8ae8-90d7e3d16b7a,Horizontal Pallof Press Twist (Band),press,Press,"bench_press, shoulder_press",False,band,60,85,90,50
168f9631-d116-4a44-b23b-b68fbc819413,Lying Leg Extension,leg_extension,Leg Extension,"squat, leg_press, leg_curl",False,bodyweight,70,88,95,65
16907dce-c3af-4d28-8f89-3c9c3ce6874b,Backward Run,running,Running,,False,bodyweight,70,88,95,65
1692f021-eacd-496f-bf46-ba75b3e7f03a,Kneeling Prayer Lat Stretch (stability Ball),back_stretch,Back Stretch,,False,bodyweight,70,88,95,65
169f5b33-a058-4f4e-9ee6-64861bf0c579,One Arm Curl (Cable),bicep_curl,Bicep Curl,"hammer_curl, preacher_curl, tricep_extension",False,cable,85,88,30,92
16a2fdbb-b073-4c07-8c1d-35fa3ded5b10,Criss Cross Stepback Hops,back_exercise,Back Exercise,"bent_over_row, lat_pulldown",False,bodyweight,70,88,95,65
16a8210d-d5e6-437f-9397-982ecbb6e3a9,Seated Hip Abduction (Resistance Band),hip_abduction,Hip Abduction,"hip_adduction, glute_kickback, hip_thrust",False,band,60,85,90,50
16b455b0-5a92-41a1-809f-702ac2a07992,Starfish Crunch,crunch,Crunch,"leg_raise, plank, russian_twist",True,bodyweight,70,88,95,65
16b6090b-c604-4eb5-b4ef-8565bf97b5d0,Jack Hammer Pushdown (Cable),tricep_pushdown,Tricep Pushdown,"tricep_extension, skull_crusher, dip",True,cable,85,88,30,92
16c070d9-6c90-4b50-aa60-7d8c0ca3593c,Crocodile Yoga Pose,general_stretch,Stretch,,False,bodyweight,70,88,95,65
16c5acac-a75a-4ae1-9deb-81db33ca14ca,Squat To Kickback,squat,Squat,"leg_press, leg_extension, lunge, leg_curl",False,bodyweight,70,88,95,65
16cb9d79-fc96-4ce0-be67-fedb9b6bd21b,Jumping Pistol Squat,pistol_squat,Pistol Squat,"leg_press, leg_extension, lunge, leg_curl",False,bodyweight,70,88,95,65
16cdf24e-16e6-4c04-af76-8ce5a64593c6,Standing Drag Curl (Dumbbell),bicep_curl,Bicep Curl,"hammer_curl, preacher_curl, tricep_extension",True,dumbbell,92,90,92,90
16db2226-4221-4d4c-b3a5-daa96fefaa80,Switching Shoulder Rotation Stretch,shoulder_stretch,Shoulder Stretch,,False,bodyweight,70,88,95,65
16e00d56-4706-410d-9abd-bba6d0512962,Lying Reverse Grip Pressdown (skull Crusher) (Band),skull_crusher,Skull Crusher,"tricep_extension, tricep_pushdown, dip",False,band,60,85,90,50
16e13b8e-6ed8-42c2-8594-05f5a31e0ad3,Sitting Reverse Butterfly On A Chair (Resistance Band),rear_delt_fly,Rear Delt Fly,"face_pull, lateral_raise, bent_over_row",False,band,60,85,90,50
16e45122-eac4-4e8e-b7e5-f993959fcfca,Stiff Leg Deadlift On Bench (Barbell),stiff_leg_deadlift,Stiff Leg Deadlift,"romanian_deadlift, bent_over_row, hip_thrust, squat",False,barbell,95,80,65,95
16e4a7e4-25e9-4e04-bdb7-0d0f08f3fb9e,Russian Twist Close Grip Shoulder Press S (Dumbbell),shoulder_press,Shoulder Press,"lateral_raise, front_raise, tricep_extension",False,dumbbell,92,90,92,90
16ea031a-a8df-4d9a-b79f-30c016b8db49,Lateral Elbow Plank Walk,plank,Plank,"crunch, leg_raise, russian_twist",True,bodyweight,70,88,95,65
171fa98d-8c11-411f-8b9f-b5da7fcd68db,Suspender Rear Delt Row,rear_delt_fly,Rear Delt Fly,"face_pull, lateral_raise, bent_over_row",False,bodyweight,70,88,95,65
171fcd11-212e-4805-b0a8-be8a0e0ba581,Front Rack Lunge (Barbell),lunge,Lunge,"split_squat, step_up, squat, leg_press",False,barbell,95,80,65,95
17234080-e92b-4595-87b0-274d5e5e68bf,Half Kneeling Lift (Cable),core_exercise,Core Exercise,"crunch, plank",False,cable,85,88,30,92
17323a7d-1a72-487f-9413-28b0903b1b85,Butt Kicks,general_movement,Butt Kicks,,False,bodyweight,70,88,95,65
17389291-b9e2-4fb6-9e96-3eb204889e89,Split Squat Heel Raise,split_squat,Split Squat,"leg_press, leg_extension, lunge, leg_curl",False,bodyweight,70,88,95,65
1742bf29-fb61-4fc3-9e4d-62126a1d8991,Side Step Arm Circle,arm_exercise,Arm Exercise,"bicep_curl, tricep_extension",False,bodyweight,70,88,95,65
174416da-c3a8-4fb9-a5c5-35c7d7a4b822,Goblet Squat Side Shuffle (Dumbbell),goblet_squat,Goblet Squat,"leg_press, leg_extension, lunge, leg_curl",False,dumbbell,92,90,92,90
174ec586-0926-444e-b7d6-195dcb192914,Standing Spine Imbalance And Pelvic Imbalance Hold,general_movement,Standing Spine Imbalance And Pelvic Imbalance Hold,,False,bodyweight,70,88,95,65
175cd1d1-a241-467e-bff1-356343e0bfb1,Weighted Dumbbell Lying Knee Raise,leg_raise,Leg Raise,"crunch, plank, reverse_crunch",False,dumbbell,92,90,92,90
176d5e9e-0f11-414a-a92f-24dbbb683196,Side Squat (Dumbbell),squat,Squat,"leg_press, leg_extension, lunge, leg_curl",False,dumbbell,92,90,92,90
1775191a-a2bb-4ad9-91d7-9f5b2cb56c6d,Incline Row (Band),bent_over_row,Bent Over Row,"lat_pulldown, face_pull, bicep_curl, rear_delt_fly",False,band,60,85,90,50
17bffa7f-ecd2-4e6d-8936-c2deb458547c,Protraction Plank,plank,Plank,"crunch, leg_raise, russian_twist",True,bodyweight,70,88,95,65
17d4f15a-e283-48d2-8e5f-d86fcc6a138d,Concentration Curl (Resistance Band),concentration_curl,Concentration Curl,"bicep_curl, preacher_curl, hammer_curl",False,band,60,85,90,50
17d82310-cc48-4f52-95d7-c1c6da5debc3,Shoulder External Rotation In Supp (Resistance Band),shoulder_exercise,Shoulder Exercise,"shoulder_press, lateral_raise",False,band,60,85,90,50
17decae8-abeb-4e17-a386-4d6f283d1289,Lying Russian Twist,russian_twist,Russian Twist,"oblique_crunch, woodchop, side_plank",False,bodyweight,70,88,95,65
17e1a515-6c59-4753-8dde-9abd796ec598,High Plank Hip Tap,plank,Plank,"crunch, leg_raise, russian_twist",True,bodyweight,70,88,95,65
17f3f62d-a8b2-4b67-9cba-8083675e6d4a,3 Sec Sumo Squat,sumo_squat,Sumo Squat,"leg_press, leg_extension, lunge, leg_curl",False,bodyweight,70,88,95,65
18070c70-36c0-4592-91a3-1c9ded4b158f,Stiff Leg Good Morning (Barbell),good_morning,Good Morning,"romanian_deadlift, hip_thrust, back_extension",False,barbell,95,80,65,95
18144326-046c-4c5d-ab6b-fc688db06a44,Upper Crunch (Band),crunch,Crunch,"leg_raise, plank, russian_twist",False,band,60,85,90,50
18154fe1-ecbd-4e7b-83ee-85bdd00fa21a,Weighted Bag Spin,general_movement,Weighted Bag Spin,,False,bodyweight,70,88,95,65
1820bcfa-bfec-4e8d-b396-ffe751b5614c,Sitting External Rotation On A Chair,general_movement,Sitting External Rotation On A Chair,,False,bodyweight,70,88,95,65
18225b6f-d10b-4c90-811d-a489caa38d7d,Smith Seated Calf Raise,seated_calf_raise,Seated Calf Raise,leg_press,False,smith_machine,72,70,25,80
1835d701-c0a4-4e5d-aa75-5c70bd3e3593,Incline Y Raise (Dumbbell),raise,Raise,"lateral_raise, front_raise",False,dumbbell,92,90,92,90
18361452-7592-4aed-962a-055f5d1b6ce0,Power Sled Pull Row,bent_over_row,Bent Over Row,"lat_pulldown, face_pull, bicep_curl, rear_delt_fly",False,bodyweight,70,88,95,65
1837cdb6-0ba3-481b-94ce-3db8411651c9,Triceps Dip,dip,Dip,"bench_press, tricep_pushdown, push_up",True,bodyweight,70,88,95,65
1843a0a3-88a0-4070-949c-44a2c040631e,High Knee On A Padded Stool,high_knees,High Knees,"mountain_climber, burpee, jumping_jack",False,bodyweight,70,88,95,65
184a0adf-191b-4c61-afa4-43360c397ffb,Smith Chair Squat,squat,Squat,"leg_press, leg_extension, lunge, leg_curl",False,smith_machine,72,70,25,80
185a6fa0-90f4-4c56-ab43-f8af51636581,Bent Over Hip Extension (Band),extension,Extension,"tricep_extension, leg_extension",False,band,60,85,90,50
1864b2c9-65f8-41d6-81ca-9286ed9543f8,Sphinx Pose Opening,general_stretch,Stretch,,False,bodyweight,70,88,95,65
18652b1d-19a5-459b-b105-759c0dc234bc,Seated Hyght Fly (Dumbbell),fly,Chest Fly,"bench_press, incline_fly, push_up",True,dumbbell,92,90,92,90
18784a35-a02d-4cfd-b37f-85c7e828c6d1,Standing Back Rotation Squeeze,back_exercise,Back Exercise,"bent_over_row, lat_pulldown",False,bodyweight,70,88,95,65
1883515c-2c86-4462-8939-ebf01eb96527,Chair Squat To Toe Stand,squat,Squat,"leg_press, leg_extension, lunge, leg_curl",False,bodyweight,70,88,95,65
188b6bcf-abf4-40db-a766-c767c73bdf1b,One Arm Lat Pulldown (Cable),lat_pulldown,Lat Pulldown,"pull_up, bent_over_row, bicep_curl, face_pull",True,cable,85,88,30,92
1890a859-ac09-4e9a-951b-fac2c44b8fe9,Leg Drop Pulse,leg_exercise,Leg Exercise,"squat, leg_press",False,bodyweight,70,88,95,65
1897c217-a6bd-4c03-975e-6ad1cf782cf5,Marching Kick On Spot (front Pov),general_movement,Marching Kick On Spot,,False,bodyweight,70,88,95,65
189860c4-5410-4ef5-b45e-9f5fcc6e2435,Pullover On Stability Ball (Kettlebell),pullover,Pullover,"lat_pulldown, straight_arm_pulldown, fly",False,kettlebell,75,85,85,78
18a39bde-ea7e-4955-83a2-5752c77483d7,Push Up Jack,push_up,Push Up,"bench_press, fly, dip, tricep_extension",True,bodyweight,70,88,95,65
18a58873-a557-45e4-a55b-fefb07e87e46,Box Squat (Barbell),box_squat,Box Squat,"leg_press, leg_extension, lunge, leg_curl",False,barbell,95,80,65,95
18a73e09-0da6-4afe-a9e0-82b4f281cbca,Standing Prone Lateral Raise (Dumbbell),lateral_raise,Lateral Raise,"shoulder_press, front_raise, rear_delt_fly",True,dumbbell,92,90,92,90
18acba66-9ce3-4741-85a7-01829c0533cd,Bouncing Shift Sky Reach (Bodyweight),general_movement,Bouncing Shift Sky Reach,,False,bodyweight,70,88,95,65
18b7f633-9dfa-4207-b3e4-98a04cd3c4de,Leg Up Crunch Bottle Pass,crunch,Crunch,"leg_raise, plank, russian_twist",True,bodyweight,70,88,95,65
18c0d6a7-beba-4826-ab51-149cdb961342,Open Up On A Chair,general_movement,Open Up On A Chair,,False,bodyweight,70,88,95,65
18cfa633-92b0-47e3-8995-0adcc06861c7,Half Kneeling Pallof Press (Cable),press,Press,"bench_press, shoulder_press",False,cable,85,88,30,92
18d9f06f-b1ef-4499-a4fe-725d1fea8578,One Arm Front Raise (Cable),front_raise,Front Raise,"shoulder_press, lateral_raise, incline_bench_press",False,cable,85,88,30,92
18dd92c4-0487-4112-84be-c91ff82622da,Russian Twist (beginner Level),russian_twist,Russian Twist,"oblique_crunch, woodchop, side_plank",False,bodyweight,70,88,95,65
18e4dacf-fd90-4397-b8eb-8bcc9fec57bf,Seated Lower Back Stretch,back_stretch,Back Stretch,,False,bodyweight,70,88,95,65
18eaebac-b65f-478d-a997-44fce1edb464,Ring Neutral Grip Chin Up,chin_up,Chin Up,"lat_pulldown, bent_over_row, bicep_curl",True,bodyweight,70,88,95,65
18ecb792-7afd-4677-b039-ba6d29373898,Single Leg Forward Bend,leg_exercise,Leg Exercise,"squat, leg_press",False,bodyweight,70,88,95,65
18fbdc73-335e-407f-8ba4-9fc92c6cd6b3,Standing Hip Extension To Leg Lift,extension,Extension,"tricep_extension, leg_extension",False,bodyweight,70,88,95,65
18fc5b38-df2f-4fe3-af9c-6fd8c3e8685f,Sitting Alternate Under Ankle Tap (Wall),general_movement,Sitting Alternate Under Ankle Tap,,False,bodyweight,70,88,95,65
1909f811-8328-404f-9dc1-f68797652cec,Alternate Sprinter Lunge,lunge,Lunge,"split_squat, step_up, squat, leg_press",False,bodyweight,70,88,95,65
19132dfe-4c4e-422f-a102-1caab22a60d0,Diamond Push Up Against Wall,diamond_push_up,Diamond Push Up,"bench_press, fly, dip, tricep_extension",False,bodyweight,70,88,95,65
191b28d5-bf9e-4bf0-83fa-ab70fdde7883,Walking Side And Sky Reach,general_movement,Walking Side And Sky Reach,,False,bodyweight,70,88,95,65
193336c8-9700-44eb-81ed-03498a26f7e3,Lying Single To Double Toe Tap,general_movement,Lying Single To Double Toe Tap,,False,bodyweight,70,88,95,65
193587bc-b3b6-4347-ae11-c6f95168c7c1,Chinese Plank,plank,Plank,"crunch, leg_raise, russian_twist",True,bodyweight,70,88,95,65
19371fcc-4b86-4b96-a828-9f928189e4f3,Weighted Plate Side Twist From Squat,squat,Squat,"leg_press, leg_extension, lunge, leg_curl",False,bodyweight,70,88,95,65
194b4656-3135-4378-88ec-1aff72305f39,Smith Lateral Step Up,step_up,Step Up,"lunge, split_squat, squat",False,smith_machine,72,70,25,80
195fa85c-f589-4744-aedb-52081a131fd9,Pullover (Dumbbell),pullover,Pullover,"lat_pulldown, straight_arm_pulldown, fly",False,dumbbell,92,90,92,90
19669a0e-f382-46b0-b46a-f547d07e4d7f,Standing Chest Reach,chest_exercise,Chest Exercise,"bench_press, fly",False,bodyweight,70,88,95,65
1993a96f-023d-4f53-beeb-e658619146bd,Straight Leg Sit Up,crunch,Crunch,"leg_raise, plank, russian_twist",True,bodyweight,70,88,95,65
1997a4de-1e57-4fe9-99fb-098608265e8c,Inchworm And Mountain Climbers,mountain_climber,Mountain Climber,"plank, burpee, high_knees",False,bodyweight,70,88,95,65
199e8a01-38b7-45e3-abdd-eea9a9958b01,Side Lying Lateral Raise (Dumbbell),lateral_raise,Lateral Raise,"shoulder_press, front_raise, rear_delt_fly",True,dumbbell,92,90,92,90
19b36196-3c01-460e-a564-baf1407b11a7,Lever Seated Wide Lat Pulldown,lat_pulldown,Lat Pulldown,"pull_up, bent_over_row, bicep_curl, face_pull",False,machine,80,75,20,88
19c2f4c0-70e8-4300-9e39-c04fcf3c9ee7,Thoracic Bridge,general_movement,Thoracic Bridge,,False,bodyweight,70,88,95,65
19cad9b9-f22c-4356-8dfe-f9aa66180ef0,Suspender Side Lunge,lateral_lunge,Lateral Lunge,"split_squat, step_up, squat, leg_press",False,bodyweight,70,88,95,65
19cb8fa8-e8b0-44a2-944a-aacfe655debf,Standing Face Pull (Cable),face_pull,Face Pull,"rear_delt_fly, lateral_raise, bent_over_row",True,cable,85,88,30,92
19d886c2-8577-46d7-b8ba-f945b4bc76d3,Rotational Deadlift (Kettlebell),deadlift,Deadlift,"romanian_deadlift, bent_over_row, hip_thrust, squat",False,kettlebell,75,85,85,78
19e39531-95ef-4a6a-a75f-18e27d31e2ac,Alternating Band Bicycle Crunch,bicycle_crunch,Bicycle Crunch,"leg_raise, plank, russian_twist",False,bodyweight,70,88,95,65
19e4f838-d6b5-4759-b4e8-672c321dccdb,Standing Military Press (without Rack) (Barbell),shoulder_press,Shoulder Press,"lateral_raise, front_raise, tricep_extension",True,barbell,95,80,65,95
19ee6076-9054-4fa9-8c7b-260ad606380a,Push Up Medicine Ball,push_up,Push Up,"bench_press, fly, dip, tricep_extension",True,bodyweight,70,88,95,65
19fa88b4-38d5-4104-9449-cdaa760607f2,Alternating Dead Hang,general_movement,Alternating Dead Hang,,False,bodyweight,70,88,95,65
1a042f0f-60dc-49c3-8387-ceaa54e0dc0c,Arm Swing Side Step,arm_exercise,Arm Exercise,"bicep_curl, tricep_extension",False,bodyweight,70,88,95,65
1a05d6ac-4365-4980-a323-82bc36f01c04,Jab Cross Left Hook Cross (combo),core_exercise,Core Exercise,"crunch, plank",False,bodyweight,70,88,95,65
1a066c86-9431-43c1-88ff-1e331aef8d81,Lunge Twist (Barbell),lunge,Lunge,"split_squat, step_up, squat, leg_press",False,barbell,95,80,65,95
1a1b1001-bc1f-4a56-8dde-e94b5db6e504,Side To Side Punches,general_movement,Side To Side Punches,,False,bodyweight,70,88,95,65
1a2113e7-cdd7-4f1c-8c1a-00125a2e8012,Lying Leg Crossover,leg_exercise,Leg Exercise,"squat, leg_press",False,bodyweight,70,88,95,65
1a26f4bc-d5e2-49fe-aa11-059e02ae045c,Swing Back Knee Drives,back_exercise,Back Exercise,"bent_over_row, lat_pulldown",False,bodyweight,70,88,95,65
1a2f36d1-8001-4ed8-8bfb-37c3b824b7fe,Wide Grip Lat Pulldown (Cable),lat_pulldown,Lat Pulldown,"pull_up, bent_over_row, bicep_curl, face_pull",True,cable,85,88,30,92
1a523c2d-950a-42de-bc23-96910626ed66,Seated Hamstring Stretch On A Chair(,hamstring_stretch,Hamstring Stretch,,False,bodyweight,70,88,95,65
1a5c7794-1b5b-4956-acd6-c74a7499fa70,Ring Rocky Pull Up Pulldown,lat_pulldown,Lat Pulldown,"pull_up, bent_over_row, bicep_curl, face_pull",False,bodyweight,70,88,95,65
1a69cd00-a16b-485a-9cdc-d2e13536d0ff,Figure 4 Sinal Rotation,general_movement,Figure 4 Sinal Rotation,,False,bodyweight,70,88,95,65
1a6a877e-f914-40a5-a2ae-1db22c17336e,Single Arm Squat (Kettlebell),squat,Squat,"leg_press, leg_extension, lunge, leg_curl",False,kettlebell,75,85,85,78
1a6c13aa-46d0-41a9-9d7a-cdaadb33fef7,Standing Double Prayer Push And Circle Draw,general_movement,Standing Double Prayer Push And Circle Draw,,False,bodyweight,70,88,95,65
1a73a2ab-a275-412a-8783-256248a13697,Lying Triceps Extension On Floor (Dumbbell),skull_crusher,Skull Crusher,"tricep_extension, tricep_pushdown, dip",False,dumbbell,92,90,92,90
1a7c48ae-91f5-4da9-b4ee-7fbd4583c644,Bottle Weighted Frog Crunch,crunch,Crunch,"leg_raise, plank, russian_twist",True,bodyweight,70,88,95,65
1a88e3aa-1dd4-4fe1-ac92-e605f7b183b8,Side Neck Stretch,general_stretch,Stretch,,False,bodyweight,70,88,95,65
1a8ad9b4-0548-48b2-9629-2d5a30008d97,Standing Shoulder Extrernal Rotati (Resistance Band),shoulder_exercise,Shoulder Exercise,"shoulder_press, lateral_raise",False,band,60,85,90,50
1a8ede7c-3cde-4887-9c0e-722abaa7025f,Zottman Preacher Curl (Dumbbell),preacher_curl,Preacher Curl,"bicep_curl, hammer_curl, concentration_curl",False,dumbbell,92,90,92,90
1a908559-805d-42a4-baa9-9306e9ee4d51,Good Morning Squat,squat,Squat,"leg_press, leg_extension, lunge, leg_curl",False,bodyweight,70,88,95,65
1a90dce9-61a5-4d11-b513-397c385843d9,Kneeling Cat Cow,general_movement,Kneeling Cat Cow,,False,bodyweight,70,88,95,65
1aa7710d-f2be-4845-8c51-5b64b11d595b,Knee Raise Torso Twist Punch,leg_raise,Leg Raise,"crunch, plank, reverse_crunch",False,bodyweight,70,88,95,65
1aaa4d2b-daa4-416a-8375-8931df11c226,Kneeling Shoulder External Rotation (Cable),shoulder_exercise,Shoulder Exercise,"shoulder_press, lateral_raise",False,cable,85,88,30,92
1ab4acaf-f1d8-40f5-82b6-247ca20420af,Reverse Curl (Band),reverse_curl,Reverse Curl,"bicep_curl, hammer_curl, wrist_curl",False,band,60,85,90,50
1acb93cc-a992-446c-8e09-3978cd21b88e,L Sit Kick Out,general_movement,L Sit Kick Out,,False,bodyweight,70,88,95,65
1ae088fc-f0c0-49ef-bdc0-4ba91dc1adcd,Weighted Plate Stagged Stance Romanian Deadlift,romanian_deadlift,Romanian Deadlift,"romanian_deadlift, bent_over_row, hip_thrust, squat",False,bodyweight,70,88,95,65
1ae181ed-fa0c-4d73-bfb6-bd206e8fa4d2,Suspender Inverted Row Arm Twist,inverted_row,Inverted Row,"lat_pulldown, face_pull, bicep_curl, rear_delt_fly",False,bodyweight,70,88,95,65
1ae7b1d0-4caa-4c2d-ae31-ff20026eb0d5,Deep Dip,dip,Dip,"bench_press, tricep_pushdown, push_up",True,bodyweight,70,88,95,65
1aed7a9a-ec7f-40b7-a10c-3d0193b6c099,Lever Seated Hip Adduction,hip_adduction,Hip Adduction,"hip_abduction, sumo_squat, lunge",False,machine,80,75,20,88
1b012dec-e32c-4c78-bd7e-08b2ad5898b5,Backward Abdominal Stretch,back_stretch,Back Stretch,,False,bodyweight,70,88,95,65
1b21512f-bc7f-42cd-a2f2-ce5527a64f72,Hang Power Clean (Dumbbell),hang_clean,Hang Clean,"deadlift, front_squat, snatch, shrug",False,dumbbell,92,90,92,90
1b245332-0f7a-430d-b6f5-1d9f7159c528,Lever Chair Squat,squat,Squat,"leg_press, leg_extension, lunge, leg_curl",False,machine,80,75,20,88
1b2501f5-d0c9-4e8e-9ded-66a1454bd3d8,Seated Side Bend Shoulder Stretch,shoulder_stretch,Shoulder Stretch,,False,bodyweight,70,88,95,65
1b32e3dc-373e-4b15-8a26-f749207145de,Seated Single Leg Extension (Cable),leg_extension,Leg Extension,"squat, leg_press, leg_curl",False,cable,85,88,30,92
1b349471-43a2-42e3-89a0-246fe6d19fde,Crunch Heel Touch,crunch,Crunch,"leg_raise, plank, russian_twist",True,bodyweight,70,88,95,65
1b36cccf-7259-48a8-b9f8-4fd24d82778f,Alternate Front Kick In Place,general_movement,Alternate Front Kick In Place,,False,bodyweight,70,88,95,65
1b3f6f44-7d0e-4efa-911b-dffc2c628810,Sitting Shoulder Press And Hip Abduction On A Padd,shoulder_press,Shoulder Press,"lateral_raise, front_raise, tricep_extension",False,bodyweight,70,88,95,65
1b4f100f-02cd-48e0-9f8e-3eaf1e8e1533,Standing Calf Raise (on A Staircase),calf_raise,Calf Raise,leg_press,False,bodyweight,70,88,95,65
1b5fd646-c943-4b79-98df-7d2954dcc5d3,Front Plank With Leg Lift,plank,Plank,"crunch, leg_raise, russian_twist",True,bodyweight,70,88,95,65
1b682cd2-d144-467a-8474-63ad0e1f3673,EZ Bar Standing Upright Row,upright_row,Upright Row,"lateral_raise, shrug, shoulder_press",False,bodyweight,70,88,95,65
1b743f95-bb04-4a53-a465-315461f7bef7,Lying Extension (across Face) (Dumbbell),extension,Extension,"tricep_extension, leg_extension",False,dumbbell,92,90,92,90
1b7b291e-3651-4cb9-bff8-f8a41109abc8,Flexion Leg Sit Up (straight Arm),crunch,Crunch,"leg_raise, plank, russian_twist",True,bodyweight,70,88,95,65
1b85d840-666f-4355-bb50-fd3650cf28dd,Kneeling Single Kickback,back_exercise,Back Exercise,"bent_over_row, lat_pulldown",False,bodyweight,70,88,95,65
1b8ddade-6712-41f5-a145-12e0b101ce31,Seated Knee Slap On Chair,general_movement,Seated Knee Slap On Chair,,False,bodyweight,70,88,95,65
1b99f9ae-11b5-4763-bcac-be346d2506a3,Incline Reverse Push Up,incline_push_up,Incline Push Up,"bench_press, fly, dip, tricep_extension",False,bodyweight,70,88,95,65
1b9f8b92-c327-4a6c-a125-49b29a596be6,Butt Bridge,general_movement,Butt Bridge,,False,bodyweight,70,88,95,65
1ba2dc8a-3677-46e2-b4a9-cd3ddd5ae127,Seated Shoulder Flexor Depresor Retractor Stretch Bent Knee,shoulder_stretch,Shoulder Stretch,,False,bodyweight,70,88,95,65
1ba4bdb0-ecbf-431e-8100-acda4f4775da,One Arm Thruster (Kettlebell),thruster,Thruster,"front_squat, shoulder_press, clean",False,kettlebell,75,85,85,78
1bb09553-ea98-4ff7-b10b-9526ceb0ea18,Sphinx Lookback,back_exercise,Back Exercise,"bent_over_row, lat_pulldown",False,bodyweight,70,88,95,65
1bb68a00-61e8-4079-9fd7-64f16a79947f,Reverse Lunge High Knee,reverse_lunge,Reverse Lunge,"split_squat, step_up, squat, leg_press",False,bodyweight,70,88,95,65
1bbba2bb-b539-42a0-b52a-5084dcd87f43,Pendlay Row (Cable),bent_over_row,Bent Over Row,"lat_pulldown, face_pull, bicep_curl, rear_delt_fly",False,cable,85,88,30,92
1bcc44c5-b1d4-4098-a30b-b23213f602d3,Circles Knee Stretch,general_stretch,Stretch,,False,bodyweight,70,88,95,65
1bd4f8ad-b6e7-4a6b-bb03-a05d0829670a,Decline Bench Press (Barbell),decline_bench_press,Decline Bench Press,"bench_press, dip, fly",False,barbell,95,80,65,95
1c0023ba-11b4-4fc2-a601-ffbdf65f1a98,Bottle Weighted Straight Legs Deadlift,stiff_leg_deadlift,Stiff Leg Deadlift,"romanian_deadlift, bent_over_row, hip_thrust, squat",False,bodyweight,70,88,95,65
1c0844b7-f837-42fa-a60a-6bae2175e892,Weighted One Leg Hip Thrust,hip_thrust,Hip Thrust,"glute_bridge, romanian_deadlift, leg_curl",False,bodyweight,70,88,95,65
1c1146fa-21d4-4b31-a35d-10db76bc93cd,Thruster (Band),thruster,Thruster,"front_squat, shoulder_press, clean",False,band,60,85,90,50
1c22b0b6-f25d-45b5-a728-791c0e5f83c9,Butt Kick Jump,general_movement,Butt Kick Jump,,False,bodyweight,70,88,95,65
1c274bdb-1215-427e-8962-0cd8129e4bc2,Straight Arm Pullover (Dumbbell),pullover,Pullover,"lat_pulldown, straight_arm_pulldown, fly",False,dumbbell,92,90,92,90
1c2fe1bc-e033-4e5a-a98e-d7d95f15564a,Big Turn Back Stretch,back_stretch,Back Stretch,,False,bodyweight,70,88,95,65
1c4a853a-b6b0-4e7c-8bdd-a75d6757ffc4,Stability Ball Rollout On Knees,core_exercise,Core Exercise,"crunch, plank",False,bodyweight,70,88,95,65
1c55362a-48d7-4202-be47-a3a7b57c760a,Sitting Shrug On A Chair,shrug,Shrug,"upright_row, deadlift, bent_over_row",False,bodyweight,70,88,95,65
1c6160d4-2917-4f7b-bb72-df377aebd8b0,Prone Incline Curl (Dumbbell),incline_curl,Incline Curl,"bicep_curl, preacher_curl, hammer_curl",False,dumbbell,92,90,92,90
1c66c20e-5c5a-40ef-b94a-475ae45199fd,Side Plank,side_plank,Side Plank,"crunch, leg_raise, russian_twist",False,bodyweight,70,88,95,65
1c67d946-59fc-4373-be34-db13af9779cd,Lever Preacher Curl,preacher_curl,Preacher Curl,"bicep_curl, hammer_curl, concentration_curl",False,machine,80,75,20,88
1c686e3b-0818-4cbb-9097-af422d0cff76,Standing Crossover Crunch,crunch,Crunch,"leg_raise, plank, russian_twist",True,bodyweight,70,88,95,65
1c6f6ed4-7142-4968-94a5-734695c775bc,Elevated Cycling,cycling,Cycling,,False,bodyweight,70,88,95,65
1c72aa13-3c4e-4c25-a376-c116e233a47a,Ring Tuck Planche,general_movement,Ring Tuck Planche,,False,bodyweight,70,88,95,65
1c8019e4-05c6-4d7b-9556-a148bc5c5110,Squat And Knee,squat,Squat,"leg_press, leg_extension, lunge, leg_curl",False,bodyweight,70,88,95,65
1ca1e741-a274-42fb-81cb-866d406b56f5,Standing Triceps Stretch Against Wall,tricep_stretch,Tricep Stretch,,False,bodyweight,70,88,95,65
1ca4d457-739d-42bb-a9b3-8fb2b744e03f,Seated Shoulder Rotation,shoulder_exercise,Shoulder Exercise,"shoulder_press, lateral_raise",False,bodyweight,70,88,95,65
1cac351f-744c-413f-b9c3-3cc5b5c81a67,Deep Push Up,push_up,Push Up,"bench_press, fly, dip, tricep_extension",True,bodyweight,70,88,95,65
1cb34bc9-b586-4b25-aa6f-0ca7fcf4d4b3,Standing Single Chest Stretch Against Wall,chest_stretch,Chest Stretch,,False,bodyweight,70,88,95,65
1cc18ca3-7c21-40c0-b13f-fc9086697e93,Smith High Pull,general_movement,Smith High Pull,,False,smith_machine,72,70,25,80
1cc5a9b9-b6ae-410a-a017-3dc39ec1aaed,Seated Twist (straight Arm),arm_exercise,Arm Exercise,"bicep_curl, tricep_extension",False,bodyweight,70,88,95,65
1cc69b66-6a2f-40cd-8f60-f644826b9654,Side Push Neck Stretch,general_stretch,Stretch,,False,bodyweight,70,88,95,65
1cd5cf37-d93d-4949-8f1a-695142c82286,Incline Leg Hip Raise (leg Straight),raise,Raise,"lateral_raise, front_raise",False,bodyweight,70,88,95,65
1ce4570e-db2b-4d6c-ac1e-75a5e536402b,Pullover With Bench Press (Barbell),bench_press,Bench Press,"incline_bench_press, fly, tricep_pushdown, dip",True,barbell,95,80,65,95
1cef4b55-08ff-4280-8933-0ff19424f6c6,Roll Middle Back Lying On Floor,back_exercise,Back Exercise,"bent_over_row, lat_pulldown",False,bodyweight,70,88,95,65
1cfa6047-db82-4e3b-a1c5-8f2fdb1609d5,Mountain Climber Against Wall,mountain_climber,Mountain Climber,"plank, burpee, high_knees",False,bodyweight,70,88,95,65
1d102f2e-53ad-49e6-8e74-36f95dc431bc,Standing Ab Twist,core_exercise,Core Exercise,"crunch, plank",False,bodyweight,70,88,95,65
1d1abf36-6f1e-4e25-a632-817b92b8f480,Assisted Lying Bent Knee Hip Adduction (stability Ball),hip_adduction,Hip Adduction,"hip_abduction, sumo_squat, lunge",False,bodyweight,70,88,95,65
1d33d636-051f-4204-ba74-233f9e06a6f9,Seated Knee Slide,general_movement,Seated Knee Slide,,False,bodyweight,70,88,95,65
1d3920c4-4c2d-4a56-97df-82599e3adbf4,Alternate Straight Leg Raise (bosu Ball),leg_raise,Leg Raise,"crunch, plank, reverse_crunch",False,bodyweight,70,88,95,65
1d436f84-faf6-4a82-b853-1d3b969967cd,Squat Bounce Sky Punch,squat,Squat,"leg_press, leg_extension, lunge, leg_curl",False,bodyweight,70,88,95,65
1d4a767b-e436-49cf-bb79-a95dd53cc339,Push Up Pull,push_up,Push Up,"bench_press, fly, dip, tricep_extension",True,bodyweight,70,88,95,65
1d4b448a-f421-4634-83ec-4bf1e7ef4f92,Preacher Curl (Dumbbell),preacher_curl,Preacher Curl,"bicep_curl, hammer_curl, concentration_curl",False,dumbbell,92,90,92,90
1d504f29-2354-494a-b64d-dc2fc0ae7192,Lever Walking,general_movement,Lever Walking,,False,machine,80,75,20,88
1d507df8-11c5-4039-871b-dd945a950517,Quadruped Shoulder Cars,shoulder_exercise,Shoulder Exercise,"shoulder_press, lateral_raise",False,bodyweight,70,88,95,65
1d512c24-ac2a-44bc-8433-87e3800b4fca,Bridge (on Knees),general_movement,Bridge,,False,bodyweight,70,88,95,65
1d52095c-0786-4bda-b54b-29f6020ab23b,Ab Twist Toe Tap,core_exercise,Core Exercise,"crunch, plank",False,bodyweight,70,88,95,65
1d67434c-f62d-4955-81e5-0b0310927b36,Seated Calf Stretch,calf_stretch,Calf Stretch,,False,bodyweight,70,88,95,65
1d6b1586-d3e3-4d9b-ab44-0d5a70f9d61a,Standing Foot Muscles Activation,general_movement,Standing Foot Muscles Activation,,False,bodyweight,70,88,95,65
1d6b66d6-fb4b-46d7-8ddd-065483166225,Tight Rope Walk,general_movement,Tight Rope Walk,,False,bodyweight,70,88,95,65
1d701afc-d5f1-4d8b-9b1f-15395197ffe8,Lunge (Dumbbell),lunge,Lunge,"split_squat, step_up, squat, leg_press",False,dumbbell,92,90,92,90
1d72a88b-6b1f-48b4-831a-76837048b34f,Standing Romanian Deadlift (Bodyweight),romanian_deadlift,Romanian Deadlift,"romanian_deadlift, bent_over_row, hip_thrust, squat",False,bodyweight,70,88,95,65
1d7ae386-c7ff-4efd-87d0-ebb099ad327c,Quick Feet In Out Run,running,Running,,False,bodyweight,70,88,95,65
1d950101-7493-44b9-9952-18341f78a615,Incline Shrug (Kettlebell),shrug,Shrug,"upright_row, deadlift, bent_over_row",False,kettlebell,75,85,85,78
1daa5f54-de51-4a68-acda-f99cdb5d5332,Walking On Elliptical Machine,general_movement,Walking On Elliptical Machine,,False,machine,80,75,20,88
1daa82d6-c634-4a75-bc14-531c915c86cf,Crab Walk,core_exercise,Core Exercise,"crunch, plank",False,bodyweight,70,88,95,65
1dbb7ac5-aa6d-4598-8585-c0fd4c87cea8,Spine Rolling,general_movement,Spine Rolling,,False,bodyweight,70,88,95,65
1dc20b00-18a8-4834-8b93-e7f197a19e9a,Lying Punches,general_movement,Lying Punches,,False,bodyweight,70,88,95,65
1df00dc2-076a-40e1-b832-d617b633ccb9,Kneeling Alternating Leg Lift Crossover,leg_exercise,Leg Exercise,"squat, leg_press",False,bodyweight,70,88,95,65
1e0366ca-97cf-4af9-ba21-80d3df57e761,Sitting Scapular Adduction,hip_adduction,Hip Adduction,"hip_abduction, sumo_squat, lunge",False,bodyweight,70,88,95,65
1e2b16bb-68ed-4f3d-8449-04753afede2b,Single Leg Glute Bridge (Dumbbell),glute_bridge,Glute Bridge,"hip_thrust, romanian_deadlift, leg_curl",False,dumbbell,92,90,92,90
1e404bc9-2e36-4147-89bf-8c59137561b7,Criss Cross Jack,general_movement,Criss Cross Jack,,False,bodyweight,70,88,95,65
1e4ca9a4-944d-48e5-89d8-eb89a981e80a,Bottle Weighted Gorilla Row,bent_over_row,Bent Over Row,"lat_pulldown, face_pull, bicep_curl, rear_delt_fly",False,bodyweight,70,88,95,65
1e52d429-4e3e-4959-8ef2-29eb30bd601e,Ring Weighted Pronated Grip Inverted Row,inverted_row,Inverted Row,"lat_pulldown, face_pull, bicep_curl, rear_delt_fly",False,bodyweight,70,88,95,65
1e54d46e-9ec3-4c4a-980b-b40a143025ef,Ring One Arm Pull Up,pull_up,Pull Up,"lat_pulldown, bent_over_row, bicep_curl",True,bodyweight,70,88,95,65
1e54e153-46a0-48f3-a47f-04b94b0b7a9a,Seated Inversion Foot (Resistance Band),general_movement,Seated Inversion Foot,,False,band,60,85,90,50
1e5e78fd-33d9-4cc5-b2f0-b7d72b30d65d,External Shoulder Rotation Stretch,shoulder_stretch,Shoulder Stretch,,False,bodyweight,70,88,95,65
1e63e85a-fc07-4473-a553-b4134b2d7ed5,Lever Stack Seated Incline Chest Press,incline_chest_press,Incline Chest Press,"bench_press, fly, tricep_pushdown",False,machine,80,75,20,88
1e6f673e-3983-48a4-9b8c-c752e12ead28,Landmine One Arm Bent Over Row,single_arm_row,Single Arm Row,"lat_pulldown, face_pull, bicep_curl, rear_delt_fly",False,bodyweight,70,88,95,65
1e79afda-e9b5-4713-a247-1bf2b2530ff7,Lever Pec Deck Fly,fly,Chest Fly,"bench_press, incline_fly, push_up",False,machine,80,75,20,88
1e7a9a0a-540c-46f7-a6ca-876b9747f435,Side Step Swing,general_movement,Side Step Swing,,False,bodyweight,70,88,95,65
1e8c498c-c417-4292-bec6-8e676a27d7d7,March Sit (wall),general_movement,March Sit,,False,bodyweight,70,88,95,65
1eab908c-8c08-461e-9509-bb2de61cc1d4,Side Bend (Dumbbell),general_movement,Side Bend,,False,dumbbell,92,90,92,90
1eae0bac-9ea3-49d1-a3d2-24640b46d4dc,Split Squat (Dumbbell),split_squat,Split Squat,"leg_press, leg_extension, lunge, leg_curl",False,dumbbell,92,90,92,90
1eb32386-bb61-47f8-bbd7-efb30f88d203,One Arm Lateral Raise (Cable),lateral_raise,Lateral Raise,"shoulder_press, front_raise, rear_delt_fly",False,cable,85,88,30,92
1eb35c4a-6702-490c-8223-370e1aacbd69,Box Drop 2 Foot Land,general_movement,Box Drop 2 Foot Land,,False,bodyweight,70,88,95,65
1ed77dfc-52be-45a3-bea2-27b466bea100,One Arm Overhead Biceps Curl (Band),bicep_curl,Bicep Curl,"hammer_curl, preacher_curl, tricep_extension",False,band,60,85,90,50
1eea7c99-79f9-413e-b2a0-8703e60334e6,Sled Glute Dominant Leg Press,leg_press,Leg Press,"squat, leg_extension, leg_curl, hack_squat",False,bodyweight,70,88,95,65
1eea9fd1-a2f9-40dd-8fae-e49d0f35e37f,Side Lying Clam And Kick,general_movement,Side Lying Clam And Kick,,False,bodyweight,70,88,95,65
1efe2091-96d6-4599-8286-db1ac413930d,Weighted Bottle Side Floor Tap Plank,side_plank,Side Plank,"crunch, leg_raise, russian_twist",False,bodyweight,70,88,95,65
1f11aea3-5d18-4912-8855-4896eaf9526c,Wide Hand Push Up,push_up,Push Up,"bench_press, fly, dip, tricep_extension",True,bodyweight,70,88,95,65
1f15295e-e161-4780-ba57-bcef37229f6c,Peacher Hammer Curl (Dumbbell),hammer_curl,Hammer Curl,"bicep_curl, preacher_curl, reverse_curl",True,dumbbell,92,90,92,90
1f2e3bdb-6350-477e-943c-573048b2265b,Leg Raise Dragon Flag,leg_raise,Leg Raise,"crunch, plank, reverse_crunch",False,bodyweight,70,88,95,65
1f364865-580b-496c-a266-f819bb5dd7bf,Dancer Bend,general_movement,Dancer Bend,,False,bodyweight,70,88,95,65
1f47bc09-d066-4082-99ff-d80c6c959b17,Standing Front Backhand Tap And Behind Backhand Ta,back_exercise,Back Exercise,"bent_over_row, lat_pulldown",False,bodyweight,70,88,95,65
1f4b428c-7705-4a40-8e13-fec3ab235a86,Clean Grip Front Squat (Barbell),front_squat,Front Squat,"leg_press, leg_extension, lunge, leg_curl",False,barbell,95,80,65,95
1f661150-5581-4d54-bed6-3c8b000439fd,Half Squat Torso Punches,squat,Squat,"leg_press, leg_extension, lunge, leg_curl",False,bodyweight,70,88,95,65
1f8b2078-b158-4ffa-884e-cf7256e2d7fb,Standing Alternate Side Crunch And Raise,oblique_crunch,Oblique Crunch,"leg_raise, plank, russian_twist",False,bodyweight,70,88,95,65
1f963f03-ddbd-4b7a-bc17-193aef056495,Crunch With Leg Lift,crunch,Crunch,"leg_raise, plank, russian_twist",True,bodyweight,70,88,95,65
1fa5d5ab-55ee-4be0-b57b-7aa1eaebfc90,Seated Row (Cable),cable_row,Cable Row,"lat_pulldown, face_pull, bicep_curl, rear_delt_fly",True,cable,85,88,30,92
1fad2a60-062a-4b14-8bd4-0226f2b29158,Kneeling Hip Flexor Lift,general_movement,Kneeling Hip Flexor Lift,,False,bodyweight,70,88,95,65
1fadb9d3-462d-4dda-b7bc-ced6018ba18a,Lever Military Press (plate Loaded),shoulder_press,Shoulder Press,"lateral_raise, front_raise, tricep_extension",False,machine,80,75,20,88
1fc122da-edab-4e63-aa12-24895132b01a,45 Degree Side Bend,general_movement,45 Degree Side Bend,,False,bodyweight,70,88,95,65
1fcbf4fe-e57e-43e3-9b25-d651ea91b16a,Assisted Neutral Grip Chin Up (Resistance Band),chin_up,Chin Up,"lat_pulldown, bent_over_row, bicep_curl",False,band,60,85,90,50
1fdba65a-22ce-4dcb-8ca8-438eb53ac19a,Weighted Pull Up,pull_up,Pull Up,"lat_pulldown, bent_over_row, bicep_curl",True,bodyweight,70,88,95,65
1fdc48a5-f9a7-4d58-b06d-a889fddd4f37,Sitting Stepjack Front Raise On A Chair,front_raise,Front Raise,"shoulder_press, lateral_raise, incline_bench_press",False,bodyweight,70,88,95,65
1fe006da-cdbe-4999-88a1-2efad0f6998b,Power Clean (Dumbbell),power_clean,Power Clean,"deadlift, front_squat, snatch, shrug",False,dumbbell,92,90,92,90
1feb4a17-8aab-47a4-8d29-18a95bc980d7,Rainbow Switching Toe Tap,general_movement,Rainbow Switching Toe Tap,,False,bodyweight,70,88,95,65
1ff71283-6731-485e-bc01-3fcc7dd9e49c,Sitting Side Bend On A Chair,general_movement,Sitting Side Bend On A Chair,,False,bodyweight,70,88,95,65
20095a73-b763-453d-ba38-fa647bb9507a,Smith Rear Lunge,lunge,Lunge,"split_squat, step_up, squat, leg_press",False,smith_machine,72,70,25,80
20163d22-3064-4b6a-b31b-8bd3ce9b73ac,Ski Runners,running,Running,,False,bodyweight,70,88,95,65
20176394-95d4-43d6-a4eb-393f49cef75b,Side Step Swing,general_movement,Side Step Swing,,False,bodyweight,70,88,95,65
20181a91-1b29-4b2f-a659-2f863254e9f2,Standing Calf Stretch Against Wall,calf_stretch,Calf Stretch,,False,bodyweight,70,88,95,65
201b918a-ff34-4cac-abe8-878634d30ff5,Seated Knee Raise Leg Raise On A Chair,leg_raise,Leg Raise,"crunch, plank, reverse_crunch",False,bodyweight,70,88,95,65
2020d0d2-1fae-44f3-b267-f02e3164feb4,Standing Ankle Dorsi Flexion Against Wall,general_movement,Standing Ankle Dorsi Flexion Against Wall,,False,bodyweight,70,88,95,65
20264d42-8dcd-4278-a032-1b74b1dafa38,Hammer Grip Incline Bench Two Arm Row (Band),bent_over_row,Bent Over Row,"lat_pulldown, face_pull, bicep_curl, rear_delt_fly",False,band,60,85,90,50
2026fc86-2295-4cf0-8385-d0814ac3d9c9,Lever Neutral Grip Seated Row (plate Loaded),cable_row,Cable Row,"lat_pulldown, face_pull, bicep_curl, rear_delt_fly",False,machine,80,75,20,88
2032b260-27d3-472b-afbf-a38be3a5accc,V Up (Dumbbell),v_up,V Up,"crunch, leg_raise, plank",False,dumbbell,92,90,92,90
2038ebdd-d31d-49b4-bc0b-af0af78c8073,Narrow Lunge With Wall Supported,bent_over_row,Bent Over Row,"lat_pulldown, face_pull, bicep_curl, rear_delt_fly",False,bodyweight,70,88,95,65
204ebba4-0ae0-4611-af74-914e4e719409,Neutral Grip Biceps Curl (Cable),bicep_curl,Bicep Curl,"hammer_curl, preacher_curl, tricep_extension",False,cable,85,88,30,92
204fb462-e547-4ad6-bf2b-510f61136a62,Deep Lunge Dorsi Flexion,lunge,Lunge,"split_squat, step_up, squat, leg_press",False,bodyweight,70,88,95,65
20644cb5-b6cb-4a4e-8a7b-73780d340046,Stand Spread Leg Forward Fold,leg_exercise,Leg Exercise,"squat, leg_press",False,bodyweight,70,88,95,65
20781373-95a8-4e8f-ad44-69af13134886,Seated Pull Up,pull_up,Pull Up,"lat_pulldown, bent_over_row, bicep_curl",True,bodyweight,70,88,95,65
2082f795-5817-4912-b9ee-6a6db6fb4a7d,Standing Archer Side Step,general_movement,Standing Archer Side Step,,False,bodyweight,70,88,95,65
20966b3c-9ef4-431d-a5da-c9970c3dc8ef,Wide Push Up (wall),push_up,Push Up,"bench_press, fly, dip, tricep_extension",True,bodyweight,70,88,95,65
20a9d302-b2f0-4796-81ee-266d88681f4e,Strict Curl (Barbell),bicep_curl,Bicep Curl,"hammer_curl, preacher_curl, tricep_extension",False,barbell,95,80,65,95
20abe7c3-8571-4b76-902b-b119997526df,Narrow Grip High Row (Band),bent_over_row,Bent Over Row,"lat_pulldown, face_pull, bicep_curl, rear_delt_fly",False,band,60,85,90,50
20bdd5aa-dc69-43a6-aa8e-945f9bd16a70,Lying Hip Straight Leg Raise,leg_raise,Leg Raise,"crunch, plank, reverse_crunch",False,bodyweight,70,88,95,65
20c2ae7e-3772-477d-825f-52040237e3a8,Side Bend Arm Tuck,arm_exercise,Arm Exercise,"bicep_curl, tricep_extension",False,bodyweight,70,88,95,65
20c5cbee-a7b0-434f-8085-45182eceee74,Side Lying Single Leg Kick Female),leg_exercise,Leg Exercise,"squat, leg_press",False,bodyweight,70,88,95,65
20d2f8bf-0154-417c-8eab-623ff2c18e1b,Decline Sit Up (Dumbbell),crunch,Crunch,"leg_raise, plank, russian_twist",False,dumbbell,92,90,92,90
20d6fd1e-6f90-4a1a-a827-b32f12c83b28,Weighted Seated Tuck Crunch On Floor,crunch,Crunch,"leg_raise, plank, russian_twist",True,bodyweight,70,88,95,65
20dc7db1-2c4c-469c-a318-a5c0f2214acf,Side Floor Tap Plank,side_plank,Side Plank,"crunch, leg_raise, russian_twist",False,bodyweight,70,88,95,65
20dfa375-d95d-4305-b285-a58177bf8155,Prone Thoracic Rotation,general_movement,Prone Thoracic Rotation,,False,bodyweight,70,88,95,65
20f604d2-0d9d-415d-9181-4a37d2c6c381,Assisted Weighted Push Up,push_up,Push Up,"bench_press, fly, dip, tricep_extension",True,bodyweight,70,88,95,65
20fac688-b445-4c87-8812-f79c3b8d15d4,One Arm Bent Over Row (Dumbbell),single_arm_row,Single Arm Row,"lat_pulldown, face_pull, bicep_curl, rear_delt_fly",False,dumbbell,92,90,92,90
210f1171-1955-421d-9b8f-b5fcd204b6e7,Single Leg Stretch (bent Knee),general_stretch,Stretch,,False,bodyweight,70,88,95,65
211eb982-8d92-4537-bb74-27eed45eeda7,Front Plank With Arm And Leg Lift,plank,Plank,"crunch, leg_raise, russian_twist",True,bodyweight,70,88,95,65
2124e93f-fe67-434a-be1d-b94b1bab423b,Pin Chest Press (Barbell),chest_press,Chest Press,"bench_press, fly, tricep_pushdown",False,barbell,95,80,65,95
21265dc3-28e9-4f0c-9596-2b885457b095,Lever Seated Leg Extension,leg_extension,Leg Extension,"squat, leg_press, leg_curl",True,machine,80,75,20,88
2132d0aa-7971-439e-a34f-092b33454939,Wide Bench Press (Barbell),bench_press,Bench Press,"incline_bench_press, fly, tricep_pushdown, dip",True,barbell,95,80,65,95
21363fe0-e60d-4ae6-966d-36ec7914c461,Hip Thrust (Resistance Band),hip_thrust,Hip Thrust,"glute_bridge, romanian_deadlift, leg_curl",False,band,60,85,90,50
2137da36-03fb-4309-a12e-a0763fb92487,Curl Press Extension (Barbell),bicep_curl,Bicep Curl,"hammer_curl, preacher_curl, tricep_extension",False,barbell,95,80,65,95
213bb8b9-edf6-48f3-9061-a9df782059fd,Standing Military Press (Barbell),shoulder_press,Shoulder Press,"lateral_raise, front_raise, tricep_extension",True,barbell,95,80,65,95
213d5bda-b8db-4f1e-b11c-a4ed81f3e348,Double Heel Lift Sit Against Wall,general_movement,Double Heel Lift Sit Against Wall,,False,bodyweight,70,88,95,65
213f661c-1725-4375-8d23-4143363193ab,Knee Raise Side Reach,leg_raise,Leg Raise,"crunch, plank, reverse_crunch",False,bodyweight,70,88,95,65
21411675-1b5f-4923-a3c6-97971e2e816f,Jump Box,general_movement,Jump Box,,False,bodyweight,70,88,95,65
216b64e3-69ae-4f5f-ba26-549fa244f9da,Smith Shrug,shrug,Shrug,"upright_row, deadlift, bent_over_row",False,smith_machine,72,70,25,80
21701fee-ecc0-45a6-ac12-9d145957e98e,Standing Pulsing Elbow Lift,general_movement,Standing Pulsing Elbow Lift,,False,bodyweight,70,88,95,65
217dbc33-f8ad-4c94-8d8c-f6256c5700ce,Concentration Extension (on Knee) (Cable),extension,Extension,"tricep_extension, leg_extension",False,cable,85,88,30,92
217f756e-024e-4033-94a2-b94c0dc3b0a1,Lying Floor Quarter Twisting Crunch,crunch,Crunch,"leg_raise, plank, russian_twist",True,bodyweight,70,88,95,65
21815007-e828-4daf-8543-1feddc537085,Sitting Side Crunch On A Padded Stool,oblique_crunch,Oblique Crunch,"leg_raise, plank, russian_twist",False,bodyweight,70,88,95,65
2189c9ae-8b0f-4e54-8e57-4408a5cf2b99,Smith Rack Pull,general_movement,Smith Rack Pull,,False,smith_machine,72,70,25,80
218db375-f91c-4ba4-af65-07b4ef580e95,Overhead Triceps Extension (Rope Attachment) (Cable),overhead_tricep_extension,Overhead Tricep Extension,"tricep_pushdown, skull_crusher, dip, bicep_curl",False,cable,85,88,30,92
218e48db-6116-4b41-b722-fa7f73131ac0,Smith Lateral Step Up,step_up,Step Up,"lunge, split_squat, squat",False,smith_machine,72,70,25,80
21962f17-c91b-41f6-8d8d-ff1cc82da23a,Stepback Side Bend,back_exercise,Back Exercise,"bent_over_row, lat_pulldown",False,bodyweight,70,88,95,65
21a164a3-3fe6-418e-883b-bb591d1e53f4,Dip A Padded Stool Supported,dip,Dip,"bench_press, tricep_pushdown, push_up",True,bodyweight,70,88,95,65
21b01531-27c6-4790-b9ec-678261710882,Kneeling Scapular Push Up,push_up,Push Up,"bench_press, fly, dip, tricep_extension",True,bodyweight,70,88,95,65
21b8171a-69e6-443a-891e-20f03eada74a,Push Up,push_up,Push Up,"bench_press, fly, dip, tricep_extension",True,bodyweight,70,88,95,65
21cb7583-e6d6-40a7-ac3b-97ae70329f4e,Lying Vertical Scissors On Floor,general_movement,Lying Vertical Scissors On Floor,,False,bodyweight,70,88,95,65
21d9e016-b46d-4619-9fd5-66eb5779228d,Lever Standing Viking Press,press,Press,"bench_press, shoulder_press",False,machine,80,75,20,88
21de2136-52f7-4d6a-8a9a-1ed147ecf36c,Star Reach Side Leg Lift,leg_exercise,Leg Exercise,"squat, leg_press",False,bodyweight,70,88,95,65
21ea5346-0d89-43c0-a735-c77d735483e3,Shrug (Dumbbell),shrug,Shrug,"upright_row, deadlift, bent_over_row",False,dumbbell,92,90,92,90
2213f364-f9e3-4cd7-a28b-ce3f453a9db9,Shoulder External Rotation Test,shoulder_exercise,Shoulder Exercise,"shoulder_press, lateral_raise",False,bodyweight,70,88,95,65
221b6fe6-4da4-4ba2-b5b6-0842944deb15,Single Leg Thrusts,leg_exercise,Leg Exercise,"squat, leg_press",False,bodyweight,70,88,95,65
2220d1b6-7569-4196-a729-7777cd18ce6b,Ring Back Roll To Support,back_exercise,Back Exercise,"bent_over_row, lat_pulldown",False,bodyweight,70,88,95,65
2222369f-e10b-460c-9832-632c8765bc28,Side Plank Raise,side_plank,Side Plank,"crunch, leg_raise, russian_twist",False,bodyweight,70,88,95,65
2226af4a-cac4-4d97-b482-ecca53cf799e,Over Bench Neutral Wrist Curl (Dumbbell),general_movement,Over Bench Neutral Wrist Curl,,False,dumbbell,92,90,92,90
222c8ac5-6405-4939-8b93-1748b520f0ef,Straight Arm Pullover (Dumbbell),pullover,Pullover,"lat_pulldown, straight_arm_pulldown, fly",False,dumbbell,92,90,92,90
22300a58-d4ce-40e3-9a69-09117ed1e8d2,Kneeling Leg Half Circle (Resistance Band),leg_exercise,Leg Exercise,"squat, leg_press",False,band,60,85,90,50
22367063-c114-417d-89cd-30c088d3a6fa,Standing Wrist Rotation,general_movement,Standing Wrist Rotation,,False,bodyweight,70,88,95,65
2252c01d-013d-4d24-911e-126aa2c27e81,Weighted Plate Standing Hands Torsion,general_movement,Weighted Plate Standing Hands Torsion,,False,bodyweight,70,88,95,65
225ab4fc-8ed8-43d3-a792-decba4ed16b0,Diagonal Claps Woodchopper,woodchop,Woodchop,"russian_twist, oblique_crunch, plank",False,bodyweight,70,88,95,65
225ffa34-ac73-4912-b3c4-bcda962991fd,Chest Dip,dip,Dip,"bench_press, tricep_pushdown, push_up",True,bodyweight,70,88,95,65
2261b15d-90b0-49c3-8e07-70a66f5f2b0d,Standing Hip Frontal Rotation Prayer Arms,arm_exercise,Arm Exercise,"bicep_curl, tricep_extension",False,bodyweight,70,88,95,65
22684a9e-513e-47a3-92ab-30a2b975287d,Side Plank Scissors,side_plank,Side Plank,"crunch, leg_raise, russian_twist",False,bodyweight,70,88,95,65
226c43b8-592f-4e68-be05-a2a9f2964c4c,Smith Low Bar Squat,squat,Squat,"leg_press, leg_extension, lunge, leg_curl",False,smith_machine,72,70,25,80
226f6b1c-b560-4e81-95e9-cda86562cce4,Side Plank Raise,side_plank,Side Plank,"crunch, leg_raise, russian_twist",False,bodyweight,70,88,95,65
227f6d00-9a3e-4dbf-ae83-14912f0711b7,Pulse Squat (Bodyweight),squat,Squat,"leg_press, leg_extension, lunge, leg_curl",False,bodyweight,70,88,95,65
227f960b-758e-4414-a517-bd60751a61dd,Lying Legs Extension Abduction,hip_abduction,Hip Abduction,"hip_adduction, glute_kickback, hip_thrust",False,bodyweight,70,88,95,65
22938f34-cf8c-4b28-af2a-bebfca7cdbad,Standing Calf Raise (Kettlebell),calf_raise,Calf Raise,leg_press,False,kettlebell,75,85,85,78
2296a651-10f9-47fc-ba8b-a04d594411b9,Standing Single Leg Front Back Side To Side Toe T,back_exercise,Back Exercise,"bent_over_row, lat_pulldown",False,bodyweight,70,88,95,65
22974e87-bd70-41bf-a26e-243992d27997,Standing Front To Lateral Raise (Dumbbell),lateral_raise,Lateral Raise,"shoulder_press, front_raise, rear_delt_fly",True,dumbbell,92,90,92,90
2297f5e1-6f40-41e3-b410-6d53895cd699,Seated Alternate Knee Extension On Chair,extension,Extension,"tricep_extension, leg_extension",False,bodyweight,70,88,95,65
22a16049-6670-44dc-9a6f-b04a621d90c5,Upper Body Dead Bug (Resistance Band),general_movement,Upper Body Dead Bug,,False,band,60,85,90,50
22a844ef-29eb-4f89-911c-497960fac12e,Smith Sumo Deadlift,sumo_deadlift,Sumo Deadlift,"romanian_deadlift, bent_over_row, hip_thrust, squat",False,smith_machine,72,70,25,80
22ade6a6-728b-4848-836b-6e280e9e9ff7,Lever Abduction Squat,squat,Squat,"leg_press, leg_extension, lunge, leg_curl",False,machine,80,75,20,88
22bdedb2-9a60-4ff4-b406-214c1fbcf1d7,Roll Peroneal Side Lying On Floor,general_movement,Roll Peroneal Side Lying On Floor,,False,bodyweight,70,88,95,65
22c4f6c5-6f33-48ee-9cca-c44703c6d344,Standing Cat Cow Stretch,general_stretch,Stretch,,False,bodyweight,70,88,95,65
22c5a96e-869e-4258-a5ab-8c96205947b4,Wrist Curl (Band),general_movement,Wrist Curl,,False,band,60,85,90,50
22c6f336-9d24-4ffb-869f-9d47bdd6bf6b,Rear Delt Raise (Dumbbell),rear_delt_fly,Rear Delt Fly,"face_pull, lateral_raise, bent_over_row",False,dumbbell,92,90,92,90
22d7fac7-aaa3-4373-9fe5-9a7874086751,Suspender Side Bridge,general_movement,Suspender Side Bridge,,False,bodyweight,70,88,95,65
22f33bf4-49e2-4fc4-b8b8-a2694f78a4d9,Upright Row (Dumbbell),upright_row,Upright Row,"lateral_raise, shrug, shoulder_press",False,dumbbell,92,90,92,90
22f51805-979a-4ac3-aa9b-e6ae76bea58c,Smith Wide Grip Bench Press,bench_press,Bench Press,"incline_bench_press, fly, tricep_pushdown, dip",False,smith_machine,72,70,25,80
23059efb-ecae-40d0-8c4f-e487ee2b1678,Elbow To Knee,general_movement,Elbow To Knee,,False,bodyweight,70,88,95,65
23091be9-ea54-4791-9492-0e97e7d42591,Standing Balance Hip Abduction Pulse,hip_abduction,Hip Abduction,"hip_adduction, glute_kickback, hip_thrust",False,bodyweight,70,88,95,65
231cc3e8-a22f-46f9-ad81-0eb109cb8c84,Wrist Flexor Stretch,general_stretch,Stretch,,False,bodyweight,70,88,95,65
231ce272-7186-4a99-bca6-8b1c97357485,Posterior Tibialis Stretch,general_stretch,Stretch,,False,bodyweight,70,88,95,65
231e7f0d-fe4e-43f3-8963-f31e2d80744b,Bent Arm Lateral Raise (Dumbbell),lateral_raise,Lateral Raise,"shoulder_press, front_raise, rear_delt_fly",True,dumbbell,92,90,92,90
233b3c5d-de81-4734-a3b1-455a6658e586,Swing Torso Twist,general_movement,Swing Torso Twist,,False,bodyweight,70,88,95,65
234fa377-0343-4bd9-8071-c56dd2dc0b09,Reverse Dip,dip,Dip,"bench_press, tricep_pushdown, push_up",True,bodyweight,70,88,95,65
23519a1a-a917-4484-ba05-f1d764e7d24c,Standing One Arm Face Pull (Cable),face_pull,Face Pull,"rear_delt_fly, lateral_raise, bent_over_row",True,cable,85,88,30,92
23531ba8-6811-4ec4-8c1b-e455f3811f9a,Lying Hamstring Sciatic Nerve Mobilization,hamstring_stretch,Hamstring Stretch,,False,bodyweight,70,88,95,65
23635d5e-4429-49dc-b098-d8e5bf0923f1,Bottle Weighted Pullover,pullover,Pullover,"lat_pulldown, straight_arm_pulldown, fly",False,bodyweight,70,88,95,65
23638981-536f-430c-a307-e0b81042561f,Russian Twist On A Padded Stool,russian_twist,Russian Twist,"oblique_crunch, woodchop, side_plank",False,bodyweight,70,88,95,65
2365ca06-b853-48b8-8e34-b8093e054d45,Bear Push Up,push_up,Push Up,"bench_press, fly, dip, tricep_extension",True,bodyweight,70,88,95,65
23670e58-dace-4966-b24e-540ca88ee291,Glute Bridge Single Leg With Chair,glute_bridge,Glute Bridge,"hip_thrust, romanian_deadlift, leg_curl",False,bodyweight,70,88,95,65
236802d3-d756-44a2-accc-7f577291f07e,Sitting Swimmer On A Chair,general_movement,Sitting Swimmer On A Chair,,False,bodyweight,70,88,95,65
23793d32-4a90-4963-ad65-cf9c50aba6c8,One Arm Neutral Grip Lat Pulldown (Cable),lat_pulldown,Lat Pulldown,"pull_up, bent_over_row, bicep_curl, face_pull",True,cable,85,88,30,92
237c41f4-0d61-470a-b71b-35fa04266b6c,Lying Arms Slide,arm_exercise,Arm Exercise,"bicep_curl, tricep_extension",False,bodyweight,70,88,95,65
238eda67-5889-4856-b8f8-ebbad1942ce7,Lying Hamstring Curl (Dumbbell),bicep_curl,Bicep Curl,"hammer_curl, preacher_curl, tricep_extension",True,dumbbell,92,90,92,90
2395a9ee-daef-4d5e-a62f-06ca3589d683,Seated Lumbar Extension Flexion (stability Ball),extension,Extension,"tricep_extension, leg_extension",False,bodyweight,70,88,95,65
23a53438-03e3-4f43-b577-6e53b9c62dfc,PVC Overhead Squat,squat,Squat,"leg_press, leg_extension, lunge, leg_curl",False,bodyweight,70,88,95,65
23a57604-4370-49a1-ac23-aedfa5294362,One Side Archer Push Up,push_up,Push Up,"bench_press, fly, dip, tricep_extension",True,bodyweight,70,88,95,65
23ac2826-0809-4844-9acf-2218523e679d,Incline Biceps Curl (Dumbbell),incline_curl,Incline Curl,"bicep_curl, preacher_curl, hammer_curl",False,dumbbell,92,90,92,90
23b44c07-13ad-4bb9-8944-04edf43fb10b,Diagonal Lunge,lunge,Lunge,"split_squat, step_up, squat, leg_press",False,bodyweight,70,88,95,65
23c444fb-e668-420a-b305-5d237e324132,Spine (lumbar) Flexion,general_movement,Spine,,False,bodyweight,70,88,95,65
23e0f9ca-d39e-4f39-aecf-a91755746952,Side Plank,side_plank,Side Plank,"crunch, leg_raise, russian_twist",False,bodyweight,70,88,95,65
23e1719b-917b-4f68-8a58-564de1537c44,Seated Dynamic Jabs On Chair,core_exercise,Core Exercise,"crunch, plank",False,bodyweight,70,88,95,65
23e41428-de70-4442-84e5-4f456691ebd4,Lever Seated Hip Abduction,hip_abduction,Hip Abduction,"hip_adduction, glute_kickback, hip_thrust",False,machine,80,75,20,88
23ef2873-a66d-4149-89e6-45901c5b48ff,Front And Back Neck Stretch,back_stretch,Back Stretch,,False,bodyweight,70,88,95,65
23ef8812-aecb-4244-a4ef-f77aab2f73a5,Russian Twist With Legs Floor Off (versio (Dumbbell),russian_twist,Russian Twist,"oblique_crunch, woodchop, side_plank",False,dumbbell,92,90,92,90
23f38a50-f496-4396-9b61-7c7295aa1dbf,Lying Knee Flexion And Extension (stability Ball),extension,Extension,"tricep_extension, leg_extension",False,bodyweight,70,88,95,65
23f708ce-9a90-475b-8c13-47c7d80d17e8,Sitting Legs Extended To Butterfly Stretch,general_stretch,Stretch,,False,bodyweight,70,88,95,65
23faa70a-8861-4fda-944d-1375dcb53a95,Side Step Tip Toes,general_movement,Side Step Tip Toes,,False,bodyweight,70,88,95,65
23fc6394-3bf0-46a1-8422-d97da309ebc1,Arms Stretch On A Support,general_stretch,Stretch,,False,bodyweight,70,88,95,65
240883ec-b2bb-47a1-b49b-fa64051938ea,Lying Shoulder Flexion Extension,extension,Extension,"tricep_extension, leg_extension",False,bodyweight,70,88,95,65
2411472d-70c9-4a32-aba1-685ccb2e7ee3,Wide Grip Pull Up,pull_up,Pull Up,"lat_pulldown, bent_over_row, bicep_curl",True,bodyweight,70,88,95,65
24199b11-c336-4049-937d-1fd7d46e337e,Lying Leg Curl (Band),leg_exercise,Leg Exercise,"squat, leg_press",False,band,60,85,90,50
242be86a-6f28-4ba0-bc91-e76c4e52ec4d,Glute Bridge One Leg On Floor (bent Knee),glute_bridge,Glute Bridge,"hip_thrust, romanian_deadlift, leg_curl",False,bodyweight,70,88,95,65
2434b905-472a-4d9e-b067-8c2cefa2fc25,Bent Over Rear Delt Fly (Bodyweight),rear_delt_fly,Rear Delt Fly,"face_pull, lateral_raise, bent_over_row",False,bodyweight,70,88,95,65
24378401-b9c8-4e45-ae8f-d989621b083c,Seated Leg Raise,leg_raise,Leg Raise,"crunch, plank, reverse_crunch",False,bodyweight,70,88,95,65
24402a9f-7867-480d-84e7-19769f4a9f4e,Seated Inner Biceps Curl (Dumbbell),bicep_curl,Bicep Curl,"hammer_curl, preacher_curl, tricep_extension",True,dumbbell,92,90,92,90
24565c82-7d6d-4122-8ede-d167303d0eaa,Lever Incline Hammer Chest Press,incline_chest_press,Incline Chest Press,"bench_press, fly, tricep_pushdown",False,machine,80,75,20,88
2461c17f-0c5e-4fdf-8a89-0c3b7bc7edcd,Standing Hands Up Knee Tap,general_movement,Standing Hands Up Knee Tap,,False,bodyweight,70,88,95,65
246234a7-9236-4f5c-a6ef-770a7dbc9069,Walking Lunge,walking_lunge,Walking Lunge,"split_squat, step_up, squat, leg_press",False,bodyweight,70,88,95,65
2463649f-d9b1-42b4-b011-cac2a187ee61,Mixed Grip Chin Up,chin_up,Chin Up,"lat_pulldown, bent_over_row, bicep_curl",True,bodyweight,70,88,95,65
2468962b-4fa2-46fa-8cd7-d24a889d880a,Mountain Climber Walk,mountain_climber,Mountain Climber,"plank, burpee, high_knees",False,bodyweight,70,88,95,65
246b4f2d-8fd3-4a13-9e24-b8fe76960a47,Standing Elbow Clap,general_movement,Standing Elbow Clap,,False,bodyweight,70,88,95,65
248793b3-43b3-4bd4-a30e-1347b14fa972,Half Kneeling Side Lunge,lateral_lunge,Lateral Lunge,"split_squat, step_up, squat, leg_press",False,bodyweight,70,88,95,65
248a71b4-9ba5-4ffb-9f0b-ab048961f5e2,Lever One Arm Low Row (plate Loaded),machine_row,Machine Row,"lat_pulldown, face_pull, bicep_curl, rear_delt_fly",False,machine,80,75,20,88
2493eb5b-e945-493a-b85f-1f0b46dc1dcb,Wheel Rollout,general_movement,Wheel Rollout,,False,bodyweight,70,88,95,65
24987eb8-0215-419d-99ec-d64896f62c03,Seated Alternate Hip Swirl On A Chair,general_movement,Seated Alternate Hip Swirl On A Chair,,False,bodyweight,70,88,95,65
24a41760-64b5-43fd-a1fb-560b7a63e238,Wood Chop (Dumbbell),woodchop,Woodchop,"russian_twist, oblique_crunch, plank",False,dumbbell,92,90,92,90
24a784f2-6e5d-4605-938b-679f01c86bc6,Front Step Criss Cross Arms,arm_exercise,Arm Exercise,"bicep_curl, tricep_extension",False,bodyweight,70,88,95,65
24ac6f1b-6767-4085-b980-21ebbd8926b8,Side Squat Touchdown,squat,Squat,"leg_press, leg_extension, lunge, leg_curl",False,bodyweight,70,88,95,65
24beb87b-46cb-48d3-8b50-1f64df93356e,Suspender Arm Curl,bicep_curl,Bicep Curl,"hammer_curl, preacher_curl, tricep_extension",False,bodyweight,70,88,95,65
24c822f2-45b7-41b4-ad05-6c5db0656493,Incline One Arm Press On Exercise Ball (Dumbbell),press,Press,"bench_press, shoulder_press",False,dumbbell,92,90,92,90
24c83ad3-6900-4e80-acde-8a440f205e4b,Lying Triceps Extension On Floor (version (Dumbbell),skull_crusher,Skull Crusher,"tricep_extension, tricep_pushdown, dip",False,dumbbell,92,90,92,90
24dcb585-5c68-44c4-a467-3dfe5ee04b1f,Touchdown,general_movement,Touchdown,,False,bodyweight,70,88,95,65
24dda1d3-2663-4a8d-909f-a8199e0f019c,Negative Biceps Leg Concentration Curl,concentration_curl,Concentration Curl,"bicep_curl, preacher_curl, hammer_curl",False,bodyweight,70,88,95,65
24f1fc0c-29d8-4eea-8daa-5fc169cb33ba,Side Step Reverse Fly,rear_delt_fly,Rear Delt Fly,"face_pull, lateral_raise, bent_over_row",False,bodyweight,70,88,95,65
24f299e7-20f3-47e1-b0b5-8e3fd260e8c8,Overhead Single Arm Triceps Extension (Band),overhead_tricep_extension,Overhead Tricep Extension,"tricep_pushdown, skull_crusher, dip, bicep_curl",False,band,60,85,90,50
25177f2a-424b-49df-8c8d-eb55373f8e56,Kneeling To Box Jump,box_jump,Box Jump,"squat_jump, lunge_jump, squat",False,bodyweight,70,88,95,65
251bd037-5cfc-4ccc-9288-96dee920eb76,Ear To Knee Side Bend,general_movement,Ear To Knee Side Bend,,False,bodyweight,70,88,95,65
25315e66-adef-4395-b158-2d42cfe0bc66,Standing Overhead Claps,general_movement,Standing Overhead Claps,,False,bodyweight,70,88,95,65
25324e9f-61c7-4217-8434-53fce36fe2e6,Bottle Weighted Glute Bridge,glute_bridge,Glute Bridge,"hip_thrust, romanian_deadlift, leg_curl",False,bodyweight,70,88,95,65
253c1efb-566a-43d3-9514-d7952630bcdb,Sit Up On Stability Ball,crunch,Crunch,"leg_raise, plank, russian_twist",True,bodyweight,70,88,95,65
253dc2e9-f70d-4e76-b80a-5b941249bc88,Figure 8 With Towels,general_movement,Figure 8 With Towels,,False,bodyweight,70,88,95,65
254ba661-7217-4791-a008-da92622cadfa,Gates Close,general_movement,Gates Close,,False,bodyweight,70,88,95,65
254c6b38-c877-4d5c-92b1-cc99c4e7cbca,Low Lunge To Hamstring Stretch,hamstring_stretch,Hamstring Stretch,,False,bodyweight,70,88,95,65
254e3bad-c43e-409b-a861-81da444776aa,Sprinter Lunge Stretch,general_stretch,Stretch,,False,bodyweight,70,88,95,65
25503efc-d4b3-4372-8d0f-18398bfaa48e,Mountain Climber And Dynamic Plank,plank,Plank,"crunch, leg_raise, russian_twist",True,bodyweight,70,88,95,65
255639fa-da92-4c05-a20f-47feb9047afe,Arms Forward And Behind The Neck,arm_exercise,Arm Exercise,"bicep_curl, tricep_extension",False,bodyweight,70,88,95,65
25589fbd-372f-4e71-b8a6-d9f6e2afee2d,Incline T Raise (Band),raise,Raise,"lateral_raise, front_raise",False,band,60,85,90,50
25591e61-543a-4108-ad5c-4ea9505a3920,Straight Back Seated Row (Band),cable_row,Cable Row,"lat_pulldown, face_pull, bicep_curl, rear_delt_fly",False,band,60,85,90,50
2562f88c-6a5b-4cb6-b0bb-08c62048d0d5,Lying Scalene Muscles Activation,general_movement,Lying Scalene Muscles Activation,,False,bodyweight,70,88,95,65
257c9e4f-ae86-41ff-9443-097b6d72e485,Squat Side Kick,squat,Squat,"leg_press, leg_extension, lunge, leg_curl",False,bodyweight,70,88,95,65
25859a96-c13f-446a-afe6-e5d87e484b7a,Squat Press Down Twist,squat,Squat,"leg_press, leg_extension, lunge, leg_curl",False,bodyweight,70,88,95,65
25926554-be1a-4f35-918e-bc2bfffa5583,Roll Ball Piriformis,general_movement,Roll Ball Piriformis,,False,bodyweight,70,88,95,65
25941c05-3265-4337-8b1c-753f5f701884,Standing Balance Hip Abduction (Resistance Band),hip_abduction,Hip Abduction,"hip_adduction, glute_kickback, hip_thrust",False,band,60,85,90,50
25b6ddd8-05a0-4d9c-8545-11029cade519,Hands Hold Step Out,general_movement,Hands Hold Step Out,,False,bodyweight,70,88,95,65
25c63b9f-3f7b-4b39-9521-5306ad5096d5,Seated Turn And Crunch,crunch,Crunch,"leg_raise, plank, russian_twist",True,bodyweight,70,88,95,65
25d17434-94a2-466c-b733-5c2bef033daf,Walk Elliptical Cross Trainer,general_movement,Walk Elliptical Cross Trainer,,False,bodyweight,70,88,95,65
25d4b706-8ef3-4617-b114-f3b8c5c7b54e,Opposite Leg Raise,leg_raise,Leg Raise,"crunch, plank, reverse_crunch",False,bodyweight,70,88,95,65
25d7a931-e0e5-47f3-b186-749076593d7d,Pilates Machine Lying Knee Extension On Heels,extension,Extension,"tricep_extension, leg_extension",False,machine,80,75,20,88
25e0e007-bce4-4c41-a18e-62dd5e57e90c,Sitting Chest Clap On A Padded Stool,chest_exercise,Chest Exercise,"bench_press, fly",False,bodyweight,70,88,95,65
25e57614-edbc-4779-ab86-9055de601b7e,Standing Alternating Shoulder Flexion With Rope,shoulder_exercise,Shoulder Exercise,"shoulder_press, lateral_raise",False,bodyweight,70,88,95,65
25ee028a-9414-4004-9038-ef0480ca752d,One Arm Kickback (Dumbbell),back_exercise,Back Exercise,"bent_over_row, lat_pulldown",False,dumbbell,92,90,92,90
25f553f0-b2d8-44c2-9e8c-2373af196d15,EZ Bar 21s,general_movement,EZ Bar 21s,,False,bodyweight,70,88,95,65
2603a407-9a0b-47fa-a050-112d3635e6eb,Standing Arms And Wrist Circle,arm_exercise,Arm Exercise,"bicep_curl, tricep_extension",False,bodyweight,70,88,95,65
26072ec0-047f-4a32-b451-ae1b9e7a6039,Side Kneeling Push Up,push_up,Push Up,"bench_press, fly, dip, tricep_extension",True,bodyweight,70,88,95,65
2607e4a0-b001-4659-8695-8dff1d52acb1,Standing Side Neck Stretch,general_stretch,Stretch,,False,bodyweight,70,88,95,65
260818aa-6d6f-404b-afcc-c64bc17ff8fd,Lying Hyperextension Hold,back_extension,Back Extension,"romanian_deadlift, good_morning, glute_bridge",False,bodyweight,70,88,95,65
261ae046-86f0-4143-9e78-4b83b1497e68,Overhead Push Alternate Knee Raise,leg_raise,Leg Raise,"crunch, plank, reverse_crunch",False,bodyweight,70,88,95,65
26312d7b-c846-4f09-9fe6-abb77aa21fa5,Seated Forward Reach To W Pose,general_stretch,Stretch,,False,bodyweight,70,88,95,65
264dd58b-1991-496e-ac24-00f20860fc26,Seated Row (bent Bar) (Cable),cable_row,Cable Row,"lat_pulldown, face_pull, bicep_curl, rear_delt_fly",True,cable,85,88,30,92
26735109-619b-45a1-be50-bb04248adad6,Glute Single Leg Bridge From Bench,glute_bridge,Glute Bridge,"hip_thrust, romanian_deadlift, leg_curl",False,bodyweight,70,88,95,65
267de1ab-d2e7-4cb1-b2f5-62a013fd6e42,Opposite Reverse Lunge From Deficit (Dumbbell),reverse_lunge,Reverse Lunge,"split_squat, step_up, squat, leg_press",False,dumbbell,92,90,92,90
268487dc-c0c4-4e17-aefa-8f56ddfedff6,Lying Prone V Lift,general_movement,Lying Prone V Lift,,False,bodyweight,70,88,95,65
26a60814-61a8-4329-bc01-64a7d6e3ae5a,Stepback Pulldown,lat_pulldown,Lat Pulldown,"pull_up, bent_over_row, bicep_curl, face_pull",False,bodyweight,70,88,95,65
26b5c5d5-4178-47ee-9c14-c153a5a677de,Roll Ball Iliospsoas,general_movement,Roll Ball Iliospsoas,,False,bodyweight,70,88,95,65
26c342f7-b00b-4295-9e45-4e7451c996d2,Y Raise (Band),raise,Raise,"lateral_raise, front_raise",False,band,60,85,90,50
26c85b47-374e-4d1f-bda4-c5e68de1b767,Seated Cross Body Stretch,general_stretch,Stretch,,False,bodyweight,70,88,95,65
26ccb876-3057-42f1-9364-8b6c48595a6c,Hip Swirls,general_movement,Hip Swirls,,False,bodyweight,70,88,95,65
26d9dd32-df57-40d3-adee-75ce26a680a3,Kneeling Incline Finger Press,press,Press,"bench_press, shoulder_press",False,bodyweight,70,88,95,65
26e4e937-6767-41ef-aafe-4d93ba57bb0e,Medicine Ball Goblet Squat,goblet_squat,Goblet Squat,"leg_press, leg_extension, lunge, leg_curl",False,bodyweight,70,88,95,65
26f0f7dd-a824-4f2e-849a-e838193053b4,Hamstring Bridge,hamstring_exercise,Hamstring Exercise,"leg_curl, romanian_deadlift",False,bodyweight,70,88,95,65
26f31f1e-4be3-4aae-bf20-81265dd790b2,Decline Twist Fly (Dumbbell),fly,Chest Fly,"bench_press, incline_fly, push_up",True,dumbbell,92,90,92,90
270b4664-f5b4-4ff6-8853-6e5884e688ce,Trap Bar Deadlift,trap_bar_deadlift,Trap Bar Deadlift,"romanian_deadlift, bent_over_row, hip_thrust, squat",False,bodyweight,70,88,95,65
2716168a-78b2-4ac6-8c11-d773cbe0a4b5,Bouncing Circle Draw,general_movement,Bouncing Circle Draw,,False,bodyweight,70,88,95,65
27244c32-9a7e-4584-8ccc-fefff1b0fcba,Seated Jack On A Chair,general_movement,Seated Jack On A Chair,,False,bodyweight,70,88,95,65
27278aa9-4df1-4f2b-bd43-082297a9ad43,Standing Fly (Cable),fly,Chest Fly,"bench_press, incline_fly, push_up",False,cable,85,88,30,92
2727e332-34aa-4849-94f2-4afcfe5892ee,Pull Through (Band),general_movement,Pull Through,,False,band,60,85,90,50
272b5c59-f2e0-4d5f-97ce-9af2ae18cd12,EZ (Barbell) Lying Triceps Extension,skull_crusher,Skull Crusher,"tricep_extension, tricep_pushdown, dip",False,barbell,95,80,65,95
272c2e91-4110-4487-9c2e-1702a5f584fe,Long Arm Crunch,crunch,Crunch,"leg_raise, plank, russian_twist",True,bodyweight,70,88,95,65
272c58f7-ad7b-48c0-857f-68b75893ac08,Wide Leg Learning Forward,leg_exercise,Leg Exercise,"squat, leg_press",False,bodyweight,70,88,95,65
27337610-b913-438a-b618-4dfb8759a663,Crunch (on Stability Ball),crunch,Crunch,"leg_raise, plank, russian_twist",True,bodyweight,70,88,95,65
27510167-ed94-44bf-a176-b76c25d98a84,Side Slide,general_movement,Side Slide,,False,bodyweight,70,88,95,65
2754facc-3d7f-41e3-b751-93cf8414bf93,Single Leg Split Squat (Band),split_squat,Split Squat,"leg_press, leg_extension, lunge, leg_curl",False,band,60,85,90,50
2763e0b9-8ab3-4d38-9d39-ff4a0a0ccf1b,Standing Single Arm Twist Row (Band),single_arm_row,Single Arm Row,"lat_pulldown, face_pull, bicep_curl, rear_delt_fly",False,band,60,85,90,50
27ad245a-1631-4641-a1fc-9a7c5327d21c,Stiff Leg Deadlift (Dumbbell),stiff_leg_deadlift,Stiff Leg Deadlift,"romanian_deadlift, bent_over_row, hip_thrust, squat",False,dumbbell,92,90,92,90
27bed310-17b4-49f6-a1d9-4621bbf0d391,Smith JM Bench Press,bench_press,Bench Press,"incline_bench_press, fly, tricep_pushdown, dip",False,smith_machine,72,70,25,80
27d04052-1862-43cd-8fdb-7b983ac24b77,Half Kneeling Hamstrings Stretch,hamstring_stretch,Hamstring Stretch,,False,bodyweight,70,88,95,65
27d26fae-ac84-400e-ab17-54a4e90cc882,Parallel Bars Bent Knee Inverted Row,inverted_row,Inverted Row,"lat_pulldown, face_pull, bicep_curl, rear_delt_fly",False,bodyweight,70,88,95,65
27d9f0f3-74a5-40af-ac9d-080ce40fa1c2,Dynamic Weight Bearing Ankle Dorsi Flexion,general_movement,Dynamic Weight Bearing Ankle Dorsi Flexion,,False,bodyweight,70,88,95,65
27de6c69-de02-4359-a387-85b7056ac081,Sit Up Punches,crunch,Crunch,"leg_raise, plank, russian_twist",True,bodyweight,70,88,95,65
27e677d4-0528-422c-9295-a4c2e4e264de,Incline Fly (stability Ball) (Cable),incline_fly,Incline Fly,"fly, incline_bench_press",False,cable,85,88,30,92
27e6c444-5f3b-4f9c-ad2f-aae33746b217,Seated Cross Body Hamstring Reach,hamstring_exercise,Hamstring Exercise,"leg_curl, romanian_deadlift",False,bodyweight,70,88,95,65
27e754e9-b45c-4367-8ef4-9a05171f8512,Downward Dog Squat,squat,Squat,"leg_press, leg_extension, lunge, leg_curl",False,bodyweight,70,88,95,65
27f9d76e-9c80-4ac2-8953-75db7c4ca8a5,Suspender Inverted Row Parallel To The Floor,inverted_row,Inverted Row,"lat_pulldown, face_pull, bicep_curl, rear_delt_fly",False,bodyweight,70,88,95,65
27fa978d-1cb0-4e4d-997b-2fbfd4a5898b,Lying Pelvic Floor Relaxation And Deep Breathing (,general_movement,Lying Pelvic Floor Relaxation And Deep Breathing,,False,bodyweight,70,88,95,65
28071bf2-528b-4170-88aa-74dec6ac58d9,Tree Yoga Pose Vrksasana,general_stretch,Stretch,,False,bodyweight,70,88,95,65
281083db-b577-4099-8ae2-afc30170e8c7,Reverse Hyperextension On Bench,back_extension,Back Extension,"romanian_deadlift, good_morning, glute_bridge",False,bodyweight,70,88,95,65
2812e112-24e9-4102-b41a-4d07a5012015,Twist Knee Raise Side Step Jack,leg_raise,Leg Raise,"crunch, plank, reverse_crunch",False,bodyweight,70,88,95,65
283df40b-98c6-4a7c-9276-cd0715f9134c,Side Rollout (Barbell),general_movement,Side Rollout,,False,barbell,95,80,65,95
284a4a37-8f91-4067-8142-73a8825fb0d6,Surrender Side Bend,general_movement,Surrender Side Bend,,False,bodyweight,70,88,95,65
285d7ecd-4e55-47bd-a90d-cbd50502ea3d,Alternating Standing Obliques Pulse Twist,general_movement,Alternating Standing Obliques Pulse Twist,,False,bodyweight,70,88,95,65
2860488b-d413-4975-85f4-5a61d8699a50,Overhead Clap Knee Raise,leg_raise,Leg Raise,"crunch, plank, reverse_crunch",False,bodyweight,70,88,95,65
2865d14a-bddd-4ec0-ae7d-44b8803c40a6,Cross Body Crunch,crunch,Crunch,"leg_raise, plank, russian_twist",True,bodyweight,70,88,95,65
286dbd8c-b470-4f64-9af0-99e2c2c3003b,Lying Sartorius Stretch,general_stretch,Stretch,,False,bodyweight,70,88,95,65
2874a6a6-4141-49f2-9a34-0078f2934b8e,Walkout Lat Stretch,back_stretch,Back Stretch,,False,bodyweight,70,88,95,65
2877ae35-ae11-4b49-9c61-101b10e1d8ec,Kneeling Triceps Extension (Bodyweight),tricep_extension,Tricep Extension,"tricep_pushdown, skull_crusher, dip, bicep_curl",False,bodyweight,70,88,95,65
287be71c-f194-4791-972e-d0322ccb10da,Squat Row (Band),bent_over_row,Bent Over Row,"lat_pulldown, face_pull, bicep_curl, rear_delt_fly",False,band,60,85,90,50
2888be29-25d9-4292-ba6b-f7386282e4e9,Split Forward Fold Yoga Pose,general_stretch,Stretch,,False,bodyweight,70,88,95,65
2890997b-8754-472d-bd9d-3b458798349a,One Arm Neutral Grip Biceps Curl (Cable),bicep_curl,Bicep Curl,"hammer_curl, preacher_curl, tricep_extension",False,cable,85,88,30,92
28966785-6925-433e-b3c3-f4ff756b2baa,Standing Air Bike Punch,cycling,Cycling,,False,bodyweight,70,88,95,65
2897d73a-6250-4be8-a188-8c3d58dc2e78,Lying Bent Knee Hip Abduction (Resistance Band),hip_abduction,Hip Abduction,"hip_adduction, glute_kickback, hip_thrust",False,band,60,85,90,50
289f3815-089c-468c-bd37-24111c4281cb,Smith Hack Squat,hack_squat,Hack Squat,"leg_press, leg_extension, lunge, leg_curl",False,smith_machine,72,70,25,80
28ac7812-1639-4f67-8e96-df2844e38f62,Stick Twist Lunge Stretch,general_stretch,Stretch,,False,bodyweight,70,88,95,65
28c20d59-8285-47e0-b63c-f93d956d824d,Stick Pass Around Stretch,general_stretch,Stretch,,False,bodyweight,70,88,95,65
28c29370-364c-4d42-ba63-e2100dc3e519,Shrug (Barbell),shrug,Shrug,"upright_row, deadlift, bent_over_row",False,barbell,95,80,65,95
28ce4462-a92a-404a-9625-2653a3178265,Neutral Wrist Roller,general_movement,Neutral Wrist Roller,,False,bodyweight,70,88,95,65
28d00b3d-e320-4434-83cb-81cfbc3bfa60,Cross Knee To Toe Touch,general_movement,Cross Knee To Toe Touch,,False,bodyweight,70,88,95,65
28e2fe29-2568-4e73-8365-7a600731a47f,Incline Hammer Press (Band),press,Press,"bench_press, shoulder_press",False,band,60,85,90,50
28e8f9fb-220b-4fd9-a418-0b9a2654cb51,Sled Forward Angled Calf Raise,calf_raise,Calf Raise,leg_press,False,bodyweight,70,88,95,65
28f1ceea-c5b5-47f5-a9f9-ff7b78fb351a,Standing Underhand Crossover Raise,raise,Raise,"lateral_raise, front_raise",False,bodyweight,70,88,95,65
28f321d3-ed4f-4f4c-8987-0c7642df4a53,Wood Chop Squat (Bodyweight),squat,Squat,"leg_press, leg_extension, lunge, leg_curl",False,bodyweight,70,88,95,65
28facae0-5e6e-468d-af54-404c8a87eaa5,Bent Over Knee Clockwise Rotation,general_movement,Bent Over Knee Clockwise Rotation,,False,bodyweight,70,88,95,65
2908f281-3eb6-42cb-a64d-8dffc1317c17,Half Squat Wall Tip Toe,squat,Squat,"leg_press, leg_extension, lunge, leg_curl",False,bodyweight,70,88,95,65
290a6a3d-90d6-434b-af63-9b4a95041f10,Seated Internal And External Shoulder Rotation,shoulder_exercise,Shoulder Exercise,"shoulder_press, lateral_raise",False,bodyweight,70,88,95,65
2911f41e-da91-4d39-a844-46e9f3598746,Side To Side Squat,squat,Squat,"leg_press, leg_extension, lunge, leg_curl",False,bodyweight,70,88,95,65
29138fb1-3c43-4bcb-95f0-f02ebc602f45,Smith Rear Lunge,lunge,Lunge,"split_squat, step_up, squat, leg_press",False,smith_machine,72,70,25,80
291dd07f-81e4-44d6-8a40-83fd10fc65f1,Lever Lateral Raise,lateral_raise,Lateral Raise,"shoulder_press, front_raise, rear_delt_fly",False,machine,80,75,20,88
2922a1e4-799b-4076-8bae-7727f6119571,Half Wipers (bent Leg),leg_exercise,Leg Exercise,"squat, leg_press",False,bodyweight,70,88,95,65
2922cc5c-2d9c-4f07-a350-52e03a620174,Seated Alternate Foot Taps On A Chair,general_movement,Seated Alternate Foot Taps On A Chair,,False,bodyweight,70,88,95,65
2923aa75-a369-4904-9d19-2a7fad46fde8,Reverse Crunch (Band),reverse_crunch,Reverse Crunch,"leg_raise, plank, russian_twist",False,band,60,85,90,50
293017b3-0f39-43dc-9900-2420bc2e4c5c,Hollow Body Hover,general_movement,Hollow Body Hover,,False,bodyweight,70,88,95,65
2938ab20-10cd-44bf-8d9d-6a6f04f6d810,Bouncing Circle Draw,general_movement,Bouncing Circle Draw,,False,bodyweight,70,88,95,65
2943f1c4-e81d-4ea9-a860-49267e7cefdb,Sprint Against Wall,running,Running,,False,bodyweight,70,88,95,65
29464da5-745b-48b4-ad89-f8e407fef65e,Kneeling To Stand,general_movement,Kneeling To Stand,,False,bodyweight,70,88,95,65
2947e918-fc37-4d7c-8e57-81f2cf95a1b5,Diamond Push Up (on Knees),diamond_push_up,Diamond Push Up,"bench_press, fly, dip, tricep_extension",False,bodyweight,70,88,95,65
295a1d4c-4b60-4d88-9b2c-7f6ff4cedf5f,Sumo Crab Walk,core_exercise,Core Exercise,"crunch, plank",False,bodyweight,70,88,95,65
29640e09-7020-42eb-a6ab-d29b0ce39c72,Standing Triceps Pushdown (Resistance Band),tricep_pushdown,Tricep Pushdown,"tricep_extension, skull_crusher, dip",False,band,60,85,90,50
2968155b-509b-4fec-9a58-05422422b64f,Step Out Side Bend,general_movement,Step Out Side Bend,,False,bodyweight,70,88,95,65
297343b7-181b-4f54-ae31-8fb012c936de,Alternate Leg Lift Double Hands Crunch,crunch,Crunch,"leg_raise, plank, russian_twist",True,bodyweight,70,88,95,65
2982a9ff-9746-4a25-a56f-8ffac1e8624e,Seated Overhead Side And 45 Degrees Bend Forward (,general_movement,Seated Overhead Side And 45 Degrees Bend Forward,,False,bodyweight,70,88,95,65
298eefd0-6dc9-45d4-a9b7-c698fabec831,Punch Twist,general_movement,Punch Twist,,False,bodyweight,70,88,95,65
299ae9b9-2a07-4ae6-87f8-5a3ab7f39564,Glute Bridge (Dumbbell),glute_bridge,Glute Bridge,"hip_thrust, romanian_deadlift, leg_curl",False,dumbbell,92,90,92,90
299c31dd-9c19-4ad2-b355-e78821bad73c,Lateral Raise Plank (Dumbbell),lateral_raise,Lateral Raise,"shoulder_press, front_raise, rear_delt_fly",True,dumbbell,92,90,92,90
299c417b-cf15-4dfe-8251-76930cb7225a,Superman Lat Pulldown And Leg Raise,lat_pulldown,Lat Pulldown,"pull_up, bent_over_row, bicep_curl, face_pull",False,bodyweight,70,88,95,65
299cc7d2-0579-4017-a1eb-e4c2cfcc22cc,Suspender YW Raise,raise,Raise,"lateral_raise, front_raise",False,bodyweight,70,88,95,65
29a59526-c0e0-4eb9-8949-b28c7cd6e0fa,Diver Plank Jack,plank,Plank,"crunch, leg_raise, russian_twist",True,bodyweight,70,88,95,65
29a7b894-c512-4576-987c-62cf80e5132d,Side Shuffle Obliques Twist,general_movement,Side Shuffle Obliques Twist,,False,bodyweight,70,88,95,65
29b4ef82-cba0-4e64-ac8a-86251cb1d8a4,Dynamic Half Child Pose,general_stretch,Stretch,,False,bodyweight,70,88,95,65
29b552b5-a300-49a6-910d-cf9a83d64845,Lat Pulldown Full Range Of Motion (Cable),lat_pulldown,Lat Pulldown,"pull_up, bent_over_row, bicep_curl, face_pull",True,cable,85,88,30,92
29f2032d-20b7-40f9-b69e-c7c222fd741e,Side Lying Side Crunch,oblique_crunch,Oblique Crunch,"leg_raise, plank, russian_twist",False,bodyweight,70,88,95,65
29f66d5e-c524-47ab-b23e-411819510d30,Front Plank With Arm And Leg Lift (push Up Positio,push_up,Push Up,"bench_press, fly, dip, tricep_extension",True,bodyweight,70,88,95,65
2a05833f-07da-480b-8b2e-49ad7f1112c5,Fingers Extension (Resistance Band),extension,Extension,"tricep_extension, leg_extension",False,band,60,85,90,50
2a0fb753-1fb2-4263-b23e-9033ed9ccd59,High Knee Jump Rope,high_knees,High Knees,"mountain_climber, burpee, jumping_jack",False,bodyweight,70,88,95,65
2a14aaec-76ea-4d1c-8bf5-0e2d8c217f5c,Assisted Lying Supine Hip Adduction (stability Ball),hip_adduction,Hip Adduction,"hip_abduction, sumo_squat, lunge",False,bodyweight,70,88,95,65
2a1b2855-08e8-412e-9dd0-0bb00a79663e,Pilates Machine Lying Calf Raise,calf_raise,Calf Raise,leg_press,False,machine,80,75,20,88
2a246020-094b-4eff-8579-18d9dc8c31af,Standing Single Arm Fly (Cable),fly,Chest Fly,"bench_press, incline_fly, push_up",False,cable,85,88,30,92
2a2b6cc5-a827-41c4-b208-38c34be55dc0,Heel To Toe Walk,general_movement,Heel To Toe Walk,,False,bodyweight,70,88,95,65
2a37072f-c64a-4a80-890d-ba79978eb9a3,Standing Palm Slices,general_movement,Standing Palm Slices,,False,bodyweight,70,88,95,65
2a3785fb-3f9f-419f-ab8a-ca5f4d648bce,Side Plank Lift On A Padded Stool,side_plank,Side Plank,"crunch, leg_raise, russian_twist",False,bodyweight,70,88,95,65
2a41f7a3-0fec-48e4-b9da-4d446a3f1daa,Lying Floor Front Raise (Cable),front_raise,Front Raise,"shoulder_press, lateral_raise, incline_bench_press",False,cable,85,88,30,92
2a43d3c4-42e1-41fd-a512-cde21d7b3f7e,Deadlift (Kettlebell),deadlift,Deadlift,"romanian_deadlift, bent_over_row, hip_thrust, squat",False,kettlebell,75,85,85,78
2a4fa85a-93a1-4623-acfd-c4fee4346aaa,Chin Ups (narrow Parallel Grip),chin_up,Chin Up,"lat_pulldown, bent_over_row, bicep_curl",True,bodyweight,70,88,95,65
2a6cab48-2cd0-4c4a-a5a0-a34e29c384d8,Lying Fly (Cable),fly,Chest Fly,"bench_press, incline_fly, push_up",False,cable,85,88,30,92
2a712be8-532e-49fd-aea4-a9a4e82c5b42,Single Leg Board Jump,leg_exercise,Leg Exercise,"squat, leg_press",False,bodyweight,70,88,95,65
2a74707f-ba72-48ed-ad74-bf8fcd2af98e,Lever Belt Squat,squat,Squat,"leg_press, leg_extension, lunge, leg_curl",False,machine,80,75,20,88
2a78df00-7a1d-41b8-b2ce-897d35de87bf,Side Step Arm Circle,arm_exercise,Arm Exercise,"bicep_curl, tricep_extension",False,bodyweight,70,88,95,65
2a82b85a-d78c-4396-ba63-2efe0fa2842b,One Arm Side Deadlift (Barbell),deadlift,Deadlift,"romanian_deadlift, bent_over_row, hip_thrust, squat",True,barbell,95,80,65,95
2a8dbb36-726f-4298-b85d-34f75dc50bc7,Smith Single Leg Hip Thrust,hip_thrust,Hip Thrust,"glute_bridge, romanian_deadlift, leg_curl",False,smith_machine,72,70,25,80
2aad6bae-611b-46c6-b75a-5299194ae159,Stick Lying Front Raise,front_raise,Front Raise,"shoulder_press, lateral_raise, incline_bench_press",False,bodyweight,70,88,95,65
2ab7ff84-7f0c-4ca6-9b36-6ae43abd2c70,Run (equipment),running,Running,,False,bodyweight,70,88,95,65
2ab91a0f-56ab-4451-ac4f-b63904c93edb,Pilates Machine Lying Knee Extension On Toes,extension,Extension,"tricep_extension, leg_extension",False,machine,80,75,20,88
2ac7bbd7-93d3-4fbc-a213-82141c464d1e,Swan Dive Pilates,general_movement,Swan Dive Pilates,,False,bodyweight,70,88,95,65
2ac9a736-9d61-4714-b590-c679c729916d,Incline Fly (Kettlebell),incline_fly,Incline Fly,"fly, incline_bench_press",False,kettlebell,75,85,85,78
2acdcea9-50f0-4598-8107-af64e7d229a3,Frog Crunch,crunch,Crunch,"leg_raise, plank, russian_twist",True,bodyweight,70,88,95,65
2ae2dc93-cef4-4351-b91d-74a15e216e13,Standing Overhead Press (Dumbbell),shoulder_press,Shoulder Press,"lateral_raise, front_raise, tricep_extension",False,dumbbell,92,90,92,90
2aeb6071-30b7-4316-be4d-fcfab0fb4a48,Lying Toe Tap,general_movement,Lying Toe Tap,,False,bodyweight,70,88,95,65
2aef95cc-3314-40ec-a6d9-cf38eca36b7b,Lever One Arm Shoulder Press (plate Loaded),shoulder_press,Shoulder Press,"lateral_raise, front_raise, tricep_extension",False,machine,80,75,20,88
2af26fc4-82d0-41af-a626-c14ed52f58f6,Suspender Supine Plank,plank,Plank,"crunch, leg_raise, russian_twist",True,bodyweight,70,88,95,65
2af6953d-3877-48f0-ac11-c708b3833fd3,Ring Swing,general_movement,Ring Swing,,False,bodyweight,70,88,95,65
2b0129c4-2c92-4af3-be94-7629878aa27f,Seated Front Press (Cable),press,Press,"bench_press, shoulder_press",False,cable,85,88,30,92
2b018a7b-1359-49f3-9e91-938e280b0e49,Shrimp Squat,squat,Squat,"leg_press, leg_extension, lunge, leg_curl",False,bodyweight,70,88,95,65
2b023eb9-fdd3-44df-bd4a-d7f40c258775,Incline Push Up On A Smith Bar,incline_push_up,Incline Push Up,"bench_press, fly, dip, tricep_extension",False,smith_machine,72,70,25,80
2b1b62e6-71f5-426c-91aa-2f1297c4c2e7,Seated Hammer Curl (Dumbbell),hammer_curl,Hammer Curl,"bicep_curl, preacher_curl, reverse_curl",True,dumbbell,92,90,92,90
2b25b7e9-1244-4769-a2cc-b28548cc32cf,Glute Bridge Two Legs On Bench,glute_bridge,Glute Bridge,"hip_thrust, romanian_deadlift, leg_curl",False,bodyweight,70,88,95,65
2b2943eb-876e-4f87-a2de-9d349be10234,Around The World Superman,general_movement,Around The World Superman,,False,bodyweight,70,88,95,65
2b355afb-df82-491e-862c-072027d9ad50,Lying Single Glute Lift,glute_exercise,Glute Exercise,"hip_thrust, glute_bridge",False,bodyweight,70,88,95,65
2b35ab1d-bb62-4ff0-ba28-38af5ddc01b6,Invisible Equipment Swing (Bodyweight),general_movement,Invisible Equipment Swing,,False,bodyweight,70,88,95,65
2b37a773-9ab3-475f-bc98-bfdc9caadf2a,Seated Overhead Triceps Extension (Barbell),overhead_tricep_extension,Overhead Tricep Extension,"tricep_pushdown, skull_crusher, dip, bicep_curl",False,barbell,95,80,65,95
2b3cc811-654a-4c95-b82d-9e6b94fb348c,Standing Lateral Stretch,back_stretch,Back Stretch,,False,bodyweight,70,88,95,65
2b41083b-6166-4d28-ae21-52b42abc2bb4,Lateral Hit (Resistance Band),general_movement,Lateral Hit,,False,band,60,85,90,50
2b5efb7c-f296-4867-8a73-8b2ad3adbc4e,Marching Kick On Spot,general_movement,Marching Kick On Spot,,False,bodyweight,70,88,95,65
2b61d2c7-b2e2-4d08-99a7-319b9694a5cd,Curl To Press (Dumbbell),bicep_curl,Bicep Curl,"hammer_curl, preacher_curl, tricep_extension",True,dumbbell,92,90,92,90
2b719497-2c6f-4863-976c-ead9fd94de54,Lying Split Abductor,hip_abduction,Hip Abduction,"hip_adduction, glute_kickback, hip_thrust",False,bodyweight,70,88,95,65
2b724fed-2fe1-4c9a-a9a0-40dbbaeabc58,Single Leg Split Squat With The Ring (Dumbbell),split_squat,Split Squat,"leg_press, leg_extension, lunge, leg_curl",False,dumbbell,92,90,92,90
2b900260-5aad-4e6d-b7ed-402bc631b887,Smith Hip Raise,raise,Raise,"lateral_raise, front_raise",False,smith_machine,72,70,25,80
2ba50c27-9078-4539-8f16-1cbe4be7cf0a,Punch Step Forward,general_movement,Punch Step Forward,,False,bodyweight,70,88,95,65
2ba7a55a-651c-489c-b822-b357ab990e28,Frog Stance Deadlift (Barbell),deadlift,Deadlift,"romanian_deadlift, bent_over_row, hip_thrust, squat",True,barbell,95,80,65,95
2ba90113-d18b-4847-ba32-4d0b22e90c89,Incline Hammer Press (Dumbbell),press,Press,"bench_press, shoulder_press",False,dumbbell,92,90,92,90
2bb375a8-07fb-4d9d-9d14-3420c981aa0c,Weighted Standing Curl,curl,Curl,"bicep_curl, hammer_curl",False,bodyweight,70,88,95,65
2bda0a5e-8188-4c8c-b10a-6f4767419eeb,Upright Row (Dumbbell),upright_row,Upright Row,"lateral_raise, shrug, shoulder_press",False,dumbbell,92,90,92,90
2bee4ada-5fda-4ea6-a2c7-137b397647b2,Sitting Woodchopper On A Chair,woodchop,Woodchop,"russian_twist, oblique_crunch, plank",False,bodyweight,70,88,95,65
2bfdfaa3-0723-4abe-baa2-5a12a46d5105,High Knee Tap,high_knees,High Knees,"mountain_climber, burpee, jumping_jack",False,bodyweight,70,88,95,65
2c078827-54ee-4eef-afa6-58592dd00423,Lying Floor Row Hold With Bent Knee,bent_over_row,Bent Over Row,"lat_pulldown, face_pull, bicep_curl, rear_delt_fly",False,bodyweight,70,88,95,65
2c0b9e96-b50c-4a7a-982a-8d22b1aa7e03,Standing Alternating Diagonal Punch,general_movement,Standing Alternating Diagonal Punch,,False,bodyweight,70,88,95,65
2c1c2dd9-0682-40e4-aca5-ff5a06fc5241,Standing Neutral Grip Front Raises (Dumbbell),front_raise,Front Raise,"shoulder_press, lateral_raise, incline_bench_press",True,dumbbell,92,90,92,90
2c1cf2a6-1fe0-4ffa-a9f1-ed6eb2d03ce5,Seated Chest Fly (Cable),fly,Chest Fly,"bench_press, incline_fly, push_up",False,cable,85,88,30,92
2c2bcf45-54ed-4be3-9855-59db0970c6bb,Bent Knee Lying Twist (stability Ball),core_exercise,Core Exercise,"crunch, plank",False,bodyweight,70,88,95,65
2c35823c-b584-4697-bba4-9d66d9709df9,Straight Arm Pulldown (Rope) (Cable),straight_arm_pulldown,Straight Arm Pulldown,"lat_pulldown, pullover, bent_over_row",False,cable,85,88,30,92
2c3764d5-5276-4e78-af93-85eaa86bc63b,Russian Twist,russian_twist,Russian Twist,"oblique_crunch, woodchop, side_plank",False,bodyweight,70,88,95,65
2c41bdb3-fbc6-4bf2-98f2-12f787b89d0a,Sitting Lotus Pose Twist,general_stretch,Stretch,,False,bodyweight,70,88,95,65
2c5738ed-fc65-4a83-8560-9d321efcc887,Reverse Plank,plank,Plank,"crunch, leg_raise, russian_twist",True,bodyweight,70,88,95,65
2c5c5d42-15a9-4050-9463-d3b22b61c749,Kickback (Dumbbell),back_exercise,Back Exercise,"bent_over_row, lat_pulldown",False,dumbbell,92,90,92,90
2c7b7f5b-0ab4-421e-89c0-ee8ea363fbc9,Lever Seated Crunch (hands Pad),crunch,Crunch,"leg_raise, plank, russian_twist",False,machine,80,75,20,88
2c8081bb-4bb5-458d-854a-9af23e9cfd35,Rear Lateral Raise (Dumbbell),lateral_raise,Lateral Raise,"shoulder_press, front_raise, rear_delt_fly",True,dumbbell,92,90,92,90
2c84e56a-56b5-442a-9df0-2051040d7eeb,Seated Back Shift,back_exercise,Back Exercise,"bent_over_row, lat_pulldown",False,bodyweight,70,88,95,65
2c8689b9-c4e7-4017-bd5e-afa108c0a598,High Knee Lunge On Bosu Ball,lunge,Lunge,"split_squat, step_up, squat, leg_press",False,bodyweight,70,88,95,65
2c8de3dc-ac74-48ad-97f0-61406f65ff01,Medicine Ball Side To Side Slam,general_movement,Medicine Ball Side To Side Slam,,False,bodyweight,70,88,95,65
2c925941-b7c4-40cf-bf2b-da1fefe58b3f,Half Kneeling External Rotation Press (Cable),press,Press,"bench_press, shoulder_press",False,cable,85,88,30,92
2cac9233-7958-4ed1-920c-ae000ed3601c,Straight Back Stiff Leg Deadlift (Band),stiff_leg_deadlift,Stiff Leg Deadlift,"romanian_deadlift, bent_over_row, hip_thrust, squat",False,band,60,85,90,50
2caed12e-aa0c-4385-bcbf-3025e0838740,Kneeling Upper Back Rotation,back_exercise,Back Exercise,"bent_over_row, lat_pulldown",False,bodyweight,70,88,95,65
2cb5fe5b-eb35-47c4-a539-7ad1eb825ac3,Side Step Row,bent_over_row,Bent Over Row,"lat_pulldown, face_pull, bicep_curl, rear_delt_fly",False,bodyweight,70,88,95,65
2cc5cb6b-4600-44fe-8529-b9c2a61ae0e6,High Knee Squat,squat,Squat,"leg_press, leg_extension, lunge, leg_curl",False,bodyweight,70,88,95,65
2cc6a1b1-43ec-4531-ac74-c35c30a59a18,Duck Walk,general_movement,Duck Walk,,False,bodyweight,70,88,95,65
2cce835c-2ba5-428f-8bd6-257942ec2736,Top Bottom Punch Squat,squat,Squat,"leg_press, leg_extension, lunge, leg_curl",False,bodyweight,70,88,95,65
2cd20097-4ca7-4c86-9919-873a54073e2b,Snatch Grip Deadlift (Barbell),deadlift,Deadlift,"romanian_deadlift, bent_over_row, hip_thrust, squat",True,barbell,95,80,65,95
2cdd9443-baf0-4b36-b7bb-2903529eb5c3,Quick Feet,general_movement,Quick Feet,,False,bodyweight,70,88,95,65
2ce11f03-8bac-4608-87b0-f298671d1203,Sitting Core Tight Rotation,core_exercise,Core Exercise,"crunch, plank",False,bodyweight,70,88,95,65
2cf32b5b-d41f-4e8b-80be-a4e449875263,Standing Back Rotation Stretch,back_stretch,Back Stretch,,False,bodyweight,70,88,95,65
2cf41cfe-c74b-439c-a4dd-41898c4f9462,Standing Supinated Face Pull (Rope) (Cable),face_pull,Face Pull,"rear_delt_fly, lateral_raise, bent_over_row",True,cable,85,88,30,92
2cfea7a5-420a-48a0-ab27-1c3eaed7dc88,Seated Alternate Thoracic Rotation On A Chair,general_movement,Seated Alternate Thoracic Rotation On A Chair,,False,bodyweight,70,88,95,65
2d10fbc2-1f7a-4772-8edf-57a22cfaccaa,Squat Side Pendulum Leg,squat,Squat,"leg_press, leg_extension, lunge, leg_curl",False,bodyweight,70,88,95,65
2d1cceda-0445-4d77-9c81-2f233de28aba,Sitting Alternate Under Ankle Tap (Wall),general_movement,Sitting Alternate Under Ankle Tap,,False,bodyweight,70,88,95,65
2d1cf362-247b-4171-a8b5-e32de1cfbba7,Bent Knee Back To Side Kick,back_exercise,Back Exercise,"bent_over_row, lat_pulldown",False,bodyweight,70,88,95,65
2d207000-cd16-4e3d-a464-0e57fcdf5b59,Kneeling Outward Circle Leg On Bench,leg_exercise,Leg Exercise,"squat, leg_press",False,bodyweight,70,88,95,65
2d2a79fd-9d5d-4ebd-8345-796c1f68e11b,Seated Single Arm Concentration Curl (Bodyweight),concentration_curl,Concentration Curl,"bicep_curl, preacher_curl, hammer_curl",False,bodyweight,70,88,95,65
2d2f095f-8dd7-4052-832e-955daf90b406,Side Step Fly,fly,Chest Fly,"bench_press, incline_fly, push_up",False,bodyweight,70,88,95,65
2d30abdc-a6c1-4693-a133-97b9431bcca0,Front Lateral Raise (Band),lateral_raise,Lateral Raise,"shoulder_press, front_raise, rear_delt_fly",False,band,60,85,90,50
2d3524da-0391-46fa-8a0f-908951a3715b,Half Burpee,burpee,Burpee,"push_up, squat_jump, mountain_climber",True,bodyweight,70,88,95,65
2d3e0c6a-df38-41f7-9657-d6607a773960,Roll Peroneal (single Leg) Side Lying On Floor,leg_exercise,Leg Exercise,"squat, leg_press",False,bodyweight,70,88,95,65
2d4914c0-2493-434d-b4cb-a7b8270603f0,Standing Alternating Palm To Elbow,general_movement,Standing Alternating Palm To Elbow,,False,bodyweight,70,88,95,65
2d568e4b-e665-49ec-8bfe-72ea9c509ce2,Suspender Inverted Row,inverted_row,Inverted Row,"lat_pulldown, face_pull, bicep_curl, rear_delt_fly",False,bodyweight,70,88,95,65
2d5919e0-e1ea-43d1-b515-c69650093026,Lat Stretch With Chair,back_stretch,Back Stretch,,False,bodyweight,70,88,95,65
2d5a9c4c-a585-4335-bcb7-8b143ef25eed,Plank Leg Lift Mountain Climber,plank,Plank,"crunch, leg_raise, russian_twist",True,bodyweight,70,88,95,65
2d612afe-84ad-4561-8e79-e047b929bd4b,Skier (Barbell),general_movement,Skier,,False,barbell,95,80,65,95
2d65b017-a15a-4e1a-b11f-1e7f848ef31b,Knee To Box Calf Stretch,calf_stretch,Calf Stretch,,False,bodyweight,70,88,95,65
2d79710a-37c3-43d8-9353-31e42682bd72,Ring Pull Up,pull_up,Pull Up,"lat_pulldown, bent_over_row, bicep_curl",True,bodyweight,70,88,95,65
2d8827cf-0791-4c87-88b9-ed308d913754,Step Up Single Leg Balance With Biceps Cur (Dumbbell),step_up,Step Up,"lunge, split_squat, squat",False,dumbbell,92,90,92,90
2d8e5260-d9f9-4fd1-bded-a8bde7364751,Slight Bend Elbow Touch,general_movement,Slight Bend Elbow Touch,,False,bodyweight,70,88,95,65
2d91d564-c490-4861-a8dc-74767c7fc160,Bird Dog (Resistance Band),general_movement,Bird Dog,,False,band,60,85,90,50
2d9514f8-9ac6-44fa-aef3-6aabaa5b69f7,Lying Down Hip Internal External Rotation,general_movement,Lying Down Hip Internal External Rotation,,False,bodyweight,70,88,95,65
2d9524a0-0c7e-4c77-9b8b-17d66e92e881,Side Lunge Rock (advanced),lateral_lunge,Lateral Lunge,"split_squat, step_up, squat, leg_press",False,bodyweight,70,88,95,65
2d983340-fcaa-448c-99e2-904275d8cbf2,Kneeling Shoulder Tap,shoulder_exercise,Shoulder Exercise,"shoulder_press, lateral_raise",False,bodyweight,70,88,95,65
2da9a2a5-bef6-422b-a2ec-865e7b1c0b08,Alternate Leg Raise With Head Up,leg_raise,Leg Raise,"crunch, plank, reverse_crunch",False,bodyweight,70,88,95,65
2daa0c5e-6d1c-4663-9a37-e3aac2811998,Incline Fly (Cable),incline_fly,Incline Fly,"fly, incline_bench_press",False,cable,85,88,30,92
2db024a4-59d9-4988-8a3d-75af3106187c,Decline Triceps Extension (Dumbbell),tricep_extension,Tricep Extension,"tricep_pushdown, skull_crusher, dip, bicep_curl",False,dumbbell,92,90,92,90
2dbe2229-07c7-416e-bf6d-1895975e0670,Supine Reverse Fly (Cable),rear_delt_fly,Rear Delt Fly,"face_pull, lateral_raise, bent_over_row",False,cable,85,88,30,92
2dd3ce0b-971c-4bae-b823-740f8f3e3cfa,Hip Thrust (Bench) (Barbell),hip_thrust,Hip Thrust,"glute_bridge, romanian_deadlift, leg_curl",False,barbell,95,80,65,95
2dd7c25d-4174-4e2a-a768-53bd64b7491a,Twisting Crunch Shin Touch,crunch,Crunch,"leg_raise, plank, russian_twist",True,bodyweight,70,88,95,65
2df02ede-aeb8-4e59-80ee-4522ce84f04b,Seated Single Leg Knee Extension,extension,Extension,"tricep_extension, leg_extension",False,bodyweight,70,88,95,65
2df493dd-ba85-40ab-bcc9-6f84a13a9c59,Half Push Up Max Rep,push_up,Push Up,"bench_press, fly, dip, tricep_extension",True,bodyweight,70,88,95,65
2e09f95e-eff9-4ddc-a19c-68dba1a55b84,Clean And Push Press (Kettlebell),press,Press,"bench_press, shoulder_press",False,kettlebell,75,85,85,78
2e0d2eac-84a3-45dd-a8e8-a84310082cc8,Lying Floor Abduction Adduction,hip_abduction,Hip Abduction,"hip_adduction, glute_kickback, hip_thrust",False,bodyweight,70,88,95,65
2e0e1f30-d82b-4bda-933a-4393c7991761,Seated Close Grip Behind Neck Triceps Extension (Barbell),tricep_extension,Tricep Extension,"tricep_pushdown, skull_crusher, dip, bicep_curl",False,barbell,95,80,65,95
2e10d5c2-756e-48a6-972a-6e9ec169b8b9,Explosive Dynamic Plank,plank,Plank,"crunch, leg_raise, russian_twist",True,bodyweight,70,88,95,65
2e328c27-e05e-465b-9ed6-f05d94ff25da,Lying Raised Shoulders Windshield Wiper Leg Extens,raise,Raise,"lateral_raise, front_raise",False,bodyweight,70,88,95,65
2e3aa612-50e2-4cb3-8ff2-5296b7ec549c,Serratus Wall Slide (Resistance Band),general_movement,Serratus Wall Slide,,False,band,60,85,90,50
2e3dcc0b-5666-47f9-9c96-fe98b7ec72e1,Sittiing W Pose,general_stretch,Stretch,,False,bodyweight,70,88,95,65
2e480e78-103d-401e-a297-10105a5e1333,Calf Raise Clap,calf_raise,Calf Raise,leg_press,False,bodyweight,70,88,95,65
2e5faacf-4f36-4ee0-98c4-06e624dae463,Crunch Back,crunch,Crunch,"leg_raise, plank, russian_twist",True,bodyweight,70,88,95,65
2e64f6dc-506f-4165-a716-984a3f4336b0,Seated Single Leg Hugging Knee Fl (Resistance Band),leg_exercise,Leg Exercise,"squat, leg_press",False,band,60,85,90,50
2e733a77-85ff-4c5f-be05-f33a30bc1efd,Bridge Walk,general_movement,Bridge Walk,,False,bodyweight,70,88,95,65
2e745773-6a0d-41b9-9df2-a743509173da,Lever Stack Seated Chest Press,chest_press,Chest Press,"bench_press, fly, tricep_pushdown",True,machine,80,75,20,88
2e77b8d7-44a6-48a2-bdfb-4919dfd8dfae,Side Squat Step (Kettlebell),squat,Squat,"leg_press, leg_extension, lunge, leg_curl",False,kettlebell,75,85,85,78
2e7a04c0-7aee-4c5d-80fc-2d14adc0c82b,Windmill On Chair,general_movement,Windmill On Chair,,False,bodyweight,70,88,95,65
2e80c02a-030c-4860-b230-8b3b620eafad,Standing Row Switching Palms,bent_over_row,Bent Over Row,"lat_pulldown, face_pull, bicep_curl, rear_delt_fly",False,bodyweight,70,88,95,65
2e9b8eb8-101d-493e-a072-bafa90a0fda0,Squat Alternating Lunge,squat,Squat,"leg_press, leg_extension, lunge, leg_curl",False,bodyweight,70,88,95,65
2ea8381c-acc1-4425-9529-1d827008b6e4,Seated Single Arm Row (Cable),cable_row,Cable Row,"lat_pulldown, face_pull, bicep_curl, rear_delt_fly",True,cable,85,88,30,92
2eb38131-7c94-44cc-b563-662d1e06f2ee,Bottle Weighted Reverse Grip Concentration Curl,concentration_curl,Concentration Curl,"bicep_curl, preacher_curl, hammer_curl",False,bodyweight,70,88,95,65
2ebf37a0-7ae6-4111-97f9-938bdb15b72d,Leg Raise Hip Lift,leg_raise,Leg Raise,"crunch, plank, reverse_crunch",False,bodyweight,70,88,95,65
2ec2d36f-6aed-4e85-b7e2-f9a27c60e0af,Roll Shoulder Blade Reach Lying On Floor,shoulder_exercise,Shoulder Exercise,"shoulder_press, lateral_raise",False,bodyweight,70,88,95,65
2ed95e8f-ffe9-450e-bb67-5a80edb9cb84,Over Bench One Arm Reverse Wrist Curl (Dumbbell),reverse_curl,Reverse Curl,"bicep_curl, hammer_curl, wrist_curl",False,dumbbell,92,90,92,90
2edfef21-b5d1-4fc0-8da5-d3976aeb05dd,Hammer Press On Exercise Ball (Dumbbell),press,Press,"bench_press, shoulder_press",False,dumbbell,92,90,92,90
2eec990a-ce18-41ff-aa6a-e59bf1be8730,Forward Bend Back Stretch,back_stretch,Back Stretch,,False,bodyweight,70,88,95,65
2eee1f74-4e53-46db-b5f4-179ee5200998,Kneeling Reverse Palm Nudges,general_movement,Kneeling Reverse Palm Nudges,,False,bodyweight,70,88,95,65
2ef679f7-ba24-4a0f-b9cd-987965077b52,EZ (Barbell) Anti Gravity Press,press,Press,"bench_press, shoulder_press",False,barbell,95,80,65,95
2efbaa26-2541-4f82-99e0-620025a13874,Worlds Greatest Stretch,general_stretch,Stretch,,False,bodyweight,70,88,95,65
2f0d0c6c-f98b-4b61-8a14-e4241e7475a0,Suspender Woodchopper,woodchop,Woodchop,"russian_twist, oblique_crunch, plank",False,bodyweight,70,88,95,65
2f1d5267-ffc5-439f-b512-6c2e7fd38a31,Standing Shrug (Bodyweight),shrug,Shrug,"upright_row, deadlift, bent_over_row",False,bodyweight,70,88,95,65
2f228493-8265-4a46-ad1c-f9cb3ac02f26,Lever Ab Coaster Crunch,crunch,Crunch,"leg_raise, plank, russian_twist",False,machine,80,75,20,88
2f27713b-ad2c-403c-9e26-329335735ab6,Skipping (Bodyweight),general_movement,Skipping,,False,bodyweight,70,88,95,65
2f2c18d6-7cba-47c3-a770-54280e016c7c,Front Hop Back Hop,back_exercise,Back Exercise,"bent_over_row, lat_pulldown",False,bodyweight,70,88,95,65
2f2c1b13-f885-41c3-90f7-1887afd3b663,Jumping Single Leg Lunge,lunge_jump,Lunge Jump,"split_squat, step_up, squat, leg_press",False,bodyweight,70,88,95,65
2f4fd753-d4d2-4fb4-890c-e3b50609a2ad,Incline Hammer Press (Kettlebell),press,Press,"bench_press, shoulder_press",False,kettlebell,75,85,85,78
2f533ecd-da13-486b-acdb-fa01a8dd1a59,Triceps Pushdown (Resistance Band),tricep_pushdown,Tricep Pushdown,"tricep_extension, skull_crusher, dip",False,band,60,85,90,50
2f53b821-53ba-45f9-b80f-1ac2f8124f7a,Weighted Bench Dip,bench_dip,Bench Dip,"bench_press, tricep_pushdown, push_up",False,bodyweight,70,88,95,65
2f56b332-ef3d-46cf-a43a-c7313ebb3f63,Burpee Alternate Arm Leg Raise,leg_raise,Leg Raise,"crunch, plank, reverse_crunch",False,bodyweight,70,88,95,65
2f59fea1-99c4-476d-b734-f3f479ebcc55,Bottle Weighted Kneeling Squat,squat,Squat,"leg_press, leg_extension, lunge, leg_curl",False,bodyweight,70,88,95,65
2f65ba7b-7dcf-4931-8899-bac5f25eb8e4,Single Leg Lateral Hop,leg_exercise,Leg Exercise,"squat, leg_press",False,bodyweight,70,88,95,65
2f65c0bf-9d6f-4186-966c-66ec3ffc8607,Shoulder Adduction (Resistance Band),hip_adduction,Hip Adduction,"hip_abduction, sumo_squat, lunge",False,band,60,85,90,50
2f6a2bfb-1c16-4938-8c6d-80c3733bb486,Burpee Jump Box,burpee,Burpee,"push_up, squat_jump, mountain_climber",True,bodyweight,70,88,95,65
2f6d0c05-daa2-4b91-bd8d-0e4c8cdaadd2,EZ (Barbell) Bench Press,bench_press,Bench Press,"incline_bench_press, fly, tricep_pushdown, dip",True,barbell,95,80,65,95
2f7da4ce-7152-49a8-bdc8-0ccb1aa0dd9e,Goblet Squat Jump (Kettlebell),goblet_squat,Goblet Squat,"leg_press, leg_extension, lunge, leg_curl",False,kettlebell,75,85,85,78
2f81b000-b7af-4b16-a97d-a2cf06ee4daa,Bent Over Single Arm Neutral Grip Kickback (Cable),back_exercise,Back Exercise,"bent_over_row, lat_pulldown",False,cable,85,88,30,92
2f9a5200-770a-4980-9cdb-dac84264e3ea,Triceps Dip,dip,Dip,"bench_press, tricep_pushdown, push_up",True,bodyweight,70,88,95,65
2fa055d3-5c01-4b53-8b40-d2be0c24174c,Bicycle,general_movement,Bicycle,,False,bodyweight,70,88,95,65
2fb74bbb-317d-4820-b4ad-88b16ea83e85,Calf Forward Jump,calf_raise,Calf Raise,leg_press,False,bodyweight,70,88,95,65
2fb7699b-19e9-4e1f-aecc-533e4a95ac1c,Seated Reverse Fly On Chair,rear_delt_fly,Rear Delt Fly,"face_pull, lateral_raise, bent_over_row",False,bodyweight,70,88,95,65
2fc48608-0493-4aea-81ec-92b88fff8871,Suspender One Arm Biceps Curl,bicep_curl,Bicep Curl,"hammer_curl, preacher_curl, tricep_extension",False,bodyweight,70,88,95,65
2fd41933-a8e2-4850-b33f-3ad56b6ded6d,Incline Rear Fly (Dumbbell),incline_fly,Incline Fly,"fly, incline_bench_press",False,dumbbell,92,90,92,90
2fdc1a2a-c9dc-4a99-9a8f-792f4fefbfe7,Lying Triceps Extension (low) (Cable),skull_crusher,Skull Crusher,"tricep_extension, tricep_pushdown, dip",False,cable,85,88,30,92
30075aab-642a-4a1c-9660-b640e5abe174,One Arm Triceps Extension (on Bench) (Dumbbell),tricep_extension,Tricep Extension,"tricep_pushdown, skull_crusher, dip, bicep_curl",False,dumbbell,92,90,92,90
301c34d7-d0e6-41e8-8e95-a891d1e9d06c,Standing Side Tap Back Tap,back_exercise,Back Exercise,"bent_over_row, lat_pulldown",False,bodyweight,70,88,95,65
3023ec7d-e6c7-4ae5-b777-fa08f0f32770,Pulsing Squat Step Back,squat,Squat,"leg_press, leg_extension, lunge, leg_curl",False,bodyweight,70,88,95,65
303d1a56-368e-40bf-a6a9-d6ae93040b16,Lying Air Cycles,general_movement,Lying Air Cycles,,False,bodyweight,70,88,95,65
30505d95-7cb5-4263-a9f0-aaf0e1eb4784,Decline Bent Arm Pullover (Barbell),pullover,Pullover,"lat_pulldown, straight_arm_pulldown, fly",False,barbell,95,80,65,95
305d787f-a667-43b7-9cc4-6dde2fdb977e,Easy Downward Dog Yoga Pose,general_stretch,Stretch,,False,bodyweight,70,88,95,65
306281d9-480d-4dbd-8f97-eae1bcda1163,Forward Backward Lunge (Kettlebell),lunge,Lunge,"split_squat, step_up, squat, leg_press",False,kettlebell,75,85,85,78
30641a6a-f073-41c4-bd6b-0d39e6d41d68,Push Up Plank Jack Burpee,push_up,Push Up,"bench_press, fly, dip, tricep_extension",True,bodyweight,70,88,95,65
30816a50-44f4-4796-882c-1a88a52395db,Lying Flat Hip Raise,raise,Raise,"lateral_raise, front_raise",False,bodyweight,70,88,95,65
308dfd6e-1156-40a1-a0ad-6ce14ab9465a,Goblet Split Squat Front Foot Elevanted (Dumbbell),goblet_squat,Goblet Squat,"leg_press, leg_extension, lunge, leg_curl",False,dumbbell,92,90,92,90
308e4ad5-deb5-49ae-ac7c-294e5d927261,Side Step Arm Stretched,general_stretch,Stretch,,False,bodyweight,70,88,95,65
30952b5c-156f-4e73-ad11-28d0576a857e,Lever Triceps Extension,tricep_extension,Tricep Extension,"tricep_pushdown, skull_crusher, dip, bicep_curl",False,machine,80,75,20,88
309f31d9-900d-4523-af66-b36d6f70abb0,Standing Hip Horizontal And Saggital Rotation,general_movement,Standing Hip Horizontal And Saggital Rotation,,False,bodyweight,70,88,95,65
30aaebe6-6cdb-44c1-87c3-a47049cc99ca,Single Leg Calf Jump Stepbox Supported,calf_raise,Calf Raise,leg_press,False,bodyweight,70,88,95,65
30b52cac-ee96-4f45-8f1b-31025baddb85,Standing Neutral Grip Fly (Cable),fly,Chest Fly,"bench_press, incline_fly, push_up",False,cable,85,88,30,92
30bdc4f0-4e15-4e2f-90b0-49fb2d5f0157,Triceps Extension Stepback,tricep_extension,Tricep Extension,"tricep_pushdown, skull_crusher, dip, bicep_curl",False,bodyweight,70,88,95,65
30c0f601-93c8-43b4-bfdb-f55c9cac004b,Lying Leg Raise And Hold,leg_raise,Leg Raise,"crunch, plank, reverse_crunch",False,bodyweight,70,88,95,65
30ce7db4-888d-436c-a9de-dee040eac3ae,Lateral Hurdle Jump,general_movement,Lateral Hurdle Jump,,False,bodyweight,70,88,95,65
30d8e00e-8633-4453-bea2-e629332f376f,Seated Forearms Stretch,general_stretch,Stretch,,False,bodyweight,70,88,95,65
30f5ade5-c551-4d0c-b94c-4d5936427efc,Seated Open Up And Under Swing On A Chair,general_movement,Seated Open Up And Under Swing On A Chair,,False,bodyweight,70,88,95,65
31082d3d-b31b-4ad6-a6df-81dcf40ca5bf,Front Raise (Dumbbell),front_raise,Front Raise,"shoulder_press, lateral_raise, incline_bench_press",True,dumbbell,92,90,92,90
3109fca6-593c-4428-a500-a85cde2ed74a,Row In Doorway (Bodyweight),bent_over_row,Bent Over Row,"lat_pulldown, face_pull, bicep_curl, rear_delt_fly",False,bodyweight,70,88,95,65
310ce0e6-0985-43b2-9325-20cb681ed3e7,Bicycle Recline Walk,general_movement,Bicycle Recline Walk,,False,bodyweight,70,88,95,65
310f8a74-9008-4068-a851-252851cc0b6b,Incline Jack Plank,plank,Plank,"crunch, leg_raise, russian_twist",True,bodyweight,70,88,95,65
3120277c-9f4b-4a58-80d2-69fb57a2badf,Bulgarian Split Squat With Support (Dumbbell),split_squat,Split Squat,"leg_press, leg_extension, lunge, leg_curl",False,dumbbell,92,90,92,90
31227a69-646f-42b5-a162-616bc042f548,Seated Shoulder Anti Clockwise Circle,shoulder_exercise,Shoulder Exercise,"shoulder_press, lateral_raise",False,bodyweight,70,88,95,65
3124c7b2-9d81-414f-bef7-3afcab1748d0,Trap Bar Farmers Carry,farmers_walk,Farmer Walk,"shrug, deadlift, lunge",False,bodyweight,70,88,95,65
3126a3d0-7f9f-4db7-b88f-2d7a79e46dfc,Roll Ball Adductors,hip_adduction,Hip Adduction,"hip_abduction, sumo_squat, lunge",False,bodyweight,70,88,95,65
31325895-529c-45d7-b0de-25f82c9ae9b0,Quarter Sit Up,crunch,Crunch,"leg_raise, plank, russian_twist",True,bodyweight,70,88,95,65
313ac832-ca06-48d0-aba0-d73921c35174,Lying Straight Leg Marches,leg_exercise,Leg Exercise,"squat, leg_press",False,bodyweight,70,88,95,65
314c9398-d0db-466d-8818-34433bfb5439,Lying Knee Hugs Circle,general_movement,Lying Knee Hugs Circle,,False,bodyweight,70,88,95,65
316781cd-79a6-4c2d-8548-7bfc67bc07cc,Finger Raises Plank,plank,Plank,"crunch, leg_raise, russian_twist",True,bodyweight,70,88,95,65
31696ba7-5d6c-4fae-8e03-fb5aa6ba6501,Standing Archer Alternate Arm Row,bent_over_row,Bent Over Row,"lat_pulldown, face_pull, bicep_curl, rear_delt_fly",False,bodyweight,70,88,95,65
316b9fc9-3a95-4f0c-b813-19f9e5f232db,Suspender Hyperextension,back_extension,Back Extension,"romanian_deadlift, good_morning, glute_bridge",False,bodyweight,70,88,95,65
31867a05-6b79-4060-b67d-6bc8d85f1f50,Step Up,step_up,Step Up,"lunge, split_squat, squat",False,bodyweight,70,88,95,65
319ba0cb-cbd4-402b-bc11-329082ce250f,Open And Knee Tuck On A Padded Stool,general_movement,Open And Knee Tuck On A Padded Stool,,False,bodyweight,70,88,95,65
31b0d088-6a7d-4887-a4b6-cba34e477829,Weighted Plate Pullover On Stability Ball,pullover,Pullover,"lat_pulldown, straight_arm_pulldown, fly",False,bodyweight,70,88,95,65
31c33356-2020-493e-a52e-974fc16152f9,Standing Hip Saggital Rotation With Hands Overhead,general_movement,Standing Hip Saggital Rotation With Hands Overhead,,False,bodyweight,70,88,95,65
31c73124-5dc0-497e-900c-d6a91344d4e0,Rocking Happy Baby,core_exercise,Core Exercise,"crunch, plank",False,bodyweight,70,88,95,65
31cc4b68-cb14-47f0-b037-c7b423b26aaf,Low Plank Leg Raise,leg_raise,Leg Raise,"crunch, plank, reverse_crunch",False,bodyweight,70,88,95,65
31d73b9b-d4f3-4615-8db6-9098d9cf1e1a,Lying Stretch,general_stretch,Stretch,,False,bodyweight,70,88,95,65
31f1ef42-2419-4fdc-87b5-a3542eca43e9,Leg Kickback (Resistance Band),back_exercise,Back Exercise,"bent_over_row, lat_pulldown",False,band,60,85,90,50
31f2dbff-7c17-40b9-b993-cf14456d046d,Inverted Row With Straps,inverted_row,Inverted Row,"lat_pulldown, face_pull, bicep_curl, rear_delt_fly",False,bodyweight,70,88,95,65
31f76f3c-2702-49cf-b765-687ccc9646ec,Seated Alternate Arms Rotation,arm_exercise,Arm Exercise,"bicep_curl, tricep_extension",False,bodyweight,70,88,95,65
32161da6-4c69-4d77-81ea-75f6113b3e4c,One Legged Diagonal Kick Hamstring (stability Ball),leg_exercise,Leg Exercise,"squat, leg_press",False,bodyweight,70,88,95,65
3224aa4c-c21c-4cc9-af9f-71fd003fe12e,Lying Femoral (Dumbbell),general_movement,Lying Femoral,,False,dumbbell,92,90,92,90
3245756a-aac3-49f8-a527-cf5e27e92106,Standing Double Arm Crossover And Double Prayer Pu,arm_exercise,Arm Exercise,"bicep_curl, tricep_extension",False,bodyweight,70,88,95,65
3245f77d-ab76-4aab-b5e0-2501847f8c08,Seated Finger Clap,general_movement,Seated Finger Clap,,False,bodyweight,70,88,95,65
324825f8-f903-47d4-91f5-b1056a594503,Russian Twist Chop,russian_twist,Russian Twist,"oblique_crunch, woodchop, side_plank",False,bodyweight,70,88,95,65
324ba061-56dc-4d77-9d74-471601daa5cd,Upright Row (Barbell),upright_row,Upright Row,"lateral_raise, shrug, shoulder_press",False,barbell,95,80,65,95
324c55b8-688c-466e-8100-3356c141bd0a,Squat (on Knees) (Barbell),squat,Squat,"leg_press, leg_extension, lunge, leg_curl",True,barbell,95,80,65,95
3253e4b7-20d3-437f-9896-2a067dfd7668,Horizontal Pallof Press (Band),press,Press,"bench_press, shoulder_press",False,band,60,85,90,50
3254865f-8fca-4a07-9569-1e1c615c3f63,Double Alternating Hang Clean (Kettlebell),hang_clean,Hang Clean,"deadlift, front_squat, snatch, shrug",False,kettlebell,75,85,85,78
3255312e-a329-4748-96b3-988166995c31,Leg Raise Hip Lift,leg_raise,Leg Raise,"crunch, plank, reverse_crunch",False,bodyweight,70,88,95,65
325630d1-18c0-4df2-85cc-cc7470b92798,Decline Sit Up,crunch,Crunch,"leg_raise, plank, russian_twist",True,bodyweight,70,88,95,65
3259583b-29b8-4cb5-be3a-2afbf4bdd0dc,Front Scoops,general_movement,Front Scoops,,False,bodyweight,70,88,95,65
32664564-77f6-4978-981a-25bbf7e3c911,Bench Pull Ups,pull_up,Pull Up,"lat_pulldown, bent_over_row, bicep_curl",True,bodyweight,70,88,95,65
326d04f8-5ca3-4eb5-bbc8-e7ee1a907149,Landmine Squat,squat,Squat,"leg_press, leg_extension, lunge, leg_curl",False,bodyweight,70,88,95,65
326d8111-719f-453f-89c9-337ac0614088,Fly (stability Ball) (Dumbbell),fly,Chest Fly,"bench_press, incline_fly, push_up",True,dumbbell,92,90,92,90
3277d293-5548-4b68-a3d2-dde2d7bc23d3,Feet Front Tap,general_movement,Feet Front Tap,,False,bodyweight,70,88,95,65
3290c31d-7599-4392-872a-43449c846d65,Seated High Row (V Bar) (Cable),cable_row,Cable Row,"lat_pulldown, face_pull, bicep_curl, rear_delt_fly",True,cable,85,88,30,92
32931d4d-68f5-4409-82b2-10bffbf5e2b1,Standing Boat Row,bent_over_row,Bent Over Row,"lat_pulldown, face_pull, bicep_curl, rear_delt_fly",False,bodyweight,70,88,95,65
329ea72f-aaf3-4ef4-9224-750eab0fe812,Vertical Pallof Press (Cable),press,Press,"bench_press, shoulder_press",False,cable,85,88,30,92
32a0619f-82aa-485f-9a05-777565bf39cf,Dip Leg Raise A Padded Stool Supported,dip,Dip,"bench_press, tricep_pushdown, push_up",True,bodyweight,70,88,95,65
32a50f3e-6d66-4aa2-9a5e-76053743edb7,Standing W Pose (Bodyweight),general_stretch,Stretch,,False,bodyweight,70,88,95,65
32c01803-1ed7-482f-9873-9fced160f49a,Scapula Elevation Depression,press,Press,"bench_press, shoulder_press",False,bodyweight,70,88,95,65
32c096c2-e24e-4dc5-8b44-127f33067334,W To Y Superman,general_movement,W To Y Superman,,False,bodyweight,70,88,95,65
32c17747-f8e1-4f71-b8af-19141015badb,Protraction Plank Jack,plank,Plank,"crunch, leg_raise, russian_twist",True,bodyweight,70,88,95,65
32c1d8e0-3cdb-4ae5-be46-3d0ce59df6c9,Knee Tap Sky Reach,general_movement,Knee Tap Sky Reach,,False,bodyweight,70,88,95,65
32c43475-7443-42e1-a362-b0b0cb7cfeb2,Lying Double Glute Lift,glute_exercise,Glute Exercise,"hip_thrust, glute_bridge",False,bodyweight,70,88,95,65
32c91fd5-af14-48c7-ad5c-8ddbf2215e44,Superman Arm Crossover,arm_exercise,Arm Exercise,"bicep_curl, tricep_extension",False,bodyweight,70,88,95,65
32cd9163-8067-4069-b758-7a59b6615b2c,Plank Jack On A Padded Stool,plank,Plank,"crunch, leg_raise, russian_twist",True,bodyweight,70,88,95,65
32f2c83b-5119-49af-bfc0-968a5c715327,Reverse Grip Incline Row (Dumbbell),bent_over_row,Bent Over Row,"lat_pulldown, face_pull, bicep_curl, rear_delt_fly",False,dumbbell,92,90,92,90
32f5c04f-6bcf-456f-9584-617f25e494d8,EZ (Barbell) Reverse Grip Curl,reverse_curl,Reverse Curl,"bicep_curl, hammer_curl, wrist_curl",False,barbell,95,80,65,95
32fa33d2-a324-4993-bc17-e5b400599e75,Low Lunge Stretch,general_stretch,Stretch,,False,bodyweight,70,88,95,65
330855af-da39-48d4-91ce-44c2e5f0457e,Groin Crunch,crunch,Crunch,"leg_raise, plank, russian_twist",True,bodyweight,70,88,95,65
33104693-e2b7-4906-9798-260c446450f4,Alternating Swing (Kettlebell),kettlebell_swing,Kettlebell Swing,"hip_thrust, deadlift, clean",False,kettlebell,75,85,85,78
3319c926-ec60-4009-9b95-bfac248ea97d,Weighted Hanging Leg Hip Raise,raise,Raise,"lateral_raise, front_raise",False,bodyweight,70,88,95,65
33234de1-03db-495a-8ffa-9790b81e06db,Sitting Side Step Tuck On A Padded Stool,general_movement,Sitting Side Step Tuck On A Padded Stool,,False,bodyweight,70,88,95,65
33242499-6121-4f44-9af7-8874d54348d2,Standing Overhead Triceps Extension (Barbell),overhead_tricep_extension,Overhead Tricep Extension,"tricep_pushdown, skull_crusher, dip, bicep_curl",False,barbell,95,80,65,95
332e373d-4177-49e7-8281-c1278bfe021a,Incline Breeding (Dumbbell),general_movement,Incline Breeding,,False,dumbbell,92,90,92,90
333a3317-4115-43a6-aa74-4ab2f21942df,Chest Fly Arms,fly,Chest Fly,"bench_press, incline_fly, push_up",False,bodyweight,70,88,95,65
3342cb11-d46e-4599-8f56-e4fc34d54fd2,Single Leg Sprinter,running,Running,,False,bodyweight,70,88,95,65
3347901c-8d71-401e-b295-1772d178c8d7,Plank Arm Lifts,plank,Plank,"crunch, leg_raise, russian_twist",True,bodyweight,70,88,95,65
334a8a6a-d917-4a46-bee0-b884295c069e,Stepback Flap,back_exercise,Back Exercise,"bent_over_row, lat_pulldown",False,bodyweight,70,88,95,65
334b5c95-e370-4256-abdc-dc1339b68d8c,Suspender Pike,general_movement,Suspender Pike,,False,bodyweight,70,88,95,65
334c00ea-600e-4bef-aeb5-0508b5e3c9d8,Ankle Circles,general_movement,Ankle Circles,,False,bodyweight,70,88,95,65
334e2dd3-ffbd-43c2-a59d-8e898a16a1c9,Lying T Raise,raise,Raise,"lateral_raise, front_raise",False,bodyweight,70,88,95,65
33643037-3f16-48bd-aee2-03c3e9d1e81c,Skater Hops,general_movement,Skater Hops,,False,bodyweight,70,88,95,65
3365de84-1227-4340-8dc9-f9d9aa4542a5,Seated Learning Back Stretch,back_stretch,Back Stretch,,False,bodyweight,70,88,95,65
3366484a-8859-4a21-aa83-39194e753ae3,Lever Seated Row,cable_row,Cable Row,"lat_pulldown, face_pull, bicep_curl, rear_delt_fly",False,machine,80,75,20,88
3369101b-e5b8-44af-ae5f-f5a50a484f83,Contralateral Reverse Lunge (Kettlebell),reverse_lunge,Reverse Lunge,"split_squat, step_up, squat, leg_press",False,kettlebell,75,85,85,78
336d9125-5d8d-4cd1-862c-e9740d2bf6f3,Isometric Hold Close Grip Chin Up,chin_up,Chin Up,"lat_pulldown, bent_over_row, bicep_curl",True,bodyweight,70,88,95,65
33817695-db7c-4c15-9540-a8f833ed7899,Weighted Bag Walking Lunge,walking_lunge,Walking Lunge,"split_squat, step_up, squat, leg_press",False,bodyweight,70,88,95,65
33828915-00ca-4bc8-8a88-6a316b958820,Plank Side Walk,side_plank,Side Plank,"crunch, leg_raise, russian_twist",False,bodyweight,70,88,95,65
33879284-cfd9-40f1-aa74-bb938f9a678a,Kneeling Staggered Push Up,push_up,Push Up,"bench_press, fly, dip, tricep_extension",True,bodyweight,70,88,95,65
33913a11-a372-4955-b0e6-669d6f0cddf8,Lying Legs Extension Abduction,hip_abduction,Hip Abduction,"hip_adduction, glute_kickback, hip_thrust",False,bodyweight,70,88,95,65
339375e2-bd81-42a6-a207-0ad115e85604,Kneeling Push Up Jack,push_up,Push Up,"bench_press, fly, dip, tricep_extension",True,bodyweight,70,88,95,65
33a38a30-477e-4780-ba3a-ae97fa05ee89,Lever Calf Raise (bench Press Machine),bench_press,Bench Press,"incline_bench_press, fly, tricep_pushdown, dip",False,machine,80,75,20,88
33b93ee5-4d37-41bf-8257-bf17bf970e9a,Alternate Low Chest Fly (Band),fly,Chest Fly,"bench_press, incline_fly, push_up",False,band,60,85,90,50
33cedb02-9829-479e-bf4c-852e571e3b92,Lying Bent Knee Tibialis Press,press,Press,"bench_press, shoulder_press",False,bodyweight,70,88,95,65
33d044d0-d0a9-4154-9edf-00e5bcfbca3f,45 Degrees Side Bend,general_movement,45 Degrees Side Bend,,False,bodyweight,70,88,95,65
33fccca8-1098-484a-ae4a-0e82f4cea6cf,Lunge With Leg Lift,lunge,Lunge,"split_squat, step_up, squat, leg_press",False,bodyweight,70,88,95,65
33fee322-9535-44bf-a773-372f77dfa2b2,Lying Single Arm Slide From Y To T,arm_exercise,Arm Exercise,"bicep_curl, tricep_extension",False,bodyweight,70,88,95,65
340d6aa7-18ab-4302-8fd8-bac1fdb89993,Windmill Cut (Bodyweight),general_movement,Windmill Cut,,False,bodyweight,70,88,95,65
340e1976-641f-48e1-b8c9-2fbf013001f3,Air Twisting Crunch,crunch,Crunch,"leg_raise, plank, russian_twist",True,bodyweight,70,88,95,65
341830ff-ae53-4db1-b4a6-52024dcc23a6,Superman Push Up,push_up,Push Up,"bench_press, fly, dip, tricep_extension",True,bodyweight,70,88,95,65
342288d9-a052-4942-8201-8bfa044beaa3,Pulldown (pro Lat Bar) (Cable),lat_pulldown,Lat Pulldown,"pull_up, bent_over_row, bicep_curl, face_pull",True,cable,85,88,30,92
34238e1c-de21-4db4-81eb-ced10e8fedf0,Split Squat Front Foot Elevanted (Dumbbell),front_squat,Front Squat,"leg_press, leg_extension, lunge, leg_curl",False,dumbbell,92,90,92,90
343eb617-93a6-4836-9aed-76293e7ed7bb,Elevated Legs Hip Thrust,hip_thrust,Hip Thrust,"glute_bridge, romanian_deadlift, leg_curl",False,bodyweight,70,88,95,65
3442bf02-e493-41af-a378-841e68b5139b,Side Bridge,general_movement,Side Bridge,,False,bodyweight,70,88,95,65
3443921c-2b7a-4fee-98bc-064b7e9d88dc,Side Hop Ski,general_movement,Side Hop Ski,,False,bodyweight,70,88,95,65
3446fa76-c964-4b7a-9c12-7e32e03f141c,Hip Thrust (Bench) (Barbell),hip_thrust,Hip Thrust,"glute_bridge, romanian_deadlift, leg_curl",False,barbell,95,80,65,95
34477dfa-8f36-4921-bb33-694089c4641e,Hip Thrust Side Step,hip_thrust,Hip Thrust,"glute_bridge, romanian_deadlift, leg_curl",False,bodyweight,70,88,95,65
34519ee9-034d-4269-b2ea-54daa0a89b36,Deadlift Shin Tap (Bodyweight),deadlift,Deadlift,"romanian_deadlift, bent_over_row, hip_thrust, squat",False,bodyweight,70,88,95,65
34521322-8dcb-4e21-9583-c6673c82ea04,Lying Supine Hip Abduction (Resistance Band),hip_abduction,Hip Abduction,"hip_adduction, glute_kickback, hip_thrust",False,band,60,85,90,50
345916fc-03d1-4b50-b00f-f84e25c4bedd,Smith Reverse Grip Press,press,Press,"bench_press, shoulder_press",False,smith_machine,72,70,25,80
3459b8f6-c1b9-4cf6-94d5-60f73b6447c9,Seated Side Bend With Arm Up On Chair,arm_exercise,Arm Exercise,"bicep_curl, tricep_extension",False,bodyweight,70,88,95,65
345ac913-fb04-49e5-b751-c4bd9f0d75d2,Sitting Leg Extension (Dumbbell),leg_extension,Leg Extension,"squat, leg_press, leg_curl",False,dumbbell,92,90,92,90
345d3683-e43a-4d31-8a12-4b18987e6902,Bottle Weighted Svend Press,press,Press,"bench_press, shoulder_press",False,bodyweight,70,88,95,65
34625812-6843-4e51-9ef6-95bc3c43dd3f,Side Squat Step (Bodyweight),squat,Squat,"leg_press, leg_extension, lunge, leg_curl",False,bodyweight,70,88,95,65
346fed68-6092-463f-a9b3-0d3c520d6d17,Kneeling Side Crunch (Cable),oblique_crunch,Oblique Crunch,"leg_raise, plank, russian_twist",False,cable,85,88,30,92
347fd40e-d2b5-455e-9640-828beb4280bb,Mountain Climber,mountain_climber,Mountain Climber,"plank, burpee, high_knees",False,bodyweight,70,88,95,65
34885634-c59f-49ca-bb04-fc2b0e2aa0cc,Bodybuilding Pose,general_stretch,Stretch,,False,bodyweight,70,88,95,65
348a570c-4501-4006-8cc3-8a81fa78ae0f,Seated Hip External Rotation,general_movement,Seated Hip External Rotation,,False,bodyweight,70,88,95,65
348c8a43-8d93-44fc-a2c4-54d6bccace02,Lying Frog Push Abduction,hip_abduction,Hip Abduction,"hip_adduction, glute_kickback, hip_thrust",False,bodyweight,70,88,95,65
34a7c83d-b03d-4d65-9526-c6897fc98863,Overhead Carry (Kettlebell),farmers_walk,Farmer Walk,"shrug, deadlift, lunge",False,kettlebell,75,85,85,78
34b17f25-9e9f-4012-bb15-9af030213d25,Ape Traverse,general_movement,Ape Traverse,,False,bodyweight,70,88,95,65
34d6c805-cb58-4d07-9763-9c3d7b29ba52,Double Leg Stretch,general_stretch,Stretch,,False,bodyweight,70,88,95,65
34d80604-9701-4bf0-a1de-983ee8ed8307,Lying Floor Row With Bent Knee,bent_over_row,Bent Over Row,"lat_pulldown, face_pull, bicep_curl, rear_delt_fly",False,bodyweight,70,88,95,65
34eaea45-a99d-4d87-a14a-b710b298edf3,Seated Leg Extension (Band),leg_extension,Leg Extension,"squat, leg_press, leg_curl",False,band,60,85,90,50
34f012c4-815f-43e9-9af0-dba9ef3449c3,Jab Jab Right Cross,core_exercise,Core Exercise,"crunch, plank",False,bodyweight,70,88,95,65
34f2875e-4464-4465-b645-2d1d6b696a0a,Seated Front Raise With Twist (Dumbbell),front_raise,Front Raise,"shoulder_press, lateral_raise, incline_bench_press",True,dumbbell,92,90,92,90
35004f35-421f-4736-8f0b-c42778ee0e1d,Straight Arm Pulldown (Rope) (Cable),straight_arm_pulldown,Straight Arm Pulldown,"lat_pulldown, pullover, bent_over_row",False,cable,85,88,30,92
35106aaa-6967-46b4-a838-b4e030647116,Lever Kneeling Twist,general_movement,Lever Kneeling Twist,,False,machine,80,75,20,88
351bb9aa-cd39-45af-b2e9-7a98b750b715,Roll Neck Decompress Lying On Floor,press,Press,"bench_press, shoulder_press",False,bodyweight,70,88,95,65
352dc936-45e9-4e7e-aa58-5d372d001480,Stick Step Up Knee Raise On Stepbox,step_up,Step Up,"lunge, split_squat, squat",False,bodyweight,70,88,95,65
3533184e-08ed-48d0-af87-abacd6badb4c,Stepback Opposite Grab,back_exercise,Back Exercise,"bent_over_row, lat_pulldown",False,bodyweight,70,88,95,65
35333b7e-2256-4264-a487-c00a100ddf1a,Inverse Leg Curl With Bench Pads,leg_curl,Leg Curl,"romanian_deadlift, hip_thrust, leg_extension",False,bodyweight,70,88,95,65
35336138-b263-48c5-8efe-1a6b1b391019,Lever Incline Chest Press,incline_chest_press,Incline Chest Press,"bench_press, fly, tricep_pushdown",False,machine,80,75,20,88
353e4363-b637-4956-bcdc-e9660ae68680,Side Glute Raise Chair Supported,raise,Raise,"lateral_raise, front_raise",False,bodyweight,70,88,95,65
3542c724-c934-4512-9cd2-4f6c83201bca,Body Rock To Down Dog,general_movement,Body Rock To Down Dog,,False,bodyweight,70,88,95,65
354b4b76-83b0-4c66-b92f-93789b5da189,Lever Hammer Grip Preacher Curl,preacher_curl,Preacher Curl,"bicep_curl, hammer_curl, concentration_curl",False,machine,80,75,20,88
354db962-69a7-4a29-999b-e47c70213f06,Alternate Foot Hopscotch,general_movement,Alternate Foot Hopscotch,,False,bodyweight,70,88,95,65
3560e4de-1904-491e-bb25-85709d55d40d,Seated Bent Over Row And Fly On Chair (Dumbbell),fly,Chest Fly,"bench_press, incline_fly, push_up",True,dumbbell,92,90,92,90
3563d98b-28d0-4b47-929b-363121d53e65,Lying Biceps Curl With Towel,bicep_curl,Bicep Curl,"hammer_curl, preacher_curl, tricep_extension",False,bodyweight,70,88,95,65
35761ed4-9616-4bef-8c7a-89565a51e990,Lever Single Arm Chest Press (plate Loaded),chest_press,Chest Press,"bench_press, fly, tricep_pushdown",True,machine,80,75,20,88
35862923-52a2-4459-9531-d3479d42bfbe,Walking On Spot Shoulder Tap Raise (front Pov),raise,Raise,"lateral_raise, front_raise",False,bodyweight,70,88,95,65
358acfad-c8f3-415d-a588-773753756458,Back Kick Heel Touches,back_exercise,Back Exercise,"bent_over_row, lat_pulldown",False,bodyweight,70,88,95,65
3599ffc0-9fdb-48dd-95b0-5ae65e82bcf1,Arm Leg Lift To Split Squat,split_squat,Split Squat,"leg_press, leg_extension, lunge, leg_curl",False,bodyweight,70,88,95,65
359e544c-c3b0-4c76-9b2f-d274ddcba17d,Hip Thrusts,hip_thrust,Hip Thrust,"glute_bridge, romanian_deadlift, leg_curl",False,bodyweight,70,88,95,65
35b46e01-f5de-47f8-89fd-3084e9b4e20d,Incline Row (Dumbbell),bent_over_row,Bent Over Row,"lat_pulldown, face_pull, bicep_curl, rear_delt_fly",False,dumbbell,92,90,92,90
35c86936-a99e-4a9d-9732-5d52e20e2828,Clean (Dumbbell),clean,Clean,"deadlift, front_squat, snatch, shrug",False,dumbbell,92,90,92,90
35d21648-a23b-416a-8cf5-3e34e638bc2c,Ring Wide Pull Up,pull_up,Pull Up,"lat_pulldown, bent_over_row, bicep_curl",True,bodyweight,70,88,95,65
35dddafd-2699-4adb-8762-4c3ad30fd756,Rear Fly Stepback,fly,Chest Fly,"bench_press, incline_fly, push_up",False,bodyweight,70,88,95,65
35f2761a-6263-4f4d-ad84-4ab52a72939d,Seal Pose,general_stretch,Stretch,,False,bodyweight,70,88,95,65
35fc44e5-45d7-4482-8872-af7c5fbcca46,Bench Seated Press (Dumbbell),press,Press,"bench_press, shoulder_press",False,dumbbell,92,90,92,90
35febee4-b53c-4a85-abf9-808ad59a813e,One Arm Curl (Cable),bicep_curl,Bicep Curl,"hammer_curl, preacher_curl, tricep_extension",False,cable,85,88,30,92
360cd33f-1dc2-4a4b-a6b1-825d96ae6674,Romanian Deadlift To Bent Over Row (Dumbbell),bent_over_row,Bent Over Row,"lat_pulldown, face_pull, bicep_curl, rear_delt_fly",False,dumbbell,92,90,92,90
36123c6b-c059-41f8-8096-1708d17032aa,Standing Tibialis Raise Wall Supported,raise,Raise,"lateral_raise, front_raise",False,bodyweight,70,88,95,65
36191c60-b384-4991-940c-bb3aaa64a14b,Lying Floor Fly,fly,Chest Fly,"bench_press, incline_fly, push_up",False,bodyweight,70,88,95,65
361aee89-be4e-4134-a515-35ce8d902003,Standing Air Bike Foot Tap,cycling,Cycling,,False,bodyweight,70,88,95,65
3623d5e8-e0dd-4d3d-977a-002bfe8e1ff7,Shoulder Pat Knee Raise,leg_raise,Leg Raise,"crunch, plank, reverse_crunch",False,bodyweight,70,88,95,65
362d746d-1e11-4f44-9231-7c0fc2c8664c,Squat Jump (Resistance Band),squat_jump,Squat Jump,"squat, lunge_jump, box_jump",False,band,60,85,90,50
3654cc8c-2443-4af2-8f0e-a0348d05cfea,Standing Hands On Hip Front And Back Open,back_exercise,Back Exercise,"bent_over_row, lat_pulldown",False,bodyweight,70,88,95,65
365b2410-3f76-4981-a91b-f26ffb3161b4,Ipsilateral Single Leg Stiff Leg Deadlift (Dumbbell),stiff_leg_deadlift,Stiff Leg Deadlift,"romanian_deadlift, bent_over_row, hip_thrust, squat",False,dumbbell,92,90,92,90
365c2c94-22dd-4ac5-b879-289c5b8d6a9d,Single Leg Squat (Barbell),squat,Squat,"leg_press, leg_extension, lunge, leg_curl",True,barbell,95,80,65,95
36718d86-2834-4390-9ab2-b721ac93d6b8,Lying Bent Knee Raise (Resistance Band),leg_raise,Leg Raise,"crunch, plank, reverse_crunch",False,band,60,85,90,50
36883ede-dbde-4cab-b357-a750cd36263a,Negative Dragon Flag,general_movement,Negative Dragon Flag,,False,bodyweight,70,88,95,65
36905756-85c2-417d-aac5-4311ee207319,Smith Frankenstein Squat,squat,Squat,"leg_press, leg_extension, lunge, leg_curl",False,smith_machine,72,70,25,80
36922d99-7bc0-436d-b4ab-3fcd5a6e1052,Side Bend Arms Above,arm_exercise,Arm Exercise,"bicep_curl, tricep_extension",False,bodyweight,70,88,95,65
3693ac3e-78aa-4061-9de6-d9d1ae42cfe9,Forward Shoulder Rotation Arm Crossover,shoulder_exercise,Shoulder Exercise,"shoulder_press, lateral_raise",False,bodyweight,70,88,95,65
36947c0c-159f-4f76-80ef-09493dc76740,Seated Bent Arm Lateral Raise To Triceps (Dumbbell),lateral_raise,Lateral Raise,"shoulder_press, front_raise, rear_delt_fly",True,dumbbell,92,90,92,90
3697dec9-1aef-4ab8-801c-32d6553a2cc0,Decline One Arm Fly (Dumbbell),fly,Chest Fly,"bench_press, incline_fly, push_up",True,dumbbell,92,90,92,90
369af606-8a69-4213-b7c6-2204e78b0191,Lever Single Arm Neutral Grip Seated Row (plate Lo,cable_row,Cable Row,"lat_pulldown, face_pull, bicep_curl, rear_delt_fly",False,machine,80,75,20,88
369da75b-5340-4603-9ff7-74be142b6e95,Side Lying 90 Degrees Hip Clam,general_movement,Side Lying 90 Degrees Hip Clam,,False,bodyweight,70,88,95,65
36ab0586-a733-4ee9-868b-88b272bb689f,Ring Self Assisted Pull Up,pull_up,Pull Up,"lat_pulldown, bent_over_row, bicep_curl",True,bodyweight,70,88,95,65
36da828d-df16-48dd-b3ea-f4a5cbe94109,Standing Back Squeeze Pulse,back_exercise,Back Exercise,"bent_over_row, lat_pulldown",False,bodyweight,70,88,95,65
36e0eec8-e70b-44e2-8ac2-77859c7d3927,Standing Balance Hip Flexion,general_movement,Standing Balance Hip Flexion,,False,bodyweight,70,88,95,65
36e5d381-7407-4868-81ba-9a6af97bca3c,Inverted Row Bent Knees,inverted_row,Inverted Row,"lat_pulldown, face_pull, bicep_curl, rear_delt_fly",False,bodyweight,70,88,95,65
36e84623-a57a-406a-ad88-fb331ef63a80,L Sit Pull Up,pull_up,Pull Up,"lat_pulldown, bent_over_row, bicep_curl",True,bodyweight,70,88,95,65
36e8c849-32a7-499d-9461-461db9818adb,Walking Backward On A Treadmill,back_exercise,Back Exercise,"bent_over_row, lat_pulldown",False,bodyweight,70,88,95,65
36f0f58b-7262-4527-8767-5c4240238994,Sumo Squat Off Benches (Dumbbell),sumo_squat,Sumo Squat,"leg_press, leg_extension, lunge, leg_curl",False,dumbbell,92,90,92,90
36f6b2f4-0db0-4cdb-8a60-049345b00899,Rolling Plank,plank,Plank,"crunch, leg_raise, russian_twist",True,bodyweight,70,88,95,65
36f96cbd-44a2-4f95-b69b-6c4f6ea1b444,Spine Backbend Stretch,back_stretch,Back Stretch,,False,bodyweight,70,88,95,65
36ff70e3-4534-4236-823f-44a2ed5157f9,Seated External Rotation On A Chair,general_movement,Seated External Rotation On A Chair,,False,bodyweight,70,88,95,65
3702ac55-40db-4761-980b-0f3c396ecc5b,Cradle,general_movement,Cradle,,False,bodyweight,70,88,95,65
370852ee-28a9-440b-8bf5-e1ae0ad8c15c,Yoga Squat Dives,general_stretch,Stretch,,False,bodyweight,70,88,95,65
371c7ca7-c01b-40b7-98db-ff78e4e67bab,Glute Bridge (Resistance Band),glute_bridge,Glute Bridge,"hip_thrust, romanian_deadlift, leg_curl",False,band,60,85,90,50
372c8d7d-2e2d-4eca-a257-51ff5b4d530b,Fly On Exercise Ball (Dumbbell),fly,Chest Fly,"bench_press, incline_fly, push_up",True,dumbbell,92,90,92,90
373334e7-d1df-4554-b64f-82cb9dfaed1f,Bent Over Knee Rotation,general_movement,Bent Over Knee Rotation,,False,bodyweight,70,88,95,65
373451c2-ba83-4d1f-9d32-5e7867079e8b,Seated Piriformis Stretch On A Chair,general_stretch,Stretch,,False,bodyweight,70,88,95,65
37349a9a-578d-4c40-90a9-ad06872e214b,Single Arm Reverse Fly (rack Support) (Dumbbell),rear_delt_fly,Rear Delt Fly,"face_pull, lateral_raise, bent_over_row",False,dumbbell,92,90,92,90
373ad4db-2efb-4728-a332-a81dd46c5cf2,Stand To Stand Bridge,general_movement,Stand To Stand Bridge,,False,bodyweight,70,88,95,65
374f5378-d382-4904-8364-a5f7ae5d330a,Standing Forward Bend Back Squeeze,back_exercise,Back Exercise,"bent_over_row, lat_pulldown",False,bodyweight,70,88,95,65
3767c4cb-9efc-4fef-9b99-687b030ed3d9,Seated Twist Stretch On A Padded Stool,general_stretch,Stretch,,False,bodyweight,70,88,95,65
3776ec60-01d8-4880-b5bd-b75eafab36f1,Close Grip Press (Dumbbell),press,Press,"bench_press, shoulder_press",False,dumbbell,92,90,92,90
37857206-a793-462c-b3df-f0af7f4e0672,Leg Over Knee Glute Bridge,glute_bridge,Glute Bridge,"hip_thrust, romanian_deadlift, leg_curl",False,bodyweight,70,88,95,65
37983ebc-fa7f-4574-a55a-448094a6ce11,Sumo Squat Jack,sumo_squat,Sumo Squat,"leg_press, leg_extension, lunge, leg_curl",False,bodyweight,70,88,95,65
37a91419-cdb5-4586-b9c0-9fd7f5f8e785,Roll And Side Twist (stabilitity Ball),core_exercise,Core Exercise,"crunch, plank",False,bodyweight,70,88,95,65
37cfbbdc-da51-4197-bc5f-1fd506d3da14,Seated Curl (Dumbbell),bicep_curl,Bicep Curl,"hammer_curl, preacher_curl, tricep_extension",True,dumbbell,92,90,92,90
37cfd90d-672d-4723-a69b-e5a30bc29990,Roll Calves,general_movement,Roll Calves,,False,bodyweight,70,88,95,65
37d9dfbb-8c99-44a2-bc21-2613fde25aca,Reverse Grip Decline Bench Press (Barbell),decline_bench_press,Decline Bench Press,"bench_press, dip, fly",False,barbell,95,80,65,95
37e7ad38-1a3f-45fa-b889-6417f1bbc9c9,Standing Ab Twist Wall Touch,core_exercise,Core Exercise,"crunch, plank",False,bodyweight,70,88,95,65
37e9eb00-3a5e-4106-aa43-7ec1e61247ea,Seated Lean Back Cycling On A Chair,cycling,Cycling,,False,bodyweight,70,88,95,65
37f92470-ca62-45d3-8e9d-0b92fdb3bb29,Hammer Curl (Dumbbell),hammer_curl,Hammer Curl,"bicep_curl, preacher_curl, reverse_curl",True,dumbbell,92,90,92,90
380af61c-1b03-4694-8419-add61edceec7,Elevated Staggered Leg Hip Thrust,hip_thrust,Hip Thrust,"glute_bridge, romanian_deadlift, leg_curl",False,bodyweight,70,88,95,65
3818f6aa-a425-42e3-934c-83b66d8f93f3,Seated Pec Dec On A Chair,general_movement,Seated Pec Dec On A Chair,,False,bodyweight,70,88,95,65
3821c244-c330-43f5-b68e-07917a686d67,Standing Eagle Up And Left,general_movement,Standing Eagle Up And Left,,False,bodyweight,70,88,95,65
38291caf-3c88-452e-9433-dad4824c7a38,Palms Above Head Elbow Squeeze,core_exercise,Core Exercise,"crunch, plank",False,bodyweight,70,88,95,65
382f34d0-5692-492e-8dc4-4430c117ba60,Seated Preacher Curl (Dumbbell),preacher_curl,Preacher Curl,"bicep_curl, hammer_curl, concentration_curl",False,dumbbell,92,90,92,90
38367381-4c76-4217-9503-a478d293c125,Glute Bridge Hold With Kick,glute_bridge,Glute Bridge,"hip_thrust, romanian_deadlift, leg_curl",False,bodyweight,70,88,95,65
3850ba17-e3ca-470e-9475-290f3c21290f,Ipsilateral Single Leg Stiff Leg Deadlift (Dumbbell),stiff_leg_deadlift,Stiff Leg Deadlift,"romanian_deadlift, bent_over_row, hip_thrust, squat",False,dumbbell,92,90,92,90
386f13eb-34e8-42e2-9cfe-c67338a4bdf5,Around The World Superman Hold,general_movement,Around The World Superman Hold,,False,bodyweight,70,88,95,65
387036fa-8177-41c9-a072-90d6e2e8bfd6,Standing Arnold Press (Bodyweight),arnold_press,Arnold Press,"shoulder_press, lateral_raise, front_raise",False,bodyweight,70,88,95,65
3875fa75-6bc9-4f41-8ce4-a972330db3e9,Standing Arms Forward Arm Crossover,arm_exercise,Arm Exercise,"bicep_curl, tricep_extension",False,bodyweight,70,88,95,65
38818c4b-14df-4179-9b1d-1aba018f357b,Incline Triceps Extension (Kettlebell),tricep_extension,Tricep Extension,"tricep_pushdown, skull_crusher, dip, bicep_curl",False,kettlebell,75,85,85,78
3885117e-9acb-4a31-9961-d308f817925f,Lying Single Leg Extension,leg_extension,Leg Extension,"squat, leg_press, leg_curl",False,bodyweight,70,88,95,65
388bca5c-a22d-4df6-8072-d8704b8627e8,Calf Side To Side Jump,calf_raise,Calf Raise,leg_press,False,bodyweight,70,88,95,65
3895be36-2c34-45d0-9385-56c17fe9a313,Wheel Rollout,general_movement,Wheel Rollout,,False,bodyweight,70,88,95,65
38a1b5e4-7d53-4420-8dbb-e54330c96671,Burpee Tuck Jump,burpee,Burpee,"push_up, squat_jump, mountain_climber",True,bodyweight,70,88,95,65
38ad4506-5305-4975-a7b8-5b4cdd3fb050,Weighted Plate Standing Biceps Curl,bicep_curl,Bicep Curl,"hammer_curl, preacher_curl, tricep_extension",False,bodyweight,70,88,95,65
38c9d9dc-1a9b-4001-8e8b-93bb71d50900,Single Leg Hopping,leg_exercise,Leg Exercise,"squat, leg_press",False,bodyweight,70,88,95,65
38d01d35-3220-4794-ba5d-833bbc70aa5f,Standing Wood Chopper (Cable),woodchop,Woodchop,"russian_twist, oblique_crunch, plank",False,cable,85,88,30,92
38d96122-6df7-4855-93fa-a3f3b2c8c641,Duck Side Punch,general_movement,Duck Side Punch,,False,bodyweight,70,88,95,65
38fb40e9-2c1f-42a6-a83e-df1db063f3ad,Standing Front Raise Above Head (Dumbbell),front_raise,Front Raise,"shoulder_press, lateral_raise, incline_bench_press",True,dumbbell,92,90,92,90
38fc8504-c72e-4980-b1f7-f9fe6204a646,Body Throw,bent_over_row,Bent Over Row,"lat_pulldown, face_pull, bicep_curl, rear_delt_fly",False,bodyweight,70,88,95,65
3903d4e9-d61a-40c7-9135-cd3b817287c1,Svend Bench Press,bench_press,Bench Press,"incline_bench_press, fly, tricep_pushdown, dip",False,bodyweight,70,88,95,65
390463be-edfb-440a-a6d9-15fac58a3c37,Standing Reverse Curl Rotate (Dumbbell),reverse_curl,Reverse Curl,"bicep_curl, hammer_curl, wrist_curl",False,dumbbell,92,90,92,90
39092353-9e99-43f6-90c2-fb016ff398c0,Stepjack Inner Biceps Curl,bicep_curl,Bicep Curl,"hammer_curl, preacher_curl, tricep_extension",False,bodyweight,70,88,95,65
390ce985-b6c1-4268-8e1a-e86316a573ed,Standing Shoulders Full Flexion,shoulder_exercise,Shoulder Exercise,"shoulder_press, lateral_raise",False,bodyweight,70,88,95,65
391e2412-7adc-4d2e-b782-dfc945914f92,Standing Hip Frontal Rotation Arm Bounces,arm_exercise,Arm Exercise,"bicep_curl, tricep_extension",False,bodyweight,70,88,95,65
391ea3dc-99a6-4154-9971-abc33d841c2f,Lever Seated Leg Press,leg_press,Leg Press,"squat, leg_extension, leg_curl, hack_squat",True,machine,80,75,20,88
392344a8-0214-4512-99ef-3134b3df8cac,Side Plank Butt,side_plank,Side Plank,"crunch, leg_raise, russian_twist",False,bodyweight,70,88,95,65
3926ff6a-dd2a-4c75-aa96-6af13d45cd17,One Arm Dip,dip,Dip,"bench_press, tricep_pushdown, push_up",True,bodyweight,70,88,95,65
392d4a1c-3ac8-4498-92b7-c25967ea1c4b,Seated Alternate Front Raise (Dumbbell),front_raise,Front Raise,"shoulder_press, lateral_raise, incline_bench_press",True,dumbbell,92,90,92,90
39341a48-1602-47b8-82b7-175c25336b1e,Knee To Hand Tap (Bodyweight),general_movement,Knee To Hand Tap,,False,bodyweight,70,88,95,65
39372617-d627-4926-8532-0db251e426d5,Preacher Curl (Cable),preacher_curl,Preacher Curl,"bicep_curl, hammer_curl, concentration_curl",False,cable,85,88,30,92
394aa1e6-7b59-47d7-af97-c1b72bfa6b0f,Around Head Rotation (Bodyweight),general_movement,Around Head Rotation,,False,bodyweight,70,88,95,65
396b8e72-9b79-4b13-b4e9-aa434f0dda2b,Cross Over Lateral Pulldown (Cable),lat_pulldown,Lat Pulldown,"pull_up, bent_over_row, bicep_curl, face_pull",True,cable,85,88,30,92
39787fc0-36f3-4909-ba0d-a09023b64841,Lying Floor Skullcrusher (Dumbbell),general_movement,Lying Floor Skullcrusher,,False,dumbbell,92,90,92,90
397ab3b1-da95-4d6b-8ac2-8005e6336106,All Fours Squad Stretch,quad_stretch,Quad Stretch,,False,bodyweight,70,88,95,65
397cb302-2f61-46f8-b878-ba607fb8846c,Lying Bicycle Crunch,bicycle_crunch,Bicycle Crunch,"leg_raise, plank, russian_twist",False,bodyweight,70,88,95,65
397e37c7-249f-47af-9984-3518545f4801,Standing Balance Glute Kickback (Resistance Band),back_exercise,Back Exercise,"bent_over_row, lat_pulldown",False,band,60,85,90,50
3985f706-95e4-4972-aa6e-a624a511e2fd,Bent Over Alternate Twist Row (Kettlebell),bent_over_row,Bent Over Row,"lat_pulldown, face_pull, bicep_curl, rear_delt_fly",False,kettlebell,75,85,85,78
3997cc81-9f88-4b15-9cd0-f048153ad363,Lever Leg Press (plate Loaded),leg_press,Leg Press,"squat, leg_extension, leg_curl, hack_squat",True,machine,80,75,20,88
399d33fe-6d95-4d0c-8308-8f89a26ebf17,Cross Arms Triceps Extension,tricep_extension,Tricep Extension,"tricep_pushdown, skull_crusher, dip, bicep_curl",False,bodyweight,70,88,95,65
39a15a28-5cdf-462f-850e-88c7b8d1011d,Swimming Crawl Style,general_movement,Swimming Crawl Style,,False,bodyweight,70,88,95,65
39a6fc7f-32bf-4488-8bac-6719047e4f2a,Elevated Row (Cable),bent_over_row,Bent Over Row,"lat_pulldown, face_pull, bicep_curl, rear_delt_fly",False,cable,85,88,30,92
39abb604-5071-401b-90bd-8d1b811af2cb,Horizontal Pallof Press (Resistance Band),press,Press,"bench_press, shoulder_press",False,band,60,85,90,50
39b5bbe4-1ea5-4b26-b7b8-19fbf10cc383,Lever Romanian Deadlift (plate Loaded),romanian_deadlift,Romanian Deadlift,"romanian_deadlift, bent_over_row, hip_thrust, squat",False,machine,80,75,20,88
39bab578-d7ea-440a-9414-f35b07ff97b6,Seated Open Knee Leg Raise On A Chair,leg_raise,Leg Raise,"crunch, plank, reverse_crunch",False,bodyweight,70,88,95,65
39bb2060-80b4-4f54-88bc-87e986fc721f,Iron Cross Plank,plank,Plank,"crunch, leg_raise, russian_twist",True,bodyweight,70,88,95,65
39c1d659-3cb4-4b86-a75b-923254d65dba,Crunch (on Bosu Ball),crunch,Crunch,"leg_raise, plank, russian_twist",True,bodyweight,70,88,95,65
39c5a3b2-d613-4caa-bf73-a7cb2c0cffe1,Kneeling Plank Tap Shoulder,plank,Plank,"crunch, leg_raise, russian_twist",True,bodyweight,70,88,95,65
39d74a50-1dbd-4c86-979f-f40556164562,Side Crunch Against Wall,oblique_crunch,Oblique Crunch,"leg_raise, plank, russian_twist",False,bodyweight,70,88,95,65
39da5ed3-c551-45e5-8eb8-16b3687f41ca,Lying Back Of The Head Triceps Extension (Barbell),tricep_extension,Tricep Extension,"tricep_pushdown, skull_crusher, dip, bicep_curl",False,barbell,95,80,65,95
39df918d-c1ad-46d6-ac29-0a40c888a4bf,Shuffle Hops,general_movement,Shuffle Hops,,False,bodyweight,70,88,95,65
39e68acd-12ff-4dde-8863-a4473f34f03f,Kneeling Body Mobilization On Exercise Ball,general_stretch,Stretch,,False,bodyweight,70,88,95,65
39e6aaae-00da-43a4-8e8c-268f5f8d01f5,Reverse Crunch (Cable),reverse_crunch,Reverse Crunch,"leg_raise, plank, russian_twist",False,cable,85,88,30,92
39f3241d-39a5-439e-b2ae-ce775bbf87e2,Seated Twist (Barbell),general_movement,Seated Twist,,False,barbell,95,80,65,95
3a1a6f53-f2a1-476f-a0f9-eca5dd251d8d,Reverse Grip Pushdown (Cable),tricep_pushdown,Tricep Pushdown,"tricep_extension, skull_crusher, dip",True,cable,85,88,30,92
3a251c33-3f2c-4da6-a020-f977f774413e,Chest Dip,dip,Dip,"bench_press, tricep_pushdown, push_up",True,bodyweight,70,88,95,65
3a434947-c8ad-46b2-9bcb-7afba1e36ff3,Sitting Alternate Abduction Twist On A Chair,hip_abduction,Hip Abduction,"hip_adduction, glute_kickback, hip_thrust",False,bodyweight,70,88,95,65
3a447802-4105-4840-8e70-9fa6fba2cb4b,One Arm Bench Fly (Dumbbell),fly,Chest Fly,"bench_press, incline_fly, push_up",True,dumbbell,92,90,92,90
3a66e78d-90b2-4bdf-8a42-d6e4ab3e01a1,Standing Hamstring And Calf Stretch With Starp,hamstring_stretch,Hamstring Stretch,,False,bodyweight,70,88,95,65
3a6c02dc-c298-442e-9885-239531ececec,Front Plank Arm Leg Raise (Dumbbell),leg_raise,Leg Raise,"crunch, plank, reverse_crunch",False,dumbbell,92,90,92,90
3a6e5282-9fdf-40cb-b6b4-1a153241bf04,Upper Chest Crossovers (Cable),chest_exercise,Chest Exercise,"bench_press, fly",False,cable,85,88,30,92
3a6ec461-4c60-4e11-b35e-2306af5599f2,Straight Leg Deadlift (Dumbbell),stiff_leg_deadlift,Stiff Leg Deadlift,"romanian_deadlift, bent_over_row, hip_thrust, squat",False,dumbbell,92,90,92,90
3a73463a-ebd1-4a29-9a71-647268b14697,Side Lying Knee Circle Kick,general_movement,Side Lying Knee Circle Kick,,False,bodyweight,70,88,95,65
3a8646be-cb91-42ec-88e5-3e8f308bf986,Lying Air Punch,general_movement,Lying Air Punch,,False,bodyweight,70,88,95,65
3a8f0828-8247-431c-b4b4-b3bace6bf8ba,Side To Side Push Up,push_up,Push Up,"bench_press, fly, dip, tricep_extension",True,bodyweight,70,88,95,65
3a96f9d5-c995-4947-88b0-772b82f5e604,March On Spot Biceps Curl,bicep_curl,Bicep Curl,"hammer_curl, preacher_curl, tricep_extension",False,bodyweight,70,88,95,65
3aa19964-69f2-4d2e-9cb6-c6886ed7f31e,Shoulder Backbend Stretch,shoulder_stretch,Shoulder Stretch,,False,bodyweight,70,88,95,65
3aa22bb6-8837-47d3-9440-1854be99a283,Seated Front Raise (Dumbbell),front_raise,Front Raise,"shoulder_press, lateral_raise, incline_bench_press",True,dumbbell,92,90,92,90
3aa69f71-e35e-43e8-ba7e-da06d8ffdd2e,Seated High Triceps Extension (Cable),tricep_extension,Tricep Extension,"tricep_pushdown, skull_crusher, dip, bicep_curl",False,cable,85,88,30,92
3aaf498e-d47d-475b-b393-23706ce82d07,Iron Cross Stretch,general_stretch,Stretch,,False,bodyweight,70,88,95,65
3aafe915-f2fa-440a-af14-778d0c2d104a,Arms Up Rotational Side Step,arm_exercise,Arm Exercise,"bicep_curl, tricep_extension",False,bodyweight,70,88,95,65
3ab15a9d-4ef5-428f-a1e7-c4cbac9a6715,Step Up On Stepbox (Bodyweight),step_up,Step Up,"lunge, split_squat, squat",False,bodyweight,70,88,95,65
3abc3535-c561-4518-9d86-698b1620c280,Hand Spring Wrist Curl,wrist_curl,Wrist Curl,"reverse_curl, bicep_curl",False,bodyweight,70,88,95,65
3ac0cad0-7014-4c96-9c80-65e5667778d8,Wide Stance Thoracic Rotation,general_movement,Wide Stance Thoracic Rotation,,False,bodyweight,70,88,95,65
3ac1e1ec-3f25-4431-abc3-05e4d9bf06f0,Sun Salutation B,general_movement,Sun Salutation B,,False,bodyweight,70,88,95,65
3accbe17-c089-4951-a887-8dc56befdb20,Hammer Preacher Curl (Dumbbell),preacher_curl,Preacher Curl,"bicep_curl, hammer_curl, concentration_curl",False,dumbbell,92,90,92,90
3ad7aaed-c739-446a-b6e1-10aba050e664,Ring Inverted Row Parallel To The Floor,inverted_row,Inverted Row,"lat_pulldown, face_pull, bicep_curl, rear_delt_fly",False,bodyweight,70,88,95,65
3ae62edd-4f58-4989-8ae2-f49850295476,Alternate Leg Raise From Reverse Plank Position,leg_raise,Leg Raise,"crunch, plank, reverse_crunch",False,bodyweight,70,88,95,65
3b088f31-b247-4bdd-b6d6-38597f5336f6,Incline Push Up,incline_push_up,Incline Push Up,"bench_press, fly, dip, tricep_extension",False,bodyweight,70,88,95,65
3b090305-a3da-4eca-ab11-932ec6f44eeb,Side Hip (on Parallel Bars),general_movement,Side Hip,,False,bodyweight,70,88,95,65
3b0b5a81-d896-49b9-bb11-201d27f8fe14,Seated Back Press,press,Press,"bench_press, shoulder_press",False,bodyweight,70,88,95,65
3b1744fd-969e-4747-a6d3-fe544d5a9470,Seated Isometric Hold Pull Up,pull_up,Pull Up,"lat_pulldown, bent_over_row, bicep_curl",True,bodyweight,70,88,95,65
3b1bb9c6-97ce-4d6a-92ae-c12683ed351a,Frog Reverse Hyperextension Tap On Floor,back_extension,Back Extension,"romanian_deadlift, good_morning, glute_bridge",False,bodyweight,70,88,95,65
3b200d2a-0a40-4827-bf4a-6b621d0d8aab,Lying Back Extension,back_extension,Back Extension,"romanian_deadlift, good_morning, glute_bridge",False,bodyweight,70,88,95,65
3b2fe3a8-5fc8-48c3-87a1-9adf7c1e97c0,Lever Lateral Raise With Chest Support,lateral_raise,Lateral Raise,"shoulder_press, front_raise, rear_delt_fly",False,machine,80,75,20,88
3b4bf026-82fc-40e7-bdf0-76d3d2f7d834,Lying Hamstring Curl (Dumbbell),bicep_curl,Bicep Curl,"hammer_curl, preacher_curl, tricep_extension",True,dumbbell,92,90,92,90
3b4d330e-fdb5-42bd-ac17-7af2586cea61,Weighted Hyperextension,back_extension,Back Extension,"romanian_deadlift, good_morning, glute_bridge",False,bodyweight,70,88,95,65
3b52b631-8557-4901-908c-11737f7d7b8c,Cobra To Side Shoulder Stretch,shoulder_stretch,Shoulder Stretch,,False,bodyweight,70,88,95,65
3b634541-26db-419b-897b-58ffaa0ad3cd,Standing Rest Pose (front Pov),general_stretch,Stretch,,False,bodyweight,70,88,95,65
3b64904c-1ef2-4d7b-9b26-89258355017a,Single Curtsy Lunge,lunge,Lunge,"split_squat, step_up, squat, leg_press",False,bodyweight,70,88,95,65
3b6ccd0e-cb4e-4ef0-8e65-0acf07934afe,Lever Seated One Leg Curl,seated_leg_curl,Seated Leg Curl,"romanian_deadlift, hip_thrust, leg_extension",False,machine,80,75,20,88
3b7e2779-3db2-42a4-895a-9a689e85e497,Side Camel,general_movement,Side Camel,,False,bodyweight,70,88,95,65
3ba0355a-7194-4a45-b5e1-2def5bae7e52,Neck Stretch With Hand Assisted,general_stretch,Stretch,,False,bodyweight,70,88,95,65
3ba47611-cf4c-4d62-b4d7-39cdb4290700,Sitting Scapular Adduction On Stability Ball,hip_adduction,Hip Adduction,"hip_abduction, sumo_squat, lunge",False,bodyweight,70,88,95,65
3ba50c1b-17ee-4fa7-a12a-cc9a6a75aeb3,Lever Bulgarian Split Squat (plate Loaded),split_squat,Split Squat,"leg_press, leg_extension, lunge, leg_curl",False,machine,80,75,20,88
3baee0dd-7a4e-4ba6-b84d-88ad9bc1dcde,Forearm Pronation (Cable),arm_exercise,Arm Exercise,"bicep_curl, tricep_extension",False,cable,85,88,30,92
3bc4445a-9542-461e-a2a7-fc3691afd53d,Plank Hands Tap Feet Tap,plank,Plank,"crunch, leg_raise, russian_twist",True,bodyweight,70,88,95,65
3bc799c7-d3ae-407d-9e21-9c3ed863be65,Suspender Single Leg Squat,squat,Squat,"leg_press, leg_extension, lunge, leg_curl",False,bodyweight,70,88,95,65
3bd2c90e-d07a-46a3-962b-726f35ee098b,Glute Bridge Two Legs With Chair,glute_bridge,Glute Bridge,"hip_thrust, romanian_deadlift, leg_curl",False,bodyweight,70,88,95,65
3bd78227-fd79-48a1-ab70-3e51b897a69f,Circles Elbow Arm,arm_exercise,Arm Exercise,"bicep_curl, tricep_extension",False,bodyweight,70,88,95,65
3bdd85b0-0b4b-4224-98fa-f4fc64bc3e24,Plank On Elbows Toe Tap,plank,Plank,"crunch, leg_raise, russian_twist",True,bodyweight,70,88,95,65
3bdf5b8d-1ccd-4684-b19b-9fa5bcd72c4d,Standing Elbow Touch,general_movement,Standing Elbow Touch,,False,bodyweight,70,88,95,65
3be0914d-a34d-452c-b1de-69bd8d1a1d3f,Straight Hip Single Leg Curl On Stability Ball,leg_curl,Leg Curl,"romanian_deadlift, hip_thrust, leg_extension",False,bodyweight,70,88,95,65
3bef0c22-1400-46bf-8c18-b5ebe60d6730,Frog Squat,squat,Squat,"leg_press, leg_extension, lunge, leg_curl",False,bodyweight,70,88,95,65
3bfc433b-1ef1-4a78-abdb-c655a111e122,Decline Knee Raise,leg_raise,Leg Raise,"crunch, plank, reverse_crunch",False,bodyweight,70,88,95,65
3c00d849-7794-4082-a605-e658d31847cb,Sitting Lateral Costal Breathing,general_movement,Sitting Lateral Costal Breathing,,False,bodyweight,70,88,95,65
3c021473-06e4-4ca2-a615-38872ae7a9ce,Alternating Squat And Reach,squat,Squat,"leg_press, leg_extension, lunge, leg_curl",False,bodyweight,70,88,95,65
3c1e8a1b-ca90-414c-a1fb-84f56d7e91c0,Seated Shoulder Press (parallel Grip) (Dumbbell),shoulder_press,Shoulder Press,"lateral_raise, front_raise, tricep_extension",False,dumbbell,92,90,92,90
3c274bc1-c5bd-4ce9-923a-8cb554b996ea,Hands To Feet Pada Hastasana,general_movement,Hands To Feet Pada Hastasana,,False,bodyweight,70,88,95,65
3c33e024-8b0c-4e75-a57e-6e02290b92a9,Ed Feet Sit Up Stand,crunch,Crunch,"leg_raise, plank, russian_twist",True,bodyweight,70,88,95,65
3c359332-66e0-48fe-a004-6a659e98bd69,Squat Hold Calf Raise (Dumbbell),squat,Squat,"leg_press, leg_extension, lunge, leg_curl",False,dumbbell,92,90,92,90
3c44a31d-1028-40f9-8bbc-5b5af2015998,Side Toe Tap Wall Supported,general_movement,Side Toe Tap Wall Supported,,False,bodyweight,70,88,95,65
3c4f8834-a41c-49e3-8f56-4d018e83d0cb,Overhead Single Arm Triceps Extension (versio (Band),overhead_tricep_extension,Overhead Tricep Extension,"tricep_pushdown, skull_crusher, dip, bicep_curl",False,band,60,85,90,50
3c6545f4-8507-45f7-8472-f1dad52d0bd1,Close Grip Chin Up,chin_up,Chin Up,"lat_pulldown, bent_over_row, bicep_curl",True,bodyweight,70,88,95,65
3c8bdeab-bbd7-4b0e-ab73-5483ecf243f8,Seated Back Stretch On A Chair,back_stretch,Back Stretch,,False,bodyweight,70,88,95,65
3c8d0bd5-3066-48d1-89f7-3d1242d5c8de,Ring Skin The Cat,general_movement,Ring Skin The Cat,,False,bodyweight,70,88,95,65
3c8f754a-7b89-4a86-a366-fa32f100f2d8,Standing Lat Pulldown (Resistance Band),lat_pulldown,Lat Pulldown,"pull_up, bent_over_row, bicep_curl, face_pull",False,band,60,85,90,50
3c91c83c-3f19-4903-aab5-4a21212c6812,Spider Crawl,general_movement,Spider Crawl,,False,bodyweight,70,88,95,65
3c91d87d-27c3-4501-bf84-8de0606f4221,Lever Chest Press (plate Loaded),chest_press,Chest Press,"bench_press, fly, tricep_pushdown",True,machine,80,75,20,88
3c9e3c3b-e92c-45e9-b856-9381c4a35e78,Push Up To Side Plank,push_up,Push Up,"bench_press, fly, dip, tricep_extension",True,bodyweight,70,88,95,65
3ca2eae7-cd9c-4c47-9947-63cda95bc952,Patrick Step From Stepbox (Bodyweight),general_movement,Patrick Step From Stepbox,,False,bodyweight,70,88,95,65
3ca52d33-37c0-4fbe-9341-fcf5968b7004,Side Step Diagonal Punches,general_movement,Side Step Diagonal Punches,,False,bodyweight,70,88,95,65
3cc23a84-eb74-433e-a6d1-4fa2cf59f27a,Shoulders Tap Front Step,shoulder_exercise,Shoulder Exercise,"shoulder_press, lateral_raise",False,bodyweight,70,88,95,65
3cc88a40-b77c-41f5-b0ca-4ef6a8d1ec87,Seated Alternate Arms Archer Back Rotation,back_exercise,Back Exercise,"bent_over_row, lat_pulldown",False,bodyweight,70,88,95,65
3ce1e6a7-b4a7-4ed6-b2e5-2e241c8b9fa5,Weighted Donkey Kickback,back_exercise,Back Exercise,"bent_over_row, lat_pulldown",False,bodyweight,70,88,95,65
3cf81511-8d54-4816-8b78-6bdd91183583,Chest Dip (on Dip Pull Up Cage),dip,Dip,"bench_press, tricep_pushdown, push_up",True,bodyweight,70,88,95,65
3cffb075-3e86-4b8e-9491-15223c2714f0,Lying Ankle Tap To Star Pose,general_stretch,Stretch,,False,bodyweight,70,88,95,65
3d0d02ac-4ce2-4e0d-8c61-070efd59ee2b,Seated Stick Pass Around Stretch,general_stretch,Stretch,,False,bodyweight,70,88,95,65
3d0d0b21-fffd-4af8-b84b-b3918a9766b2,Hip Crunch,crunch,Crunch,"leg_raise, plank, russian_twist",True,bodyweight,70,88,95,65
3d0d1e3a-f405-4bf1-8989-87db3f1fe997,Superman Back Raise,raise,Raise,"lateral_raise, front_raise",False,bodyweight,70,88,95,65
3d1f92e9-c042-4446-9384-2ff0d8f8abbd,Bosu Ball Goblet Squat (Dumbbell),goblet_squat,Goblet Squat,"leg_press, leg_extension, lunge, leg_curl",False,dumbbell,92,90,92,90
3d2239d6-42ab-4ab8-a197-07206482fc72,Seated Wide Angle Pose Sequence,general_stretch,Stretch,,False,bodyweight,70,88,95,65
3d5ec05b-e952-4051-bfe8-3af8ff51f725,Jog And Drop,running,Running,,False,bodyweight,70,88,95,65
3d60777c-4c2d-4d69-ac5a-2e58fe3e95fc,Smith Decline Reverse Grip Press,press,Press,"bench_press, shoulder_press",False,smith_machine,72,70,25,80
3d66dc8c-4e2b-44f3-933e-fac5b3f1c81f,Suspender Triceps Extension Push Up,push_up,Push Up,"bench_press, fly, dip, tricep_extension",True,bodyweight,70,88,95,65
3d72683b-2334-404f-9cc8-fa359bb89ab1,Trunk Twist Hop,running,Running,,False,bodyweight,70,88,95,65
3d7dc0b4-59bb-4106-99d4-a4ef8cb30996,Rocky Pull Up Pulldown,lat_pulldown,Lat Pulldown,"pull_up, bent_over_row, bicep_curl, face_pull",False,bodyweight,70,88,95,65
3d81dc36-9ea1-47ed-8171-e1e6f481d801,Half Plyo Squat Twist,squat,Squat,"leg_press, leg_extension, lunge, leg_curl",False,bodyweight,70,88,95,65
3d93cff7-7af5-4b3c-a568-1422939cd5a1,Kneeling One Arm Pulldown (Band),lat_pulldown,Lat Pulldown,"pull_up, bent_over_row, bicep_curl, face_pull",False,band,60,85,90,50
3d961f18-5867-4a05-98a6-9488aa8175f6,Lever Torso Rotation,general_movement,Lever Torso Rotation,,False,machine,80,75,20,88
3d99e6b8-fbde-4feb-838f-21108c18c3e7,Incline Reverse Grip 30 Degrees Bench Pre (Dumbbell),general_movement,Incline Reverse Grip 30 Degrees Bench Pre,,False,dumbbell,92,90,92,90
3d9fc208-6f73-405c-bc90-e1156aecde6f,Hip Raise Bridge,raise,Raise,"lateral_raise, front_raise",False,bodyweight,70,88,95,65
3dab2fd4-b248-4f74-a087-a5624d6b92d4,Balance Disk Standing,general_movement,Balance Disk Standing,,False,bodyweight,70,88,95,65
3daef9ee-1fa0-4600-9544-e61d7dfc8cd7,Side Lying Inner Thigh Up And Down (Bodyweight),general_movement,Side Lying Inner Thigh Up And Down,,False,bodyweight,70,88,95,65
3dbf5f39-f715-41b9-a52e-cc6a038435ef,Standing Front Shoulder Tap,shoulder_exercise,Shoulder Exercise,"shoulder_press, lateral_raise",False,bodyweight,70,88,95,65
3dc2db0f-86b8-495d-a5de-395fd92ede14,Top Pull Up Hold,pull_up,Pull Up,"lat_pulldown, bent_over_row, bicep_curl",True,bodyweight,70,88,95,65
3dc95221-1367-4719-aabc-35626d1d61d2,Seated Hip External Rotator And Hip Extensor Stret,general_movement,Seated Hip External Rotator And Hip Extensor Stret,,False,bodyweight,70,88,95,65
3dceeee4-4317-484a-b192-4b1a67897177,Pulsing Glute Bridge,glute_bridge,Glute Bridge,"hip_thrust, romanian_deadlift, leg_curl",False,bodyweight,70,88,95,65
3dd71c0d-036c-46cd-896c-5a0f1f65e0c1,Suspender Single Leg Plank (straight Arm),plank,Plank,"crunch, leg_raise, russian_twist",True,bodyweight,70,88,95,65
3ddc7edd-cb0a-41ca-8da5-e1e5e232fc08,Cross Mountain Climber Against Wall,mountain_climber,Mountain Climber,"plank, burpee, high_knees",False,bodyweight,70,88,95,65
3deee593-a92f-4b85-84f4-ae9850b2a1a7,Side Step Squat Touchdown,squat,Squat,"leg_press, leg_extension, lunge, leg_curl",False,bodyweight,70,88,95,65
3df74966-9918-44dc-ae70-4e53c42c533f,Squat Front Kick,front_squat,Front Squat,"leg_press, leg_extension, lunge, leg_curl",False,bodyweight,70,88,95,65
3dfbeb58-123f-4ab7-a69d-bc60a5acfe05,Squat (Band),squat,Squat,"leg_press, leg_extension, lunge, leg_curl",False,band,60,85,90,50
3e179adc-fe8c-479f-b206-a96ac3e7ade2,Standing One Arm Triceps Extension (Cable),tricep_extension,Tricep Extension,"tricep_pushdown, skull_crusher, dip, bicep_curl",False,cable,85,88,30,92
3e368d3b-3569-4ece-999f-f3bca7583566,Triceps Kickback (Band),tricep_kickback,Tricep Kickback,"tricep_extension, tricep_pushdown, dip",False,band,60,85,90,50
3e378734-b45f-41c7-a31a-8e619b455fa2,Side Step Swing,general_movement,Side Step Swing,,False,bodyweight,70,88,95,65
3e474314-97ae-4a23-9a98-25acd949fd30,Landmine Squat With Linebacker Attachment,squat,Squat,"leg_press, leg_extension, lunge, leg_curl",False,bodyweight,70,88,95,65
3e483378-80e3-4d56-86ea-7bb560d55144,Assisted Triceps Dip (kneeling),dip,Dip,"bench_press, tricep_pushdown, push_up",True,bodyweight,70,88,95,65
3e524c8b-62cb-4cb5-b853-663b8ab01f75,Wide Air Squat,squat,Squat,"leg_press, leg_extension, lunge, leg_curl",False,bodyweight,70,88,95,65
3e5628c1-89cc-4f9c-9201-af5bf1e583e0,Lying Superman Soar,general_movement,Lying Superman Soar,,False,bodyweight,70,88,95,65
3e562974-a172-4d8c-8f9c-9234bfe6c31a,Lying Alternate Back Raise,raise,Raise,"lateral_raise, front_raise",False,bodyweight,70,88,95,65
3e67335a-64f4-4a76-ae62-f11763cd5e0d,Alternating Oblique Crunch,oblique_crunch,Oblique Crunch,"leg_raise, plank, russian_twist",False,bodyweight,70,88,95,65
3e69e953-5cfe-40c0-a31c-777c414ba3fe,Overhead Single Arm Triceps Extension (Band),overhead_tricep_extension,Overhead Tricep Extension,"tricep_pushdown, skull_crusher, dip, bicep_curl",False,band,60,85,90,50
3e6a3c89-d623-40a6-8f8b-6cc04cc68cc8,Contralateral Glute Bridge Single Arm Che (Dumbbell),glute_bridge,Glute Bridge,"hip_thrust, romanian_deadlift, leg_curl",False,dumbbell,92,90,92,90
3e6d2469-a115-41f1-b8c1-ea6eeb3c8471,Upright Row (back Pov) (Dumbbell),upright_row,Upright Row,"lateral_raise, shrug, shoulder_press",False,dumbbell,92,90,92,90
3e741605-211b-4070-b1fd-3d7e1368720e,Seated Revers Grip Concentration Curl (Dumbbell),concentration_curl,Concentration Curl,"bicep_curl, preacher_curl, hammer_curl",True,dumbbell,92,90,92,90
3e944edd-46bd-46da-9341-e03052bb81d1,Lying Triceps Extension (Rope) (Cable),skull_crusher,Skull Crusher,"tricep_extension, tricep_pushdown, dip",False,cable,85,88,30,92
3e963ad2-eedd-4a7e-8c31-29140e33bcf6,Seated Marching On A Chair,general_movement,Seated Marching On A Chair,,False,bodyweight,70,88,95,65
3ea3d23e-7b6e-409d-b20a-f2fc8b0c5d24,Thruster (Bodyweight),thruster,Thruster,"front_squat, shoulder_press, clean",False,bodyweight,70,88,95,65
3ea699fd-5fb6-49bd-85fe-88e554fb5ea5,Renegade Row (Dumbbell),bent_over_row,Bent Over Row,"lat_pulldown, face_pull, bicep_curl, rear_delt_fly",False,dumbbell,92,90,92,90
3eaa7244-262a-4212-be0e-bd086c77dbff,Standing Hamstring Calf Stretch,hamstring_stretch,Hamstring Stretch,,False,bodyweight,70,88,95,65
3eb7c021-e68c-4249-bdad-4ef91e84dc32,Standing Bent Knee Calf Raise From Deficit (Barbell),calf_raise,Calf Raise,leg_press,False,barbell,95,80,65,95
3ec6ceee-5a8c-403e-b225-13872480733b,One Arm Front Raise (Cable),front_raise,Front Raise,"shoulder_press, lateral_raise, incline_bench_press",False,cable,85,88,30,92
3ed6fb12-56c2-4e9f-89c1-41aa6d29138d,Lying Upright Row (SZ Bar) (Cable),upright_row,Upright Row,"lateral_raise, shrug, shoulder_press",False,cable,85,88,30,92
3ed9fd51-84d8-49cb-b147-65c846dd82d9,Roll Rhomboids,general_movement,Roll Rhomboids,,False,bodyweight,70,88,95,65
3eddbb15-a871-4e31-9069-0c5b00dbff2b,Feet Flat Bench Press (Barbell),bench_press,Bench Press,"incline_bench_press, fly, tricep_pushdown, dip",True,barbell,95,80,65,95
3ee01ee3-26eb-4bcf-8329-ffb7564ca4b7,Lying Arm Abduction,hip_abduction,Hip Abduction,"hip_adduction, glute_kickback, hip_thrust",False,bodyweight,70,88,95,65
3ee49c35-51c1-46a2-92a2-9f21ae77e7d6,Stair Up,general_movement,Stair Up,,False,bodyweight,70,88,95,65
3eea910e-9dc3-409d-bcf6-b869d4b558d5,High Knee Star Tap,high_knees,High Knees,"mountain_climber, burpee, jumping_jack",False,bodyweight,70,88,95,65
3ef6e237-202b-4ee7-b2f1-3e68c5c38364,Weighted Hyperextension (on Stability Ball),back_extension,Back Extension,"romanian_deadlift, good_morning, glute_bridge",False,bodyweight,70,88,95,65
3f01c4f5-d192-447b-b8c9-a7455cbaa449,Decline Push Up Against Wall,decline_push_up,Decline Push Up,"bench_press, fly, dip, tricep_extension",False,bodyweight,70,88,95,65
3f1a4a58-9774-4f14-8b2a-1201042b9c4c,Flying Lizard Yoga Pose Utthan Pristhasana,general_stretch,Stretch,,False,bodyweight,70,88,95,65
3f1dcab6-377c-4fc5-8a02-7093b39280c1,Sumo Squat (Barbell),sumo_squat,Sumo Squat,"leg_press, leg_extension, lunge, leg_curl",False,barbell,95,80,65,95
3f227571-ba2f-44df-ac19-435bcae4081e,Kneeling Hip Abduction (Cable),hip_abduction,Hip Abduction,"hip_adduction, glute_kickback, hip_thrust",False,cable,85,88,30,92
3f231173-1515-4993-b8b8-0287a07a7db7,Squat (Dumbbell),squat,Squat,"leg_press, leg_extension, lunge, leg_curl",False,dumbbell,92,90,92,90
3f258ae1-c61d-4c55-803e-a8436697dcdc,Arms Lift Leg Kickback,back_exercise,Back Exercise,"bent_over_row, lat_pulldown",False,bodyweight,70,88,95,65
3f2efa58-f9a9-4978-845e-b2d652dd6501,Straight Legs Pull Through (Rope) (Cable),leg_exercise,Leg Exercise,"squat, leg_press",False,cable,85,88,30,92
3f396737-4017-4954-b2ff-0d4144251987,Pike Push Up,push_up,Push Up,"bench_press, fly, dip, tricep_extension",True,bodyweight,70,88,95,65
3f4acb82-d500-40dc-8854-5e325fcb45bd,Lying Single Leg Butterfly,fly,Chest Fly,"bench_press, incline_fly, push_up",False,bodyweight,70,88,95,65
3f5d0eba-371f-4b82-8a04-2195eb0b82b7,Vertical Leg Raise (on Parallel Bars),leg_raise,Leg Raise,"crunch, plank, reverse_crunch",False,bodyweight,70,88,95,65
3f5ee1d1-15c1-4fbf-ad48-fd8cf613308f,Lying Shoulder Abduction (Resistance Band),hip_abduction,Hip Abduction,"hip_adduction, glute_kickback, hip_thrust",False,band,60,85,90,50
3f6260a3-399f-4060-9e98-4895b000ebc8,Shoulder Backbend Stretch,shoulder_stretch,Shoulder Stretch,,False,bodyweight,70,88,95,65
3f638eb8-4b3a-4aa1-9e94-515d21bdf5df,Rear Delt Row (Rope) (Cable),rear_delt_fly,Rear Delt Fly,"face_pull, lateral_raise, bent_over_row",False,cable,85,88,30,92
3f6f4603-4a49-4d55-808d-f614dd9e7d18,Standing 180 Abs Rotation,core_exercise,Core Exercise,"crunch, plank",False,bodyweight,70,88,95,65
3f71aeea-20be-47e5-a5cd-2d56300b60de,Chest Bench Press Grip Width,bench_press,Bench Press,"incline_bench_press, fly, tricep_pushdown, dip",False,bodyweight,70,88,95,65
3f873548-6adb-417e-aee9-9c41dd03e6c4,Mindful Breathing Meditation,general_movement,Mindful Breathing Meditation,,False,bodyweight,70,88,95,65
3f89474f-fb46-4e2a-9229-fdf132bd8408,Reverse Grip Incline Bench Two Arm Row (Dumbbell),bent_over_row,Bent Over Row,"lat_pulldown, face_pull, bicep_curl, rear_delt_fly",False,dumbbell,92,90,92,90
3f9e67e7-e914-4efe-beaa-5ffd9b6dcfc4,Body Open Cross Feet,general_movement,Body Open Cross Feet,,False,bodyweight,70,88,95,65
3fa30bb6-b7c7-4806-9d15-a2c96e4babe4,Seated Leg Raises On A Chair,leg_raise,Leg Raise,"crunch, plank, reverse_crunch",False,bodyweight,70,88,95,65
3faf0a41-3255-4fdc-b0bf-361dab012699,Bottle Weighted Squatting Alternate Waves,squat,Squat,"leg_press, leg_extension, lunge, leg_curl",False,bodyweight,70,88,95,65
3fb1913f-cf37-496f-8b67-08f5095167c8,Sitting Neck Stretch Circle,general_stretch,Stretch,,False,bodyweight,70,88,95,65
3fb47a8b-a6f5-499b-bc4c-ade45d318246,Lateral Walk (Dumbbell),general_movement,Lateral Walk,,False,dumbbell,92,90,92,90
3fc55eb9-d094-402a-b044-8c27f2d64b32,Kneeling High Low Anti Rotation Ch (Resistance Band),general_movement,Kneeling High Low Anti Rotation Ch,,False,band,60,85,90,50
3fda0560-464d-44e9-b722-bad16f729371,Twist Punch Shuffle,general_movement,Twist Punch Shuffle,,False,bodyweight,70,88,95,65
3fdad9e7-c64c-474a-8ec8-ca4befdf0953,Safety Bar Good Morning,good_morning,Good Morning,"romanian_deadlift, hip_thrust, back_extension",False,bodyweight,70,88,95,65
3fe11358-85b9-4189-b61c-3705a9521981,Crab Walk,core_exercise,Core Exercise,"crunch, plank",False,bodyweight,70,88,95,65
3fe8d130-b5f9-4019-baa6-e8017cd6b6c5,Standing Side Stretch,general_stretch,Stretch,,False,bodyweight,70,88,95,65
3fea9eba-5830-4b67-bac3-cb86f951fba2,Squat And Alternating Hip Extension,squat,Squat,"leg_press, leg_extension, lunge, leg_curl",False,bodyweight,70,88,95,65
3fede116-5593-4e47-8f4a-cdd3de63dbc1,PVC Good Morning,good_morning,Good Morning,"romanian_deadlift, hip_thrust, back_extension",False,bodyweight,70,88,95,65
40090705-e11b-42f0-a457-a7294ce87147,Knee And Palm March,general_movement,Knee And Palm March,,False,bodyweight,70,88,95,65
401758ac-a29b-47e9-8f04-2f8ec4ca7866,Fly (Dumbbell),fly,Chest Fly,"bench_press, incline_fly, push_up",True,dumbbell,92,90,92,90
40204c70-3420-4785-9175-afc2e49fbf08,Double Pulsing Squat Forward Backward,squat,Squat,"leg_press, leg_extension, lunge, leg_curl",False,bodyweight,70,88,95,65
404542cc-6d14-4e5f-91be-b07bb86d5751,Cossack Squats,squat,Squat,"leg_press, leg_extension, lunge, leg_curl",False,bodyweight,70,88,95,65
404b3e25-56f2-4387-b2ea-2cf98488ace6,Stick Sitting Roll Leg,leg_exercise,Leg Exercise,"squat, leg_press",False,bodyweight,70,88,95,65
404ec862-2ab0-443f-811d-f5799920bf75,Behind The Head Ball Slam,general_movement,Behind The Head Ball Slam,,False,bodyweight,70,88,95,65
404f693a-18e8-4be6-8555-0f7ed2af2a8c,Twist March,general_movement,Twist March,,False,bodyweight,70,88,95,65
40564ff8-3790-42f4-be96-a5e2a15ee893,Elevated Heel Goblet Squat (Dumbbell),goblet_squat,Goblet Squat,"leg_press, leg_extension, lunge, leg_curl",False,dumbbell,92,90,92,90
4063c19a-2bb4-48ce-b89a-1f822fb35c5d,Tip Toe Knee Thrust,general_movement,Tip Toe Knee Thrust,,False,bodyweight,70,88,95,65
406712e9-1b25-44aa-9f2a-a64c313789c9,Speed Step (Resistance Band),general_movement,Speed Step,,False,band,60,85,90,50
4075e10a-63a2-4a17-adc1-b7fa2fa7a275,Single Straight Leg Glute Bridge Hold,glute_bridge,Glute Bridge,"hip_thrust, romanian_deadlift, leg_curl",False,bodyweight,70,88,95,65
407a1905-6801-45ab-8574-7a65fad072d4,Hanging Leg Raise,hanging_leg_raise,Hanging Leg Raise,"crunch, plank, reverse_crunch",False,bodyweight,70,88,95,65
407c3d4a-5174-48e4-b8f6-45b44488c516,Kneeling Glute Kickback (Cable),back_exercise,Back Exercise,"bent_over_row, lat_pulldown",False,cable,85,88,30,92
40835b50-f6f3-431b-8f05-373227c2f6c2,Standing Alternating Upper And Lower Back Clap,back_exercise,Back Exercise,"bent_over_row, lat_pulldown",False,bodyweight,70,88,95,65
4090a3e3-a5a9-48ae-ada6-eca77340bf43,Firefly Yoga Pose,general_stretch,Stretch,,False,bodyweight,70,88,95,65
4092f610-725b-44a2-87c5-05865dd77c32,Cross Standing Crunch,crunch,Crunch,"leg_raise, plank, russian_twist",True,bodyweight,70,88,95,65
40a24e1a-fccc-483f-9663-eeb8974d9c60,Standing Up Raise Side Twist,raise,Raise,"lateral_raise, front_raise",False,bodyweight,70,88,95,65
40b62c25-c4fc-48f9-85fe-3265bcfbaf20,Seesaw Press (Kettlebell),press,Press,"bench_press, shoulder_press",False,kettlebell,75,85,85,78
40be7b4b-fd75-42b9-b915-28724abe2219,Incline Curl II (Dumbbell),incline_curl,Incline Curl,"bicep_curl, preacher_curl, hammer_curl",False,dumbbell,92,90,92,90
40cc51e7-0bf4-4828-9ef3-c5a0125af666,Side Lunge,lateral_lunge,Lateral Lunge,"split_squat, step_up, squat, leg_press",False,bodyweight,70,88,95,65
40cec5c0-e7c9-4843-b6d5-dfccf3329192,Lying Windshield Wiper,general_movement,Lying Windshield Wiper,,False,bodyweight,70,88,95,65
40d6704c-d332-42a1-940e-a49003cea912,Standing Forward Double Tap And Open,general_movement,Standing Forward Double Tap And Open,,False,bodyweight,70,88,95,65
40ebedb3-5b7d-4dd0-b449-bd674bb7db83,Standing Chest Press (Resistance Band),chest_press,Chest Press,"bench_press, fly, tricep_pushdown",False,band,60,85,90,50
40f94447-cb51-4f95-b12d-1746efaaf226,Standing Side Leg Raise,leg_raise,Leg Raise,"crunch, plank, reverse_crunch",False,bodyweight,70,88,95,65
40fb7a92-d9d2-4822-8025-ce63e26f2c16,Sitting Biceps Curl On A Chair,bicep_curl,Bicep Curl,"hammer_curl, preacher_curl, tricep_extension",False,bodyweight,70,88,95,65
410b213f-0f2e-4335-bb79-35555733ae07,Standing Single Delt Row (Cable),bent_over_row,Bent Over Row,"lat_pulldown, face_pull, bicep_curl, rear_delt_fly",False,cable,85,88,30,92
410f0574-64db-4305-bba0-d740bcee6ec3,Lever Seated Reverse Fly,rear_delt_fly,Rear Delt Fly,"face_pull, lateral_raise, bent_over_row",False,machine,80,75,20,88
413647ed-1774-4c3f-a372-ae978c572963,Standing Folded Arm Lift And Side Nudge,arm_exercise,Arm Exercise,"bicep_curl, tricep_extension",False,bodyweight,70,88,95,65
4137627a-e5cc-4936-b030-eecff499abb4,Sitting Foot Extensors Stretch On A Chair,general_stretch,Stretch,,False,bodyweight,70,88,95,65
413ca7b2-3a77-496a-8c17-f3d3f9848b13,Kneeling Single Arm Fly (Cable),fly,Chest Fly,"bench_press, incline_fly, push_up",False,cable,85,88,30,92
41497b2b-0b85-4c1b-b3e8-a70707916695,Side Step Pick And Carry,farmers_walk,Farmer Walk,"shrug, deadlift, lunge",False,bodyweight,70,88,95,65
414caacf-2fa9-4811-adbf-6891bb07cd6c,Seated Switch Jump With Arms Lift On Chair,arm_exercise,Arm Exercise,"bicep_curl, tricep_extension",False,bodyweight,70,88,95,65
4158eeb7-31a3-4452-a82f-e9b42223ae38,Triceps Extension In Cross Legged Positio (Dumbbell),tricep_extension,Tricep Extension,"tricep_pushdown, skull_crusher, dip, bicep_curl",False,dumbbell,92,90,92,90
415eaba3-80b1-49c7-b174-11745b16d9ec,Side To Side Hop,general_movement,Side To Side Hop,,False,bodyweight,70,88,95,65
416290e0-d47e-4579-870d-f58a94a2732d,Puppy Pose,general_stretch,Stretch,,False,bodyweight,70,88,95,65
416e50f3-7280-4072-99f6-d892577eaa56,Standing Assisted Abduction With Rope,hip_abduction,Hip Abduction,"hip_adduction, glute_kickback, hip_thrust",False,bodyweight,70,88,95,65
416f6ffa-4448-45cd-9ddf-35391c4950da,Standing Hip Abduction (Resistance Band),hip_abduction,Hip Abduction,"hip_adduction, glute_kickback, hip_thrust",False,band,60,85,90,50
4174de38-0385-4d1c-b2a5-3b01b97a9e3e,Sitting Sciatic Nerve Mobilization,general_stretch,Stretch,,False,bodyweight,70,88,95,65
41815f73-26de-4d98-93fc-26343d1c2d31,Seated Calf Raise (Dumbbell),seated_calf_raise,Seated Calf Raise,leg_press,False,dumbbell,92,90,92,90
41889a20-78b7-48fd-b992-6a1081cf2659,Side Step Sprinting Arms,running,Running,,False,bodyweight,70,88,95,65
418a792e-b633-4d35-9e4c-34eec3ff2b12,Incline Pullover (Dumbbell),pullover,Pullover,"lat_pulldown, straight_arm_pulldown, fly",False,dumbbell,92,90,92,90
41957d06-f644-4cd8-945d-7d2cb31d8624,Single Leg Kas Glute Bridge (Bodyweight),glute_bridge,Glute Bridge,"hip_thrust, romanian_deadlift, leg_curl",False,bodyweight,70,88,95,65
4196487a-ccd0-4a85-8bc5-b62703a96f6b,Bent Over Row (Dumbbell),bent_over_row,Bent Over Row,"lat_pulldown, face_pull, bicep_curl, rear_delt_fly",False,dumbbell,92,90,92,90
419bbde3-8c99-4c1c-ba00-83cefe905004,Single Arm Punch And Side Knee Raise,leg_raise,Leg Raise,"crunch, plank, reverse_crunch",False,bodyweight,70,88,95,65
419fedac-5261-4d22-b42a-5e8d9b5e5935,Bent Knee Back To Side Kick,back_exercise,Back Exercise,"bent_over_row, lat_pulldown",False,bodyweight,70,88,95,65
41a5cc52-fb9e-46a4-b907-3558619017f2,Couch Stretch,general_stretch,Stretch,,False,bodyweight,70,88,95,65
41b03cae-6ba7-4943-a76b-7fe598723db2,Standing Torso Twist Arms Swing,arm_exercise,Arm Exercise,"bicep_curl, tricep_extension",False,bodyweight,70,88,95,65
41b23391-c3dd-4340-a6dd-064d899bc22c,Lying Rear Delt Row (Kettlebell),rear_delt_fly,Rear Delt Fly,"face_pull, lateral_raise, bent_over_row",False,kettlebell,75,85,85,78
41b432bb-08d8-4352-9b61-05d0edc45048,Standing Rear Delt Row (Band),rear_delt_fly,Rear Delt Fly,"face_pull, lateral_raise, bent_over_row",False,band,60,85,90,50
41bee327-fe3f-42a6-ae86-06173344957a,Sitting W Pose On A Chair,general_stretch,Stretch,,False,bodyweight,70,88,95,65
41d51bd0-d3cc-4b06-98ee-15805acabd6d,Lever Chest Press,chest_press,Chest Press,"bench_press, fly, tricep_pushdown",True,machine,80,75,20,88
41ee8ef4-f35b-49f0-8c37-f21c454bd225,Kneeling Reach And Thread,general_movement,Kneeling Reach And Thread,,False,bodyweight,70,88,95,65
41ef31b9-b967-4de9-a3c2-50eddbbefc82,Standing Calf Raise (Barbell),calf_raise,Calf Raise,leg_press,False,barbell,95,80,65,95
421e9c19-63e1-4f1e-b5f2-22025cb156d5,Jack Plank (medicine Ball),plank,Plank,"crunch, leg_raise, russian_twist",True,bodyweight,70,88,95,65
42244530-106a-473d-91d3-247c91d8a370,Lying Triceps Extension Skull Crusher (Barbell),skull_crusher,Skull Crusher,"tricep_extension, tricep_pushdown, dip",False,barbell,95,80,65,95
4239e435-61cd-4123-8887-8b2d8e3ac5c5,Lever Bent Over Row (with Chest Support),machine_row,Machine Row,"lat_pulldown, face_pull, bicep_curl, rear_delt_fly",False,machine,80,75,20,88
423bbecb-2dfc-49d3-bf58-8fc8f95950a7,Lateral Pulldown With Mag Grip (Cable),lat_pulldown,Lat Pulldown,"pull_up, bent_over_row, bicep_curl, face_pull",True,cable,85,88,30,92
4252d32e-f40e-4a8b-976a-2db7cad5dedb,Assisted Side Lying Adductors Stretch,general_stretch,Stretch,,False,bodyweight,70,88,95,65
427247eb-93f4-4496-aadb-dc65267299ec,Cat Stretch M,general_stretch,Stretch,,False,bodyweight,70,88,95,65
42794cfa-9c2e-41a7-b6b8-9bde039cebee,Incline Bench Press (Barbell),incline_bench_press,Incline Bench Press,"bench_press, incline_fly, shoulder_press",True,barbell,95,80,65,95
428b4d71-5c80-4885-bd9d-206ef0783c2f,Frogger,general_movement,Frogger,,False,bodyweight,70,88,95,65
4298ab4d-040b-4cbf-a1ad-d93ea4928b87,Weighted Leg Extension Crunch,leg_extension,Leg Extension,"squat, leg_press, leg_curl",False,bodyweight,70,88,95,65
42ad399f-086c-4756-b171-a1ee01bdea35,Standing Leg Half Circle Against Wall,leg_exercise,Leg Exercise,"squat, leg_press",False,bodyweight,70,88,95,65
42ade308-9970-4912-969a-7c8698d92797,Double Knee To Toe Touch,general_movement,Double Knee To Toe Touch,,False,bodyweight,70,88,95,65
42af6fa6-82a2-4619-a97b-4304989cd561,Lying Arm Crossover,arm_exercise,Arm Exercise,"bicep_curl, tricep_extension",False,bodyweight,70,88,95,65
42b02bf5-b99e-4511-81b5-ea4fe6ee3ee1,Seal To Puppy Pose,general_stretch,Stretch,,False,bodyweight,70,88,95,65
42b524aa-428a-4ea6-a8c6-f28c15bfead5,Lizard Pose,general_stretch,Stretch,,False,bodyweight,70,88,95,65
42c34fae-c568-449c-b967-cbf2f39fe192,Lever Squat (plate Loaded),squat,Squat,"leg_press, leg_extension, lunge, leg_curl",False,machine,80,75,20,88
42d10569-e176-453c-af15-c80c9ce5de6b,Weighted Seated Neck Extension (with Head Harness),extension,Extension,"tricep_extension, leg_extension",False,bodyweight,70,88,95,65
42e2642c-b6a8-475b-a951-d7c37df41b43,Elbow To Knee Decline Side Plank,side_plank,Side Plank,"crunch, leg_raise, russian_twist",False,bodyweight,70,88,95,65
42ed5fe2-2c07-4bf9-9307-0d5156655f33,Wipe And Hip Sways,general_movement,Wipe And Hip Sways,,False,bodyweight,70,88,95,65
42fa17e0-293a-46ff-933f-3b82b266c5ce,Side Knee Leg Raise Pressdown,leg_raise,Leg Raise,"crunch, plank, reverse_crunch",False,bodyweight,70,88,95,65
42fb52ca-1ddc-49dd-afe0-cde1aa55274f,Sphinx Pose Opening,general_stretch,Stretch,,False,bodyweight,70,88,95,65
430cbb30-d300-48df-a918-a6b1092010ca,Easy Yoga Pose,general_stretch,Stretch,,False,bodyweight,70,88,95,65
431754d2-ae2f-4ebe-9be2-de7d6c3d3ac5,L Sit Chin Up,chin_up,Chin Up,"lat_pulldown, bent_over_row, bicep_curl",True,bodyweight,70,88,95,65
432682b1-37ba-4d19-9032-dd936114b1cc,Seated Neck Backward Stretch,back_stretch,Back Stretch,,False,bodyweight,70,88,95,65
43345fbc-b578-4994-8f39-0f338d30527c,Seated Side Crunch (wall),oblique_crunch,Oblique Crunch,"leg_raise, plank, russian_twist",False,bodyweight,70,88,95,65
435112ae-56ae-4fb9-a2af-b7da619781ab,Lying Biceps Curl (Cable),bicep_curl,Bicep Curl,"hammer_curl, preacher_curl, tricep_extension",False,cable,85,88,30,92
435565eb-67cd-47f9-bf2a-313fa5805696,Sitting Diagonal Side Stretch,general_stretch,Stretch,,False,bodyweight,70,88,95,65
435ca1e0-eddf-451d-8549-03369f3cc932,W Pose Against Wall,general_stretch,Stretch,,False,bodyweight,70,88,95,65
437d7da2-4e40-43c8-8ecc-867b8b2abd43,Seated Shoulder Press (Band),shoulder_press,Shoulder Press,"lateral_raise, front_raise, tricep_extension",False,band,60,85,90,50
43976eac-6e6a-49c0-834c-a278bbb51bd3,Slip Right Slip Left Left Hook Cross (combo),general_movement,Slip Right Slip Left Left Hook Cross,,False,bodyweight,70,88,95,65
4398707d-6187-4090-b7d0-295ab06d88d4,Standing Overhead Shoulder Stretch,shoulder_stretch,Shoulder Stretch,,False,bodyweight,70,88,95,65
43ba82cd-2931-4620-b14e-211280d30922,Dolphin Pose,general_stretch,Stretch,,False,bodyweight,70,88,95,65
43bdc466-55ad-4b60-aa93-711da9b4114e,Standing Around The World (Resistance Band),general_movement,Standing Around The World,,False,band,60,85,90,50
43da7e4f-2f2f-4b6a-988e-7fcf2cfb129c,Bottle Weighted Bent Over Row,bent_over_row,Bent Over Row,"lat_pulldown, face_pull, bicep_curl, rear_delt_fly",False,bodyweight,70,88,95,65
43de97c0-c69b-4e34-894f-98673e30ca1d,Bent Over Single Arm Neutral Grip Kickback (Rope) (Cable),back_exercise,Back Exercise,"bent_over_row, lat_pulldown",False,cable,85,88,30,92
43df2e82-0021-483b-adb6-fa13bc1b3eef,Sumo Stance Side Lunges,lateral_lunge,Lateral Lunge,"split_squat, step_up, squat, leg_press",False,bodyweight,70,88,95,65
43e02998-e762-4e2c-8ff9-bd1fd63390e4,Kneeling Hold To Stand (Kettlebell),general_movement,Kneeling Hold To Stand,,False,kettlebell,75,85,85,78
43e33e5f-2c9e-4f11-8546-1c12b3b02c0b,Calf Raise And Front Squat (Bodyweight),front_squat,Front Squat,"leg_press, leg_extension, lunge, leg_curl",False,bodyweight,70,88,95,65
43f0b6b7-44cd-4e86-8628-8a8c527343ce,Incline Pushdown (Cable),tricep_pushdown,Tricep Pushdown,"tricep_extension, skull_crusher, dip",True,cable,85,88,30,92
43fbbfce-6e65-4510-9b8e-27b56f909774,Lever Hip Extension,extension,Extension,"tricep_extension, leg_extension",False,machine,80,75,20,88
441746bc-01d3-48d2-ba05-33b9bb7b660a,Shoulder Transverse Flexion,shoulder_exercise,Shoulder Exercise,"shoulder_press, lateral_raise",False,bodyweight,70,88,95,65
441fa386-7a80-4e8f-9024-51cbefbe8bb3,Ring Decline Push Up,decline_push_up,Decline Push Up,"bench_press, fly, dip, tricep_extension",False,bodyweight,70,88,95,65
442126d6-8679-453e-b774-c346441b4c0f,Roll Thoracic Spine Lying On Floor,general_movement,Roll Thoracic Spine Lying On Floor,,False,bodyweight,70,88,95,65
442bc2d7-b17f-4e6b-9ced-96c6d691ed45,Seated Chest Fly (Cable),fly,Chest Fly,"bench_press, incline_fly, push_up",False,cable,85,88,30,92
443033f5-2fee-425c-9445-e29af3743cb3,Side Squat,squat,Squat,"leg_press, leg_extension, lunge, leg_curl",False,bodyweight,70,88,95,65
4433dd1a-1240-4896-9965-5947c39fe88c,Over Bench One Arm Wrist Curl (Dumbbell),arm_exercise,Arm Exercise,"bicep_curl, tricep_extension",False,dumbbell,92,90,92,90
444b2972-ad10-4396-a3b9-88d2922a73df,Sitting Side Bend On A Chair,general_movement,Sitting Side Bend On A Chair,,False,bodyweight,70,88,95,65
444ea37b-1fd4-45c0-b0ba-349654496425,Standing Toe Down Hamstring Stretch,hamstring_stretch,Hamstring Stretch,,False,bodyweight,70,88,95,65
4456b8d9-15a9-4435-afc6-f5e7637bc8d1,Back Kick Overhead Press,shoulder_press,Shoulder Press,"lateral_raise, front_raise, tricep_extension",False,bodyweight,70,88,95,65
4458e20e-29c8-4c97-a2dc-e0fd9c0a38f7,Sumo Squat,sumo_squat,Sumo Squat,"leg_press, leg_extension, lunge, leg_curl",False,bodyweight,70,88,95,65
44731918-6ac4-435c-833d-900ef45471a5,Lever Abdominal Leg Raise,leg_raise,Leg Raise,"crunch, plank, reverse_crunch",False,machine,80,75,20,88
4477035a-f10d-456a-9fb4-905615740ca5,Ring Inverted Row,inverted_row,Inverted Row,"lat_pulldown, face_pull, bicep_curl, rear_delt_fly",False,bodyweight,70,88,95,65
447c1ebb-c587-4d71-968c-a4b05b4318a7,Alternate Side Press (Dumbbell),press,Press,"bench_press, shoulder_press",False,dumbbell,92,90,92,90
44868de0-cca5-41bb-acc5-0cf239a13877,Overhead Leg Lift Tap,leg_exercise,Leg Exercise,"squat, leg_press",False,bodyweight,70,88,95,65
4488783c-5cb7-4a7b-8f3f-6d6926443add,Gobelt Curtsey Lunge (Dumbbell),lunge,Lunge,"split_squat, step_up, squat, leg_press",False,dumbbell,92,90,92,90
44917f50-05ab-41a4-990a-84ada3346a7a,Reverse Grip Pushdown (Cable),tricep_pushdown,Tricep Pushdown,"tricep_extension, skull_crusher, dip",True,cable,85,88,30,92
44a2963f-fab0-49e7-96f0-57bdbc1ac16b,Kneeling Shoulder Bottom Up Hold (Kettlebell),shoulder_exercise,Shoulder Exercise,"shoulder_press, lateral_raise",False,kettlebell,75,85,85,78
44a2c02e-b765-4444-93ae-8b10f9129b04,Mid Back Elbow Squeeze,back_exercise,Back Exercise,"bent_over_row, lat_pulldown",False,bodyweight,70,88,95,65
44b67b6a-5b1b-44b9-a73c-75cf6d24dae8,Neutral Grip Chest Press (Cable),chest_press,Chest Press,"bench_press, fly, tricep_pushdown",False,cable,85,88,30,92
44b84594-1358-42eb-9711-608ace469dd0,Squat Twist (Band),squat,Squat,"leg_press, leg_extension, lunge, leg_curl",False,band,60,85,90,50
44b96390-e9a2-4dab-bd44-c9ab2d7f362b,Pull Through (Band),general_movement,Pull Through,,False,band,60,85,90,50
44bef00d-259b-4b51-946f-f8895f12557b,Seated Double Jab On Chair,core_exercise,Core Exercise,"crunch, plank",False,bodyweight,70,88,95,65
44c2df45-ef16-4414-8322-07ba960c20da,Plank Scapular Push Up,push_up,Push Up,"bench_press, fly, dip, tricep_extension",True,bodyweight,70,88,95,65
44cb54d0-92d4-416f-9477-4dca950941c2,Clean Grip Front Squat (Barbell),front_squat,Front Squat,"leg_press, leg_extension, lunge, leg_curl",False,barbell,95,80,65,95
44de55a9-6df8-4df0-9920-5602fdd69148,Overhead Triceps Stretch,tricep_stretch,Tricep Stretch,,False,bodyweight,70,88,95,65
4508d252-0d03-41b4-9d0c-5dab19f7587e,Oblique Crunches Floor,oblique_crunch,Oblique Crunch,"leg_raise, plank, russian_twist",False,bodyweight,70,88,95,65
451bfd52-7396-4eed-8f2c-d7033ed17861,Standing Wide Good Morning,good_morning,Good Morning,"romanian_deadlift, hip_thrust, back_extension",False,bodyweight,70,88,95,65
451e77ff-ac6e-4833-993f-93c70306f95f,Seated Legs Circle Over Bench,leg_exercise,Leg Exercise,"squat, leg_press",False,bodyweight,70,88,95,65
4528fe92-0774-46d3-bdf8-70b0a0bad331,Bench Hip Extension,extension,Extension,"tricep_extension, leg_extension",False,bodyweight,70,88,95,65
452d1621-0773-428b-80c3-b2cc236d1f08,Russian Twist,russian_twist,Russian Twist,"oblique_crunch, woodchop, side_plank",False,bodyweight,70,88,95,65
4531a2e7-119a-41ae-ad9f-b265a8f80424,Lever Seated Bent Over Rear Delt Fly,rear_delt_fly,Rear Delt Fly,"face_pull, lateral_raise, bent_over_row",False,machine,80,75,20,88
453e8583-ed96-4ee5-97f3-a2a7833534bd,Roll Triceps Side Lying On Floor,tricep_exercise,Tricep Exercise,"tricep_extension, tricep_pushdown",False,bodyweight,70,88,95,65
45484579-ba71-4437-9cb8-b93e674e4b4a,Standing Preacher Curl (Dumbbell),preacher_curl,Preacher Curl,"bicep_curl, hammer_curl, concentration_curl",False,dumbbell,92,90,92,90
454c4f69-d093-4e8c-83b9-4c4b374463eb,Poliquin Step From Stepbox (Bodyweight),general_movement,Poliquin Step From Stepbox,,False,bodyweight,70,88,95,65
45627255-f6a6-4e3a-a9e5-b6755738dcba,Pullover Dead Bug (Kettlebell),pullover,Pullover,"lat_pulldown, straight_arm_pulldown, fly",False,kettlebell,75,85,85,78
4567dcce-99d6-4cfa-bc96-bfef13d2cc10,Monster Walk,general_movement,Monster Walk,,False,bodyweight,70,88,95,65
45753a6f-8271-4a7b-9429-f8eccc4f5074,Leg Front Kick,leg_exercise,Leg Exercise,"squat, leg_press",False,bodyweight,70,88,95,65
45868195-e059-4c7f-9a55-1782d8d30efa,Burpee Side Tap Step Jack,burpee,Burpee,"push_up, squat_jump, mountain_climber",True,bodyweight,70,88,95,65
4587ee7b-b245-4dce-a762-4b303b7df484,Lying Extension (across Face) (Dumbbell),extension,Extension,"tricep_extension, leg_extension",False,dumbbell,92,90,92,90
458a734f-ee74-4d58-acaa-3c2746001d4b,Sumo Squat Front Raise (Dumbbell),front_raise,Front Raise,"shoulder_press, lateral_raise, incline_bench_press",True,dumbbell,92,90,92,90
458e8759-6745-4a08-8f6c-fbb053ec4e7c,Step Knee Thrust,general_movement,Step Knee Thrust,,False,bodyweight,70,88,95,65
458fae5a-3d4b-46cd-b94e-ae84b027bfc9,Table Top Bridge Pulse,core_exercise,Core Exercise,"crunch, plank",False,bodyweight,70,88,95,65
459c7e6f-3118-4ec6-a01b-14e671bb2cb8,Alternate Single Leg Sit Wall,leg_exercise,Leg Exercise,"squat, leg_press",False,bodyweight,70,88,95,65
45a994ab-4562-4914-9419-46b06f2513e9,Air Pillow Balance Counterbalanced Skater Squat,squat,Squat,"leg_press, leg_extension, lunge, leg_curl",False,bodyweight,70,88,95,65
45ac54e6-0b93-44cc-a882-8ee1baf8cf0b,Lying Heel To Heel Dragback,back_exercise,Back Exercise,"bent_over_row, lat_pulldown",False,bodyweight,70,88,95,65
45b93fef-5faa-468f-9654-e0679a268b2e,Seated Bench Extension (Dumbbell),extension,Extension,"tricep_extension, leg_extension",False,dumbbell,92,90,92,90
45c602e6-da9b-4d5a-9a5d-7eef75a5662c,Sitting Russian Twist On A Chair,russian_twist,Russian Twist,"oblique_crunch, woodchop, side_plank",False,bodyweight,70,88,95,65
45c90ded-1840-4bc5-9d3c-0338e77aa733,Calf Raise From Deficit With Chair Supported,calf_raise,Calf Raise,leg_press,False,bodyweight,70,88,95,65
45d2ee0d-ad6a-43b2-83da-69297e76a9cf,One Arm Lateral Raise (Dumbbell),lateral_raise,Lateral Raise,"shoulder_press, front_raise, rear_delt_fly",True,dumbbell,92,90,92,90
45d493ba-7f82-4194-a1cc-2aa6eff7b099,Burpee Two Star Jumps,burpee,Burpee,"push_up, squat_jump, mountain_climber",True,bodyweight,70,88,95,65
45e11e44-d0fc-4121-b0a0-45bdd8cfc00e,Deep Push Up Hold,push_up,Push Up,"bench_press, fly, dip, tricep_extension",True,bodyweight,70,88,95,65
45efe324-cb0e-4cfb-8a53-8699c402e347,Faber Test,core_exercise,Core Exercise,"crunch, plank",False,bodyweight,70,88,95,65
45f5a77d-94f2-4bb9-807e-a7a89fc239ec,Dynamic Leg Swing,leg_exercise,Leg Exercise,"squat, leg_press",False,bodyweight,70,88,95,65
45fa6c9b-3d22-44b7-b490-57f03d767a5d,Side Split,general_movement,Side Split,,False,bodyweight,70,88,95,65
460dc0b8-5f3c-484f-b3eb-be914584bf2c,Extra Decline Sit Up,crunch,Crunch,"leg_raise, plank, russian_twist",True,bodyweight,70,88,95,65
460f76d3-c0b4-4aca-b374-3352d8da82a7,Bottle Weighted Overhead Triceps Extension,overhead_tricep_extension,Overhead Tricep Extension,"tricep_pushdown, skull_crusher, dip, bicep_curl",False,bodyweight,70,88,95,65
4620e85c-cb90-464d-9f77-e519a6b6d364,Weighted V Up Passes With Pad,v_up,V Up,"crunch, leg_raise, plank",False,bodyweight,70,88,95,65
4632172a-0756-4ed4-a2ca-10952f6d7287,Hanging Garhammer Raise,raise,Raise,"lateral_raise, front_raise",False,bodyweight,70,88,95,65
463a4639-eafa-4982-8ac0-619e826c3e09,Body Extension (backward Reach),extension,Extension,"tricep_extension, leg_extension",False,bodyweight,70,88,95,65
4641e324-3592-4835-b515-336450ff0383,Standing Shoulder External Rotation At 90 (Dumbbell),shoulder_exercise,Shoulder Exercise,"shoulder_press, lateral_raise",False,dumbbell,92,90,92,90
464a3512-fb0c-43ad-99ab-dcd7268b2eec,Incline Inner Biceps Curl (Dumbbell),incline_curl,Incline Curl,"bicep_curl, preacher_curl, hammer_curl",False,dumbbell,92,90,92,90
464fdf5b-8bed-4ef1-95c7-db859a2632b7,Squat (Barbell),squat,Squat,"leg_press, leg_extension, lunge, leg_curl",True,barbell,95,80,65,95
46550f15-277c-44a4-bd68-01e5c996c00e,Smith Narrow Row,bent_over_row,Bent Over Row,"lat_pulldown, face_pull, bicep_curl, rear_delt_fly",False,smith_machine,72,70,25,80
46551143-2be1-49fa-a328-149f5e6aacf0,Single Leg Squat With Support (Bodyweight),squat,Squat,"leg_press, leg_extension, lunge, leg_curl",False,bodyweight,70,88,95,65
4661f207-91c3-49c4-a150-029a952606c9,Mountain Climber And Dynamic Plank,plank,Plank,"crunch, leg_raise, russian_twist",True,bodyweight,70,88,95,65
466c4214-f643-4679-99b7-e0724ae0a249,Step Up With Knee Raise (Dumbbell),step_up,Step Up,"lunge, split_squat, squat",False,dumbbell,92,90,92,90
4673daca-1d09-423e-bff9-b2ef9e7fe4b5,Landmine Kneeling One Arm Shoulder Press,shoulder_press,Shoulder Press,"lateral_raise, front_raise, tricep_extension",False,bodyweight,70,88,95,65
4678ccf6-8ab4-4c53-ae58-72642e990643,Lying Rollover Pilates,general_movement,Lying Rollover Pilates,,False,bodyweight,70,88,95,65
468dc841-1759-4ecd-bef5-f9e63f312684,Lever Hip Thrust (plate Loaded),hip_thrust,Hip Thrust,"glute_bridge, romanian_deadlift, leg_curl",False,machine,80,75,20,88
468f1e03-7875-4b19-8fc0-b3d779934242,Cross Arms Alternate Leg Lift,arm_exercise,Arm Exercise,"bicep_curl, tricep_extension",False,bodyweight,70,88,95,65
469281cd-2121-4943-93da-ec45bdcaf7df,Incline Fly (stability Ball) (Dumbbell),incline_fly,Incline Fly,"fly, incline_bench_press",False,dumbbell,92,90,92,90
469bdb70-1790-4bba-81b2-343f981dd46d,Twisting Crunch (arms Straight),crunch,Crunch,"leg_raise, plank, russian_twist",True,bodyweight,70,88,95,65
46c96882-bccd-4d7d-b29c-1ce523335808,Sitting Chest Push On A Chair,chest_exercise,Chest Exercise,"bench_press, fly",False,bodyweight,70,88,95,65
46cf8be3-9b26-4df2-b968-f4fa74c85456,Standing Hamstring Stretch,hamstring_stretch,Hamstring Stretch,,False,bodyweight,70,88,95,65
46d0da9d-3b15-4176-9521-849bf448186a,Side Swing Skater Stepback,back_exercise,Back Exercise,"bent_over_row, lat_pulldown",False,bodyweight,70,88,95,65
46f8cdf0-d50e-44a3-82c8-5048378c8127,Landmine Front Squat,front_squat,Front Squat,"leg_press, leg_extension, lunge, leg_curl",False,bodyweight,70,88,95,65
46fe3eba-5936-4b20-8927-737703e6df72,Butt Kicks,general_movement,Butt Kicks,,False,bodyweight,70,88,95,65
4701cf20-4cd3-40f6-9960-61bc29b9676a,Stick Lat Stretch,back_stretch,Back Stretch,,False,bodyweight,70,88,95,65
470208b7-69d3-4ae4-9c17-51be18d369d9,Bent Over Reverse Grip Row (Cable),bent_over_row,Bent Over Row,"lat_pulldown, face_pull, bicep_curl, rear_delt_fly",False,cable,85,88,30,92
470c459c-b9b7-43dc-b0fb-e7ab74135c37,Lateral Shuffle Crunches,crunch,Crunch,"leg_raise, plank, russian_twist",True,bodyweight,70,88,95,65
470e4cd3-c6f0-44a8-be06-2ff81222a70f,Sitting Lotus Pose Hand Behind Side Bend,general_stretch,Stretch,,False,bodyweight,70,88,95,65
470fe50c-1896-4840-9051-a9878dc0ddb9,Aztec Push Up,push_up,Push Up,"bench_press, fly, dip, tricep_extension",True,bodyweight,70,88,95,65
471ec267-2cb3-4a52-9f9c-63047b38964b,Elevated Heel Squat (Barbell),squat,Squat,"leg_press, leg_extension, lunge, leg_curl",True,barbell,95,80,65,95
472491b2-8c37-4f09-a5dd-5c283296dd60,Lever Single Leg Squat On Hack Squat Machine,hack_squat,Hack Squat,"leg_press, leg_extension, lunge, leg_curl",True,machine,80,75,20,88
473523cd-f5a5-40ff-9a91-c1269bfec3e1,Kneeling Sissy Squat (Bodyweight),squat,Squat,"leg_press, leg_extension, lunge, leg_curl",False,bodyweight,70,88,95,65
4742d70b-88ed-4db0-a67e-dec126c035f8,Roll Glute Twist Lying On Floor,glute_exercise,Glute Exercise,"hip_thrust, glute_bridge",False,bodyweight,70,88,95,65
475a1880-efab-4520-bd5b-e48fc1c7c8cc,Plyo Squat (Dumbbell),squat,Squat,"leg_press, leg_extension, lunge, leg_curl",False,dumbbell,92,90,92,90
475c7463-fc76-4273-ab1b-7f205746a9e5,Standing Shoulder External Rotation (Cable),shoulder_exercise,Shoulder Exercise,"shoulder_press, lateral_raise",False,cable,85,88,30,92
47656b75-478b-47a4-9a28-16f041ba6d06,Seated Twist (straight Arm),arm_exercise,Arm Exercise,"bicep_curl, tricep_extension",False,bodyweight,70,88,95,65
476945cb-8338-4c98-b68c-b245d2ee5f7c,Hanging Straight Twisting Leg Hip Raise,raise,Raise,"lateral_raise, front_raise",False,bodyweight,70,88,95,65
4769b913-159e-41cb-a9f2-41fef06ea280,Side Step Shuffles,general_movement,Side Step Shuffles,,False,bodyweight,70,88,95,65
477208bd-1884-415f-921c-b64f7259f2ce,Standing Hands Behind Chest Stretch,chest_stretch,Chest Stretch,,False,bodyweight,70,88,95,65
477b9dbf-e31c-4847-84a9-edec1eaeb6b4,Lying Alternate Frog Kick,general_movement,Lying Alternate Frog Kick,,False,bodyweight,70,88,95,65
478ee29d-20ff-4d1b-992d-9f3c4dca0ad2,Seated Row On A Chair,cable_row,Cable Row,"lat_pulldown, face_pull, bicep_curl, rear_delt_fly",False,bodyweight,70,88,95,65
4794285e-058a-4a17-bed8-d4fdd57722e7,Twist Turn Chop,general_movement,Twist Turn Chop,,False,bodyweight,70,88,95,65
4795c408-ac4c-4f01-a569-f281a328500a,Suspender Arm Curl,bicep_curl,Bicep Curl,"hammer_curl, preacher_curl, tricep_extension",False,bodyweight,70,88,95,65
47b7c842-8a3a-4648-a285-c5507015f55c,Standing Left Over Right Hand Slant,general_movement,Standing Left Over Right Hand Slant,,False,bodyweight,70,88,95,65
47b9d20b-5ea9-4ea4-832b-e847ab4f8650,Decline Bench Press (Barbell),decline_bench_press,Decline Bench Press,"bench_press, dip, fly",False,barbell,95,80,65,95
47d2073a-aaab-4f0c-bb36-736fa15f58f2,Suspender Twisting Jack Knife,general_movement,Suspender Twisting Jack Knife,,False,bodyweight,70,88,95,65
47dcb7c5-4809-46ec-8f61-6c2b01189ba1,Jumping Jack High Knee,jumping_jack,Jumping Jack,"burpee, high_knees, squat_jump",False,bodyweight,70,88,95,65
47e0ec08-eed4-4f10-a67f-9b68ed3267a1,Stiff Legged Deadlift (Barbell),stiff_leg_deadlift,Stiff Leg Deadlift,"romanian_deadlift, bent_over_row, hip_thrust, squat",False,barbell,95,80,65,95
47f3e8b2-2681-4a38-84d7-d868bf34d950,Bridge Yoga Pose Setu Bandha Sarvangasana,general_stretch,Stretch,,False,bodyweight,70,88,95,65
47f8b5db-3f85-4afe-b8a6-493b014e4fd5,Side Hip Rollout (Barbell),general_movement,Side Hip Rollout,,False,barbell,95,80,65,95
48094d48-6960-45df-9c47-d40cd70dcec9,Sumo Deadlift (Barbell),sumo_deadlift,Sumo Deadlift,"romanian_deadlift, bent_over_row, hip_thrust, squat",False,barbell,95,80,65,95
48212ba4-e9f1-4278-bbad-c2a0873230c0,Empty Can Exercise (Dumbbell),general_movement,Empty Can Exercise,,False,dumbbell,92,90,92,90
48254ce4-790c-4c26-a104-b99a3a9fce08,Overhead Clap March,general_movement,Overhead Clap March,,False,bodyweight,70,88,95,65
482b9592-ecb4-4ed6-a174-06f949e2df15,Cocoons,general_movement,Cocoons,,False,bodyweight,70,88,95,65
4844a02c-1e3c-443c-8120-700b401bf8db,Split Squat (Barbell),split_squat,Split Squat,"leg_press, leg_extension, lunge, leg_curl",False,barbell,95,80,65,95
4844eae8-82cf-4733-8814-35ad3ab6670c,Incline One Arm Fly (Dumbbell),incline_fly,Incline Fly,"fly, incline_bench_press",False,dumbbell,92,90,92,90
4848f2d3-0814-48d2-b8b8-9e7cdfff89f1,Double Triceps Kickback (Bodyweight),tricep_kickback,Tricep Kickback,"tricep_extension, tricep_pushdown, dip",False,bodyweight,70,88,95,65
485808b4-afdd-4691-85bf-67dc1741142e,Single Arm Scapula Push Up,push_up,Push Up,"bench_press, fly, dip, tricep_extension",True,bodyweight,70,88,95,65
4868069a-e597-4447-bebd-8c6d660c09a8,Standing Chest And Biceps Stretch Against Wall,chest_stretch,Chest Stretch,,False,bodyweight,70,88,95,65
4870d86b-5a1b-42b9-92bc-cd4f7ec04d3e,Suspender Wide Grip Inverted Row On Floor,inverted_row,Inverted Row,"lat_pulldown, face_pull, bicep_curl, rear_delt_fly",False,bodyweight,70,88,95,65
48756763-8eca-435e-8cee-c7c4d8522ec2,Prone Cobra Hands Interlocked,general_movement,Prone Cobra Hands Interlocked,,False,bodyweight,70,88,95,65
4892225e-96db-45b1-b5b5-035c005d72c7,Lever Lateral Pulldown (plate Loaded),lat_pulldown,Lat Pulldown,"pull_up, bent_over_row, bicep_curl, face_pull",False,machine,80,75,20,88
48989778-ad6d-41b2-8e25-2c97b248e36b,Supported Split,general_movement,Supported Split,,False,bodyweight,70,88,95,65
489d1edb-1516-48b3-a582-2def1fafc4bf,Elevanted Single Leg Bridge,leg_exercise,Leg Exercise,"squat, leg_press",False,bodyweight,70,88,95,65
48a2c454-465a-433a-8f59-ba5ff6ef7100,Sit To Stand On A Chair,general_movement,Sit To Stand On A Chair,,False,bodyweight,70,88,95,65
48a6281e-75a0-4226-8449-73ea9da93d19,Side Step Grab,core_exercise,Core Exercise,"crunch, plank",False,bodyweight,70,88,95,65
48a8599c-984b-48ae-928a-be8f9ae19040,Armless Prayer Stretch,general_stretch,Stretch,,False,bodyweight,70,88,95,65
48b4ea25-66ce-4118-8cef-45fbd5f0d26a,Pulsing Donkey Kickback,back_exercise,Back Exercise,"bent_over_row, lat_pulldown",False,bodyweight,70,88,95,65
48b652c7-1498-483c-94f2-5b93df62a84c,Incline Palm In Press (Band),press,Press,"bench_press, shoulder_press",False,band,60,85,90,50
48b8e8a4-b61e-4b00-b985-eba61ea7f5d2,Sumo Pull Through (Dumbbell),general_movement,Sumo Pull Through,,False,dumbbell,92,90,92,90
48c4bc0e-9d46-4329-a1d7-25d41330c7cc,Row Door Handle (Bodyweight),bent_over_row,Bent Over Row,"lat_pulldown, face_pull, bicep_curl, rear_delt_fly",False,bodyweight,70,88,95,65
48d9f904-9bf4-4b2b-9f40-9145ae5b592d,Neutral Grip Front Raise (Resistance Band),front_raise,Front Raise,"shoulder_press, lateral_raise, incline_bench_press",False,band,60,85,90,50
48e493b9-e028-4b85-8d90-6c3a88dc84fa,Lunge Pass Through (Kettlebell),lunge,Lunge,"split_squat, step_up, squat, leg_press",False,kettlebell,75,85,85,78
48e88343-3eca-45d5-bd44-aa5c75099b98,Roll Recumbent Hip External Rotator And Hip Extens,general_movement,Roll Recumbent Hip External Rotator And Hip Extens,,False,bodyweight,70,88,95,65
48f9f44a-4b8e-48e0-9293-15828f1e834d,Standing Hip Circle,general_movement,Standing Hip Circle,,False,bodyweight,70,88,95,65
490ebce1-9ddb-4c5b-b573-0086bc9b8b8f,Biceps Table Row,bent_over_row,Bent Over Row,"lat_pulldown, face_pull, bicep_curl, rear_delt_fly",False,bodyweight,70,88,95,65
49101649-73d1-434c-ab8d-9908bf9893bb,Sitting Lotus Pose Woodchoper,general_stretch,Stretch,,False,bodyweight,70,88,95,65
4910a548-cc5a-4b8e-bf8d-98266b776667,Lying One Arm Rear Lateral Raise (Dumbbell),lateral_raise,Lateral Raise,"shoulder_press, front_raise, rear_delt_fly",True,dumbbell,92,90,92,90
4911f73a-4d21-4310-aeea-93cf6f1b18c4,Sitting Punch Knee Tap On A Padded Stool,general_movement,Sitting Punch Knee Tap On A Padded Stool,,False,bodyweight,70,88,95,65
4912e3f7-79d3-4715-b99d-b57d1f81c1c2,Cobra Push Up,push_up,Push Up,"bench_press, fly, dip, tricep_extension",True,bodyweight,70,88,95,65
491daa1a-a7a6-42f1-9bd4-0736ab566645,Chair Pose I Utkatasana I,general_stretch,Stretch,,False,bodyweight,70,88,95,65
4939f54a-5b6a-43a0-b585-637ac7b25a0f,Standing Forward Leg Swings,leg_exercise,Leg Exercise,"squat, leg_press",False,bodyweight,70,88,95,65
49408317-2f43-4d09-92ab-f821b9228900,Kneeling Shoulder Press (Resistance Band),shoulder_press,Shoulder Press,"lateral_raise, front_raise, tricep_extension",False,band,60,85,90,50
4944cdbd-d390-46eb-ba33-dd8cc8869a93,Lying Single To Double Leg Raise,leg_raise,Leg Raise,"crunch, plank, reverse_crunch",False,bodyweight,70,88,95,65
49559647-3a72-4b20-abf6-0081874090f5,Lever Seated Hip Adduction,hip_adduction,Hip Adduction,"hip_abduction, sumo_squat, lunge",False,machine,80,75,20,88
495b3c7a-b38a-4a7d-9f62-cf60ae7f8567,Handstand Shoulder Press With Wall (between Benche,shoulder_press,Shoulder Press,"lateral_raise, front_raise, tricep_extension",False,bodyweight,70,88,95,65
496a0f3d-724a-41ea-874b-ac4b426588f1,Lever Leg Extension,leg_extension,Leg Extension,"squat, leg_press, leg_curl",True,machine,80,75,20,88
496a0f8f-5455-4a79-81d6-7824b66cba97,Jaw Stretch,general_stretch,Stretch,,False,bodyweight,70,88,95,65
497ff493-3557-491d-baf3-3ba271d7c369,High Knee Squat,squat,Squat,"leg_press, leg_extension, lunge, leg_curl",False,bodyweight,70,88,95,65
498ba500-519d-4065-aeac-19fcc0c86b2b,Punches Side Lunge,lateral_lunge,Lateral Lunge,"split_squat, step_up, squat, leg_press",False,bodyweight,70,88,95,65
498eb91b-91ff-4609-8737-c270619c5fee,Clap Push Up,push_up,Push Up,"bench_press, fly, dip, tricep_extension",True,bodyweight,70,88,95,65
498f539f-d7b0-4fa6-99d9-d5111ae8c579,Standing Balance Hip Flexion Pulse,general_movement,Standing Balance Hip Flexion Pulse,,False,bodyweight,70,88,95,65
499986af-5422-4eaa-b7fd-74856658e8ab,Hip External Rotation Test,general_movement,Hip External Rotation Test,,False,bodyweight,70,88,95,65
49aec4fa-34ff-45f9-a136-6093e54b82a3,Lever Lying Crunch,crunch,Crunch,"leg_raise, plank, russian_twist",False,machine,80,75,20,88
49b294f6-b3bd-49ab-a4ab-2af7e9450142,Kneeling Straight Leg Side Kick,leg_exercise,Leg Exercise,"squat, leg_press",False,bodyweight,70,88,95,65
49b548a3-2734-48ff-bf99-90e8853326e1,Triceps Pushdown (Resistance Band),tricep_pushdown,Tricep Pushdown,"tricep_extension, skull_crusher, dip",False,band,60,85,90,50
49b8c51c-474d-4e80-b713-e0949f5588c8,Roll Ball Forearm Extensors,arm_exercise,Arm Exercise,"bicep_curl, tricep_extension",False,bodyweight,70,88,95,65
49bc713a-d800-4d7b-9ac0-f4052d9a8240,Seated Front Raise On Chair,front_raise,Front Raise,"shoulder_press, lateral_raise, incline_bench_press",False,bodyweight,70,88,95,65
49bcccef-223a-4b56-b008-375b47a7fe2a,Lying Triceps Extension With Pillow,skull_crusher,Skull Crusher,"tricep_extension, tricep_pushdown, dip",False,bodyweight,70,88,95,65
49cf74b9-8326-4ec3-a8f2-0e9dbc35b0ea,Alternate Forward Step Arm Swing,arm_exercise,Arm Exercise,"bicep_curl, tricep_extension",False,bodyweight,70,88,95,65
49cfa8ba-734f-43cf-b0d9-a4282cd9d42c,Inverted Row Under Table,inverted_row,Inverted Row,"lat_pulldown, face_pull, bicep_curl, rear_delt_fly",False,bodyweight,70,88,95,65
49f6cdb5-f471-43d3-9e8c-0b6ad5486f55,Over The Bench Supination (Dumbbell),general_movement,Over The Bench Supination,,False,dumbbell,92,90,92,90
49f88ce8-8cb8-412b-bef4-869e44bd4af4,Dive Bomber Push Up,push_up,Push Up,"bench_press, fly, dip, tricep_extension",True,bodyweight,70,88,95,65
4a100f2a-30e9-4e45-a176-19166d2dae34,Cobra Yoga Pose,general_stretch,Stretch,,False,bodyweight,70,88,95,65
4a1b6d76-b972-4a15-a841-e845f00fbd58,Skater Hops,general_movement,Skater Hops,,False,bodyweight,70,88,95,65
4a2765a1-2a92-4f8e-8bd9-806d99d2b809,Side To Side Way,general_movement,Side To Side Way,,False,bodyweight,70,88,95,65
4a315a07-5dee-4821-a4ff-e2c0de79bdb7,Standing Yin Yang Circles,general_movement,Standing Yin Yang Circles,,False,bodyweight,70,88,95,65
4a4a98ce-95a3-4978-bc0d-73af36899dc6,Wipers (straight Leg),leg_exercise,Leg Exercise,"squat, leg_press",False,bodyweight,70,88,95,65
4a5dbb55-0cd4-41ff-84fb-c48b00482a02,Weighted Plate Decline Chest Press,chest_press,Chest Press,"bench_press, fly, tricep_pushdown",False,bodyweight,70,88,95,65
4a5f0173-5a3e-4aee-a71f-179527378ff7,Chest Fly Plyo Squat,fly,Chest Fly,"bench_press, incline_fly, push_up",False,bodyweight,70,88,95,65
4a74b14e-d4d9-48ff-8aed-cfeba361c50e,Suspender Triceps Kickback,tricep_kickback,Tricep Kickback,"tricep_extension, tricep_pushdown, dip",False,bodyweight,70,88,95,65
4a795136-faa7-4beb-bee9-1fcb79de1dfa,Sitting Lateral Raise Stepout On A Padded Stool,lateral_raise,Lateral Raise,"shoulder_press, front_raise, rear_delt_fly",False,bodyweight,70,88,95,65
4a7cce38-366e-419a-be4b-9d9b96161bce,Heel Tap Arm Curl,bicep_curl,Bicep Curl,"hammer_curl, preacher_curl, tricep_extension",False,bodyweight,70,88,95,65
4a80b66e-fd96-404a-86e9-1a8bec6c7f5a,Pushdown (Band),tricep_pushdown,Tricep Pushdown,"tricep_extension, skull_crusher, dip",False,band,60,85,90,50
4a9673b2-6e03-4f3e-9ae6-cdc3214c4f3e,Planked Side Toe Tap,side_plank,Side Plank,"crunch, leg_raise, russian_twist",False,bodyweight,70,88,95,65
4a977d99-fe88-4f09-860a-63f095d98af1,Lying Close Grip Press (Barbell),press,Press,"bench_press, shoulder_press",False,barbell,95,80,65,95
4aa538af-3d19-4783-b239-f1810b025b05,Side Hands Standing Crunch,oblique_crunch,Oblique Crunch,"leg_raise, plank, russian_twist",False,bodyweight,70,88,95,65
4aa66d7e-d77d-438d-ae98-0369653c0f08,Lying Crossed Legs Twist,leg_exercise,Leg Exercise,"squat, leg_press",False,bodyweight,70,88,95,65
4aab6110-dc3c-4174-8494-5f18ca75825c,Landmine Shoulders Press With Viking Press Attachm,press,Press,"bench_press, shoulder_press",False,bodyweight,70,88,95,65
4aafdf39-7542-4b43-a793-d01aeabf2888,Sitting Side To Side Hip Mobilization On Exercise,hip_stretch,Hip Stretch,,False,bodyweight,70,88,95,65
4ab85793-11de-468d-8b0d-e9683600f7fe,Pulsing Side Squat,squat,Squat,"leg_press, leg_extension, lunge, leg_curl",False,bodyweight,70,88,95,65
4ac33ce4-32bc-4df5-a1d7-7c645e7a58ec,Lunge Stretch,general_stretch,Stretch,,False,bodyweight,70,88,95,65
4ac6ce6b-9dcd-4532-b2df-5d069ad18c0b,Wide Grip Upright Row (Barbell),upright_row,Upright Row,"lateral_raise, shrug, shoulder_press",False,barbell,95,80,65,95
4accf13c-ea85-4674-a6ab-13534a6ceece,Segmental Roll,general_movement,Segmental Roll,,False,bodyweight,70,88,95,65
4ad8a196-037b-4925-90e0-0b6d5d03fd57,Roll Hip Stretch,hip_stretch,Hip Stretch,,False,bodyweight,70,88,95,65
4adafdc8-a515-4ecc-8267-2841e552a793,Lying Leg Hip Raise,raise,Raise,"lateral_raise, front_raise",False,bodyweight,70,88,95,65
4ae0d9b8-ca72-4904-819e-48af6aa67ac5,Lying Leg Raise (modified),leg_raise,Leg Raise,"crunch, plank, reverse_crunch",False,bodyweight,70,88,95,65
4ae2ef56-4e34-4785-8437-9ff4db4b6d0d,Tip Toe Glute Bridge Pulse,glute_bridge,Glute Bridge,"hip_thrust, romanian_deadlift, leg_curl",False,bodyweight,70,88,95,65
4aeeb797-5df5-4456-af4d-214295c111df,Reverse Fly (Band),rear_delt_fly,Rear Delt Fly,"face_pull, lateral_raise, bent_over_row",False,band,60,85,90,50
4af0ef2d-8f84-4bf6-b406-1cb58964c744,Leg Stretched Open Toes Together Knees Together,general_stretch,Stretch,,False,bodyweight,70,88,95,65
4af84019-d9c5-4d47-998b-f805731fe184,Standing Single Leg Curl,leg_curl,Leg Curl,"romanian_deadlift, hip_thrust, leg_extension",False,bodyweight,70,88,95,65
4aff94db-b08f-42ea-9da8-4704985ff578,Standing Front Leg Lift Cross Toe Touches,leg_exercise,Leg Exercise,"squat, leg_press",False,bodyweight,70,88,95,65
4b0b3d6d-fb3b-4552-b106-17429d186585,Seated Single Leg Curl On Chair,seated_leg_curl,Seated Leg Curl,"romanian_deadlift, hip_thrust, leg_extension",False,bodyweight,70,88,95,65
4b0d7d0f-7f86-4a28-9422-6f43251f28db,Push Up Alternate Rear Lunge Against Wall,push_up,Push Up,"bench_press, fly, dip, tricep_extension",True,bodyweight,70,88,95,65
4b120ac4-652b-4bc0-bf36-fab0e9e9fcc7,Diagonal Claps Woodchopper,woodchop,Woodchop,"russian_twist, oblique_crunch, plank",False,bodyweight,70,88,95,65
4b14837b-648c-4480-94e1-9e2f1ba3b287,Sled One Leg Hack Squat,hack_squat,Hack Squat,"leg_press, leg_extension, lunge, leg_curl",False,bodyweight,70,88,95,65
4b1f3ee9-3747-4787-a8a4-88980a443cb6,Cow Face Yoga Pose Gomukhasana,general_stretch,Stretch,,False,bodyweight,70,88,95,65
4b2f3a9e-bebc-4f35-bf40-35437a559d22,Preacher Curl (Cable),preacher_curl,Preacher Curl,"bicep_curl, hammer_curl, concentration_curl",False,cable,85,88,30,92
4b32e012-daa8-4fd0-9847-e00ce323a297,Dumbbel Seated Arnold Press,arnold_press,Arnold Press,"shoulder_press, lateral_raise, front_raise",False,bodyweight,70,88,95,65
4b341238-1b38-43ea-b78b-736c1f4963e7,Full Zercher Squat (Barbell),squat,Squat,"leg_press, leg_extension, lunge, leg_curl",True,barbell,95,80,65,95
4b4404a7-3796-4a06-8d3c-2bb1df30a64f,Bottle Weighted Front Raise,front_raise,Front Raise,"shoulder_press, lateral_raise, incline_bench_press",False,bodyweight,70,88,95,65
4b4733d1-6629-45f6-84fb-a455c5b98be4,Middle Back Stretch,back_stretch,Back Stretch,,False,bodyweight,70,88,95,65
4b630e3b-37a5-4243-8033-96dd49b64e2a,Seated Lower Trunk Lateral Flexor Stretch,back_stretch,Back Stretch,,False,bodyweight,70,88,95,65
4b705b1c-f5ac-47ef-9ddf-0276221f07d9,Lying Leg Abduction,hip_abduction,Hip Abduction,"hip_adduction, glute_kickback, hip_thrust",False,bodyweight,70,88,95,65
4b805ea2-96b5-4335-8174-6f95e7b4ade4,Forward Arms Plank,plank,Plank,"crunch, leg_raise, russian_twist",True,bodyweight,70,88,95,65
4b8d3e4d-6284-44ff-b461-b3de6f0b7c25,Lever Linear Delt Row,machine_row,Machine Row,"lat_pulldown, face_pull, bicep_curl, rear_delt_fly",False,machine,80,75,20,88
4b94735b-c17e-4364-abab-6ce593375a37,Leg Length Test,leg_exercise,Leg Exercise,"squat, leg_press",False,bodyweight,70,88,95,65
4ba38b5c-0551-462f-a2fd-770f2503fd34,Clean And Press (Kettlebell),press,Press,"bench_press, shoulder_press",False,kettlebell,75,85,85,78
4ba90dca-7a13-442f-8c90-89f2c54a8641,Negative Biceps Leg Concentration Curl,concentration_curl,Concentration Curl,"bicep_curl, preacher_curl, hammer_curl",False,bodyweight,70,88,95,65
4bb248fd-cfb1-4810-b741-ebe72e308168,EZ (Barbell) Reverse Grip Curl,reverse_curl,Reverse Curl,"bicep_curl, hammer_curl, wrist_curl",False,barbell,95,80,65,95
4bbf5e4d-6a0e-4f61-904e-9802f64ada28,Incline Twisting Sit Up,crunch,Crunch,"leg_raise, plank, russian_twist",True,bodyweight,70,88,95,65
4bc7f0d5-0e7e-4881-82f0-96e10553caff,Bird Dog Male,general_movement,Bird Dog Male,,False,bodyweight,70,88,95,65
4bd2591a-0756-402f-8375-6e1db2d88073,Standing Hands On Shoulder Raise And Elbow Touch (,raise,Raise,"lateral_raise, front_raise",False,bodyweight,70,88,95,65
4bd2aa35-5caa-475c-939a-81b693e8a585,Forearms To Wide Grip Wall Push Up,push_up,Push Up,"bench_press, fly, dip, tricep_extension",True,bodyweight,70,88,95,65
4bdbc174-7146-4b92-9bbc-cb324a11271e,Walking Knee Raise On Spot (front Pov),leg_raise,Leg Raise,"crunch, plank, reverse_crunch",False,bodyweight,70,88,95,65
4bdc62cd-edcd-4685-befc-ce3fae64dab5,Double Swing (Kettlebell),kettlebell_swing,Kettlebell Swing,"hip_thrust, deadlift, clean",False,kettlebell,75,85,85,78
4bdc971d-f5c2-43a4-9126-ffc32433d7d1,Roll Ball Deltoid Posterior,general_movement,Roll Ball Deltoid Posterior,,False,bodyweight,70,88,95,65
4be04d6e-9383-4535-9492-34d00519383e,Shuffle,general_movement,Shuffle,,False,bodyweight,70,88,95,65
4be91df4-2015-404d-97da-2a1d6ecc0de2,L Sit On Chair,general_movement,L Sit On Chair,,False,bodyweight,70,88,95,65
4beb372f-3025-4c12-8dff-a2a75ac7cb76,Kneeling Forward Palm Nudges,general_movement,Kneeling Forward Palm Nudges,,False,bodyweight,70,88,95,65
4bf26fa4-9885-4b2f-97df-8842142bff90,Sitting Hip Sway Cut On A Chair,general_movement,Sitting Hip Sway Cut On A Chair,,False,bodyweight,70,88,95,65
4bf6565a-9485-4388-9660-d4eeff04a2e3,Bottle Weighted Lying Chest Press,chest_press,Chest Press,"bench_press, fly, tricep_pushdown",False,bodyweight,70,88,95,65
4bf9fb9a-54ec-4072-ac7e-641e16df7a44,Single Leg Calve Stretch,general_stretch,Stretch,,False,bodyweight,70,88,95,65
4c094e6b-8087-4ace-a946-4b676a688188,Incline Biceps Curl (Dumbbell),incline_curl,Incline Curl,"bicep_curl, preacher_curl, hammer_curl",False,dumbbell,92,90,92,90
4c0afee6-f8ee-43a1-83bb-426b0fac23fc,Half Plyo Forward To Top Arms Raise,raise,Raise,"lateral_raise, front_raise",False,bodyweight,70,88,95,65
4c14d466-ef7e-4cb7-842c-b1f9e1f6f37b,Bottle Weighted Single Leg Romanian Deadlift,romanian_deadlift,Romanian Deadlift,"romanian_deadlift, bent_over_row, hip_thrust, squat",False,bodyweight,70,88,95,65
4c260740-b6f4-4708-b48b-d959f605445c,Incline Breeding (Dumbbell),general_movement,Incline Breeding,,False,dumbbell,92,90,92,90
4c2bbd88-994d-4f3a-9f68-6f541604bbbc,Single Leg Hip Extension With Chair Supported,extension,Extension,"tricep_extension, leg_extension",False,bodyweight,70,88,95,65
4c326704-91d7-4dc3-b00a-58342417372d,Sitting Neck Rotation Stretch,general_stretch,Stretch,,False,bodyweight,70,88,95,65
4c36ca20-7fa4-4b72-800e-2a4861c30e55,Criss Cross Arms Prayer Push,arm_exercise,Arm Exercise,"bicep_curl, tricep_extension",False,bodyweight,70,88,95,65
4c5e0b0c-818d-484a-ad73-33c5559d54e7,Alternating Celebratory Knee Drives,general_movement,Alternating Celebratory Knee Drives,,False,bodyweight,70,88,95,65
4c5ef365-a898-478e-a838-9cef0a225f0f,Bent Over Row (Band),bent_over_row,Bent Over Row,"lat_pulldown, face_pull, bicep_curl, rear_delt_fly",False,band,60,85,90,50
4c5fe974-c622-4d71-bc70-62c896f00339,Side Shuffle High Knee,high_knees,High Knees,"mountain_climber, burpee, jumping_jack",False,bodyweight,70,88,95,65
4c776bdc-fcb4-4c9a-8772-66e90e55152b,Duck And Forward Punches,general_movement,Duck And Forward Punches,,False,bodyweight,70,88,95,65
4c7cb666-98ec-4934-b88b-9d49cf90a058,Face Pull (Band),face_pull,Face Pull,"rear_delt_fly, lateral_raise, bent_over_row",False,band,60,85,90,50
4c80d2b3-3449-4f5b-8b2d-bd6cda7d4ddd,Bent Over Reverse Raise (skier) (Dumbbell),raise,Raise,"lateral_raise, front_raise",False,dumbbell,92,90,92,90
4c8c357a-8aec-401a-968a-dbd0d11748c2,Suspender Reverse Crunch,reverse_crunch,Reverse Crunch,"leg_raise, plank, russian_twist",False,bodyweight,70,88,95,65
4c8d2c89-e049-47b3-bb73-6227a056a775,Alternating Hamstring Curl With Punches,leg_curl,Leg Curl,"romanian_deadlift, hip_thrust, leg_extension",False,bodyweight,70,88,95,65
4c95f1d3-b7cd-4cc8-bd9b-67feedf4a097,Run And Hop,running,Running,,False,bodyweight,70,88,95,65
4c9883c2-a645-4f53-8917-1d7b6c068f00,Quadruped Hip Extension To Abduction,hip_abduction,Hip Abduction,"hip_adduction, glute_kickback, hip_thrust",False,bodyweight,70,88,95,65
4c9aa347-b8ba-453d-9c61-44fc03ce5b9a,Standing Scapular External Rotation Hold,general_movement,Standing Scapular External Rotation Hold,,False,bodyweight,70,88,95,65
4c9f8918-3c9f-4fbc-97b6-0b95ab7eb631,Reverse Grip Bent Over Row (Barbell),bent_over_row,Bent Over Row,"lat_pulldown, face_pull, bicep_curl, rear_delt_fly",True,barbell,95,80,65,95
4ca17588-acf8-485a-a9e3-dd8420f48925,Sitting Knee Raise (stability Ball),leg_raise,Leg Raise,"crunch, plank, reverse_crunch",False,bodyweight,70,88,95,65
4ca23705-e0c8-48f3-8057-611184dae5e9,Split Squat (Band),split_squat,Split Squat,"leg_press, leg_extension, lunge, leg_curl",False,band,60,85,90,50
4cae41da-19dd-4b01-873a-8417c834cd9a,Internal And External Shoulder Rotation Against Wa,shoulder_exercise,Shoulder Exercise,"shoulder_press, lateral_raise",False,bodyweight,70,88,95,65
4cb52ef7-8da3-4479-bbf2-446023f1e77e,Walking Front Kick Hand Shake,general_movement,Walking Front Kick Hand Shake,,False,bodyweight,70,88,95,65
4cb73ec0-18f8-4f48-8cb9-dd1388c1da5b,Weighted Plate Standing Around The World,general_movement,Weighted Plate Standing Around The World,,False,bodyweight,70,88,95,65
4cb75285-729d-4079-b946-ae6f23361e19,Lever Bent Over Wide Grip Row (with Chest Support),machine_row,Machine Row,"lat_pulldown, face_pull, bicep_curl, rear_delt_fly",False,machine,80,75,20,88
4cc8e0e9-73f1-4226-b8b1-905f0f352dba,Narrow Stance Squat (Barbell),bent_over_row,Bent Over Row,"lat_pulldown, face_pull, bicep_curl, rear_delt_fly",True,barbell,95,80,65,95
4cc96f83-ad47-4f6d-a267-bea571eebcaa,Bent Over Reverse Fly (Resistance Band),rear_delt_fly,Rear Delt Fly,"face_pull, lateral_raise, bent_over_row",False,band,60,85,90,50
4cd10cbb-09a5-451c-adee-c524c78a8bfc,Twist (down Up) (Cable),core_exercise,Core Exercise,"crunch, plank",False,cable,85,88,30,92
4cd88e67-b749-4d84-ac80-784a8ca0ffd5,Step Up (Dumbbell),step_up,Step Up,"lunge, split_squat, squat",False,dumbbell,92,90,92,90
4cdc6d7d-c0c2-45d1-af8b-a86f66021790,Chest Pull Back,chest_exercise,Chest Exercise,"bench_press, fly",False,bodyweight,70,88,95,65
4cde2c89-75f2-44e2-93c7-03ae3f59eda8,Sitting Trapezius Stretch On A Chair,general_stretch,Stretch,,False,bodyweight,70,88,95,65
4cf01495-3ef7-4ef0-8da4-89c45b837088,Suspender Chest Press To Rollout,chest_press,Chest Press,"bench_press, fly, tricep_pushdown",False,bodyweight,70,88,95,65
4cf19234-1b6a-47f8-a339-1d4d82c99231,Plyo Jack,general_movement,Plyo Jack,,False,bodyweight,70,88,95,65
4cf5a493-2650-4d89-a3e4-41ed87f1b493,Standing Biceps Curl (with Leg),arm_exercise,Arm Exercise,"bicep_curl, tricep_extension",False,bodyweight,70,88,95,65
4cf87ac8-7642-4ad7-b973-4bcc8f9dd7b7,Knee Tap Sky Reach,general_movement,Knee Tap Sky Reach,,False,bodyweight,70,88,95,65
4cfdb40c-e308-4c44-9c1e-fa6af2adc9ad,Plank From Knees,plank,Plank,"crunch, leg_raise, russian_twist",True,bodyweight,70,88,95,65
4d020465-c0d1-4ac5-ad70-6b6ab4bb37b4,Lever Graviton Assisted Dip,dip,Dip,"bench_press, tricep_pushdown, push_up",False,machine,80,75,20,88
4d034d4d-ec89-4382-af0b-58f94b868ddd,Deadlift (Barbell),deadlift,Deadlift,"romanian_deadlift, bent_over_row, hip_thrust, squat",True,barbell,95,80,65,95
4d0453ec-82f3-475a-ad7e-4bca1ccfc7c6,Side Plank Leg Raise,leg_raise,Leg Raise,"crunch, plank, reverse_crunch",False,bodyweight,70,88,95,65
4d3b9cf8-49d1-4586-a36d-c01cb5fad7aa,Horizontal Biceps Curl (Band),bicep_curl,Bicep Curl,"hammer_curl, preacher_curl, tricep_extension",False,band,60,85,90,50
4d4e025f-7490-4ded-a1e3-24612d4c8500,Sitting Knee Drives On A Chair,general_movement,Sitting Knee Drives On A Chair,,False,bodyweight,70,88,95,65
4d597366-992b-4690-bfbe-1fcb057b6825,One Arm Zottman Preacher Curl (Dumbbell),preacher_curl,Preacher Curl,"bicep_curl, hammer_curl, concentration_curl",False,dumbbell,92,90,92,90
4d70265e-70b6-4490-bdf8-94a708666f0c,Seated W Press (Dumbbell),press,Press,"bench_press, shoulder_press",False,dumbbell,92,90,92,90
4d7ef754-c668-44b6-b156-c43b8e90d70c,Alternating Hip Flexor Hamstring Stretch,hip_stretch,Hip Stretch,,False,bodyweight,70,88,95,65
4daa12fe-2442-4933-b011-56f5bd2b65b5,Lever Rear Foot Elevanted Split Squat (plate Loade,split_squat,Split Squat,"leg_press, leg_extension, lunge, leg_curl",False,machine,80,75,20,88
4daa8dfa-6b43-46bd-8ddb-ef5bd40fd7f1,Glute Bridge Walk,glute_bridge,Glute Bridge,"hip_thrust, romanian_deadlift, leg_curl",False,bodyweight,70,88,95,65
4dc49ea7-9ede-410b-93ca-2a9196e12ced,Split Squat Heel Raise,split_squat,Split Squat,"leg_press, leg_extension, lunge, leg_curl",False,bodyweight,70,88,95,65
4dc775a5-6f20-4b2b-83e4-270bbf230d42,Smith Standing Shoulder Press,shoulder_press,Shoulder Press,"lateral_raise, front_raise, tricep_extension",False,smith_machine,72,70,25,80
4dd54070-2482-4551-8b75-9599dd9872b1,Zercher Bulgarian Split Squat (Barbell),split_squat,Split Squat,"leg_press, leg_extension, lunge, leg_curl",False,barbell,95,80,65,95
4dd8f2cb-d997-4de6-9a44-7c86d61ce556,Weighted Lying Leg Raise,leg_raise,Leg Raise,"crunch, plank, reverse_crunch",False,bodyweight,70,88,95,65
4de86056-3131-44fe-943d-67c41faa0a42,Standing Inner Biceps Curl (Dumbbell),bicep_curl,Bicep Curl,"hammer_curl, preacher_curl, tricep_extension",True,dumbbell,92,90,92,90
4ded3539-11ba-4de9-8790-fa0cc4741005,Tire Flip,general_movement,Tire Flip,,False,bodyweight,70,88,95,65
4df040b7-72ec-410a-934a-cf7000987d6c,Seated Reverse Shrug (Cable),shrug,Shrug,"upright_row, deadlift, bent_over_row",False,cable,85,88,30,92
4df35803-fb80-4f9f-923c-ba0cf5f6f5f1,Oblique V Up On Floor,v_up,V Up,"crunch, leg_raise, plank",False,bodyweight,70,88,95,65
4df55e5d-25b7-49f4-87d3-25ecf33996c0,Reverse Frog Crunch,reverse_crunch,Reverse Crunch,"leg_raise, plank, russian_twist",False,bodyweight,70,88,95,65
4df9db24-3706-423b-913f-b21097346413,Pilates Machine Hundred,general_movement,Pilates Machine Hundred,,False,machine,80,75,20,88
4e07f2f4-60f7-43f7-a242-a73769f9a4de,Lever Leg Extension (inward Toes),leg_extension,Leg Extension,"squat, leg_press, leg_curl",True,machine,80,75,20,88
4e18e2bd-5afd-41ae-bfd2-ebc33ce74fe1,Sitting Abdominal Breathing,core_exercise,Core Exercise,"crunch, plank",False,bodyweight,70,88,95,65
4e199539-7875-4171-84cd-71d47741d539,Wide Leg Sit Up,crunch,Crunch,"leg_raise, plank, russian_twist",True,bodyweight,70,88,95,65
4e1bac28-a13c-4fbf-98af-28f45b2401e1,Lever Stack Seated Single Arm Chest Press,chest_press,Chest Press,"bench_press, fly, tricep_pushdown",True,machine,80,75,20,88
4e1bfbf5-eba7-4a5a-8751-af25cbf76597,Sitting Incline Press Stepout On A Chair,press,Press,"bench_press, shoulder_press",False,bodyweight,70,88,95,65
4e7c1316-24df-4dc3-b8d1-9f46b113bed2,Kneeling Backward Hip Circles,back_exercise,Back Exercise,"bent_over_row, lat_pulldown",False,bodyweight,70,88,95,65
4e7d8487-30dd-4993-9126-f7798dd96dd6,Sliding Floor Pulldown On Towel,lat_pulldown,Lat Pulldown,"pull_up, bent_over_row, bicep_curl, face_pull",False,bodyweight,70,88,95,65
4e96259e-3ebc-4aa8-ab91-31c37e9a2933,Tabletop To Downward Facing Dog Pose,general_stretch,Stretch,,False,bodyweight,70,88,95,65
4ea84917-afe2-4bc4-80f8-86a86f46d445,EZ Bar Seated Close Grip Concentration Curl,concentration_curl,Concentration Curl,"bicep_curl, preacher_curl, hammer_curl",False,bodyweight,70,88,95,65
4ea907dd-963b-45b5-a4af-a90d39dc7aa4,Sitting Leg Hold,leg_exercise,Leg Exercise,"squat, leg_press",False,bodyweight,70,88,95,65
4ec36eb5-b409-4e82-9a29-dea1ba2166c5,Squat Thrust,squat,Squat,"leg_press, leg_extension, lunge, leg_curl",False,bodyweight,70,88,95,65
4ecba5c4-405e-4129-8666-9b87537dc097,Push And Arms Crossover,arm_exercise,Arm Exercise,"bicep_curl, tricep_extension",False,bodyweight,70,88,95,65
4ed739cd-16c8-4fc5-b181-0a1d159b4f7d,Incline Fly (Cable),incline_fly,Incline Fly,"fly, incline_bench_press",False,cable,85,88,30,92
4ee7c97e-407c-415f-be0e-c191c718edf6,Front Squat (Kettlebell),front_squat,Front Squat,"leg_press, leg_extension, lunge, leg_curl",False,kettlebell,75,85,85,78
4ef68911-8f77-4829-a615-9e280bc8dd3a,Tree Yoga Pose Open Chest,chest_stretch,Chest Stretch,,False,bodyweight,70,88,95,65
4f0dfbe5-d1b3-4bbf-a271-c9292a4a871e,Single Leg Split Squat With The Ring (Kettlebell),split_squat,Split Squat,"leg_press, leg_extension, lunge, leg_curl",False,kettlebell,75,85,85,78
4f21f9e0-4f60-4cb7-8a43-3a8612ac8a9a,Single Arm Triceps Pushdown (Resistance Band),tricep_pushdown,Tricep Pushdown,"tricep_extension, skull_crusher, dip",False,band,60,85,90,50
4f22f354-455a-4310-8a15-3f1077faee1b,Twist And Turn,general_movement,Twist And Turn,,False,bodyweight,70,88,95,65
4f26fc15-835f-49c1-a79e-fc0867caa841,Lying 90 Degree Alternate Leg Extension,leg_extension,Leg Extension,"squat, leg_press, leg_curl",False,bodyweight,70,88,95,65
4f336d04-1c3f-4e26-aca8-32aa75ae82cc,Lying Lean Forward Pilates,general_movement,Lying Lean Forward Pilates,,False,bodyweight,70,88,95,65
4f37ef06-21f3-4b89-823a-7fc250586590,Standing Obliques Rotation,general_movement,Standing Obliques Rotation,,False,bodyweight,70,88,95,65
4f3da818-8e5c-4794-907f-2ac485c051db,Incline Shrug (Dumbbell),shrug,Shrug,"upright_row, deadlift, bent_over_row",False,dumbbell,92,90,92,90
4f43e88d-e0fe-4896-8740-5f01da9ed0ea,Seated Close Grip Press (Dumbbell),press,Press,"bench_press, shoulder_press",False,dumbbell,92,90,92,90
4f625774-4a65-42ef-a9e5-1d2b9de149a4,Squat Jacks,squat,Squat,"leg_press, leg_extension, lunge, leg_curl",False,bodyweight,70,88,95,65
4f7de2c4-a72a-4c76-a509-fb0e849aeac2,Bent Over Y Raise (Dumbbell),raise,Raise,"lateral_raise, front_raise",False,dumbbell,92,90,92,90
4f7f8575-c63a-47e6-94f7-81afb235477f,Preacher Curl (stability Ball) (Dumbbell),preacher_curl,Preacher Curl,"bicep_curl, hammer_curl, concentration_curl",False,dumbbell,92,90,92,90
4f81ca82-5e7a-44ea-9992-22395f618b75,Prone Incline Curl (Dumbbell),incline_curl,Incline Curl,"bicep_curl, preacher_curl, hammer_curl",False,dumbbell,92,90,92,90
4f8a4cbd-8a42-492f-966e-c79a52ba6149,Knee Thrust,general_movement,Knee Thrust,,False,bodyweight,70,88,95,65
4f95e16c-8815-4b5d-9b2b-25f6659ae081,Pullover On Floor (Dumbbell),pullover,Pullover,"lat_pulldown, straight_arm_pulldown, fly",False,dumbbell,92,90,92,90
4f9ae140-5c65-4f83-b928-9d9acdc17aab,Front Plank Against Wall,plank,Plank,"crunch, leg_raise, russian_twist",True,bodyweight,70,88,95,65
4fa98b25-4a1b-4a0b-ac54-8d153ec47353,Lying Lower Back Stretch,back_stretch,Back Stretch,,False,bodyweight,70,88,95,65
4fb53cf0-700d-4047-a245-df47dc0efe3f,Standing Triple Yin Yang Circle,general_movement,Standing Triple Yin Yang Circle,,False,bodyweight,70,88,95,65
4fb62a4a-df75-496d-8ec1-0263f29f20a2,Seated Single Leg Hamstring Stretch,hamstring_stretch,Hamstring Stretch,,False,bodyweight,70,88,95,65
4fbb010b-82f1-4399-bb60-7cd87963e60a,Seated Alternate Knee Raises On A Chair,leg_raise,Leg Raise,"crunch, plank, reverse_crunch",False,bodyweight,70,88,95,65
4fc6482e-2813-42d6-93b3-da0589d40da5,Seated Pulldown On Chair,lat_pulldown,Lat Pulldown,"pull_up, bent_over_row, bicep_curl, face_pull",False,bodyweight,70,88,95,65
4fc9c37e-3705-444e-882c-77724d7cc84f,Standing Triceps Stretch Against Wall,tricep_stretch,Tricep Stretch,,False,bodyweight,70,88,95,65
4fc9c782-015c-48da-821c-98aebea503cc,Sumo Squat Side Lunge,sumo_squat,Sumo Squat,"leg_press, leg_extension, lunge, leg_curl",False,bodyweight,70,88,95,65
4fcd06bd-eb7a-4cde-abc8-869122012aaa,Seated Raised Arms Inhale,raise,Raise,"lateral_raise, front_raise",False,bodyweight,70,88,95,65
4fd0aaef-c1e5-40b8-9ff1-b1b4cb239f15,Side Hip Abduction,hip_abduction,Hip Abduction,"hip_adduction, glute_kickback, hip_thrust",False,bodyweight,70,88,95,65
4fd4cdf3-9da1-4b9b-ae89-3067669c67b8,Couch Hip Flexor Stretch,hip_stretch,Hip Stretch,,False,bodyweight,70,88,95,65
4fe4d0f3-cc1e-4f80-9e2c-d5f85c9d5622,Slight Bend Top Crossover And Prayer Push,general_movement,Slight Bend Top Crossover And Prayer Push,,False,bodyweight,70,88,95,65
4fecf096-53a8-452f-8baf-1bd2b117e9cd,Downward Dog To Chaturanga Pose,general_stretch,Stretch,,False,bodyweight,70,88,95,65
4ff84d86-effd-47c9-99b1-077583656415,Kneeling Finger Press,press,Press,"bench_press, shoulder_press",False,bodyweight,70,88,95,65
4ff994f7-b725-4de8-9474-ce4d73319fe3,Standing Reverse Palm Prayer Push And Side Raise (,lateral_raise,Lateral Raise,"shoulder_press, front_raise, rear_delt_fly",False,bodyweight,70,88,95,65
50047b4b-e3cc-4c27-bb1b-065da7a326e5,Assisted Nordic Hamstring Curl (Resistance Band),bicep_curl,Bicep Curl,"hammer_curl, preacher_curl, tricep_extension",False,band,60,85,90,50
500cad80-a3b4-4c1c-8372-6a8888a86bd8,Side To Side Leg Swings,leg_exercise,Leg Exercise,"squat, leg_press",False,bodyweight,70,88,95,65
500de1ab-a909-4e68-81af-7a4ac926a708,Alternating Standing Obliques Pulse Twist,general_movement,Alternating Standing Obliques Pulse Twist,,False,bodyweight,70,88,95,65
5027f56e-e822-4653-8930-635df5988274,Spell Caster,general_movement,Spell Caster,,False,bodyweight,70,88,95,65
50348264-aab8-4e04-a8b4-e114ae410a29,Medicine Ball Twist Turn Slam,general_movement,Medicine Ball Twist Turn Slam,,False,bodyweight,70,88,95,65
5037d817-da22-4b9b-a786-34c296d24b74,Sitting Kickback On A Chair,back_exercise,Back Exercise,"bent_over_row, lat_pulldown",False,bodyweight,70,88,95,65
5037dafd-0909-4cb3-9406-c97fc39407ac,Bar Lateral Pulldown (Cable),lat_pulldown,Lat Pulldown,"pull_up, bent_over_row, bicep_curl, face_pull",True,cable,85,88,30,92
50435172-dda6-4552-8b3a-fa7ee80ad705,Suspender Incline Push Up,incline_push_up,Incline Push Up,"bench_press, fly, dip, tricep_extension",False,bodyweight,70,88,95,65
5053beac-280e-41c5-8eec-6e7d9ce1dbfe,Lying Ab Press,press,Press,"bench_press, shoulder_press",False,bodyweight,70,88,95,65
50632f12-7ef4-4495-9838-008cd85efa30,Pushdown (Cable),tricep_pushdown,Tricep Pushdown,"tricep_extension, skull_crusher, dip",True,cable,85,88,30,92
50667697-bae1-4d97-9966-80beffa28373,Single Arm Lat Stretch Against Wall,back_stretch,Back Stretch,,False,bodyweight,70,88,95,65
507aad09-44d3-45c5-a91a-33c50b989ac8,Sitting Twist Knee Raise On A Padded Stool,leg_raise,Leg Raise,"crunch, plank, reverse_crunch",False,bodyweight,70,88,95,65
508da1b1-2eeb-47c7-aa3f-437a06914a28,Standing Biceps Curl (Twisting) (Dumbbell),bicep_curl,Bicep Curl,"hammer_curl, preacher_curl, tricep_extension",True,dumbbell,92,90,92,90
5090baaa-16cc-45bd-acfc-fde2c6203c50,Front Plank Toe Tap,plank,Plank,"crunch, leg_raise, russian_twist",True,bodyweight,70,88,95,65
509af9fd-6e7b-4499-935d-dc1e3060172f,Sitting Tibialis Press (Kettlebell),press,Press,"bench_press, shoulder_press",False,kettlebell,75,85,85,78
509e81ed-a024-4f0b-88fe-69868be9d641,Lying One Arm Pronated Triceps Extension (Dumbbell),tricep_extension,Tricep Extension,"tricep_pushdown, skull_crusher, dip, bicep_curl",False,dumbbell,92,90,92,90
50b6b6c1-66a2-4b7a-ba25-c22f5c8b9220,Standing Calf Raise (Cable),calf_raise,Calf Raise,leg_press,False,cable,85,88,30,92
50be3e05-900f-4f9e-86fc-cf2186e8431f,Suspender Rear Lunge,lunge,Lunge,"split_squat, step_up, squat, leg_press",False,bodyweight,70,88,95,65
50d9ecc2-8550-4a2f-bfd8-592866849303,Landmine Squat Jump,squat_jump,Squat Jump,"squat, lunge_jump, box_jump",False,bodyweight,70,88,95,65
50e796dc-9fdc-4413-abb6-326d736886cd,Standing Alternate Raise (Dumbbell),raise,Raise,"lateral_raise, front_raise",False,dumbbell,92,90,92,90
50f3d7df-21cb-4495-b511-34d1560f8f9d,Double Rack Pistol Squat (Kettlebell),pistol_squat,Pistol Squat,"leg_press, leg_extension, lunge, leg_curl",False,kettlebell,75,85,85,78
50fd0115-cb0f-4711-81c9-52c0b2fd6563,Lying Tip Toe,general_movement,Lying Tip Toe,,False,bodyweight,70,88,95,65
5107bff7-8f33-4612-ad7d-a0e9e82dfcd4,Straight Leg Opposite Sit Up,crunch,Crunch,"leg_raise, plank, russian_twist",True,bodyweight,70,88,95,65
51195d66-fb10-4745-97b5-58b1eb1b3dd4,Full Downward Dog Yoga Pose,general_stretch,Stretch,,False,bodyweight,70,88,95,65
51219939-d846-400c-9584-e2059dc469e8,Incline Two Arm Extension (Dumbbell),extension,Extension,"tricep_extension, leg_extension",False,dumbbell,92,90,92,90
5123fa96-8dfa-437b-9ffb-b0f978f46ad8,Single Rack Pistol Squat (Kettlebell),pistol_squat,Pistol Squat,"leg_press, leg_extension, lunge, leg_curl",False,kettlebell,75,85,85,78
512bccbc-db64-4cc2-8c36-3cbf47fe08cf,Lotus Pose Breathing,general_stretch,Stretch,,False,bodyweight,70,88,95,65
512f3342-19b6-4c1a-80d3-075bb0a93c2f,Push Jumping Jack,jumping_jack,Jumping Jack,"burpee, high_knees, squat_jump",False,bodyweight,70,88,95,65
514622fb-78f2-4190-8d0e-a2bb348eea4f,Squat And Double Knee To Elbow,squat,Squat,"leg_press, leg_extension, lunge, leg_curl",False,bodyweight,70,88,95,65
514a13e2-6fed-4336-bfd7-c7d1801cebaf,Sumo Squat With Heel Raise,sumo_squat,Sumo Squat,"leg_press, leg_extension, lunge, leg_curl",False,bodyweight,70,88,95,65
5153acf4-e56f-4fdd-af29-a79b451b34a0,Side Lying Wide Opener,general_movement,Side Lying Wide Opener,,False,bodyweight,70,88,95,65
515ad8d0-e4ed-4abb-965c-691026b2759d,Trap Bar Overhead Press,shoulder_press,Shoulder Press,"lateral_raise, front_raise, tricep_extension",False,bodyweight,70,88,95,65
51651a1c-31de-4eaa-851a-77ca0cbc4788,Lying Figure 4 With Rotation,general_movement,Lying Figure 4 With Rotation,,False,bodyweight,70,88,95,65
516e1c9c-c737-4bd0-9653-fd6da19da9e3,Variable Press (Dumbbell),press,Press,"bench_press, shoulder_press",False,dumbbell,92,90,92,90
518df31f-f09e-425a-8d90-6f218935dfb1,Incline Y Raise Wrist Straps With Back Support  (Cable),raise,Raise,"lateral_raise, front_raise",False,cable,85,88,30,92
51907bc3-2e6d-4fd3-a17f-ef5bbaf14870,Kneeling Elbow To Knee Side Plank Crunch,oblique_crunch,Oblique Crunch,"leg_raise, plank, russian_twist",False,bodyweight,70,88,95,65
51911833-d03c-466a-920d-96e22b6db670,Standing Top Corner Punch,general_movement,Standing Top Corner Punch,,False,bodyweight,70,88,95,65
5193eb12-fb59-407c-aa7b-69680ef1307a,Diagonal In Out On Chair,general_movement,Diagonal In Out On Chair,,False,bodyweight,70,88,95,65
51b1497c-e432-4d8d-9369-064050567b81,Sitting Cat Cow Stretch On A Chair,general_stretch,Stretch,,False,bodyweight,70,88,95,65
51b4bfb8-c69c-4c22-92fc-312e98a31689,Suspender Crunch,crunch,Crunch,"leg_raise, plank, russian_twist",True,bodyweight,70,88,95,65
51bd0117-dd0c-41a8-9659-bfe0834c160e,Standing Bike And Opposite Touches,cycling,Cycling,,False,bodyweight,70,88,95,65
51c052c0-0c78-4ac1-8fc9-c2db39f2f567,Kneeling Straight Leg Kickback(left),back_exercise,Back Exercise,"bent_over_row, lat_pulldown",False,bodyweight,70,88,95,65
51c82a06-7327-427c-bdd9-b6e4f95f86ed,Standing Russian Twist,russian_twist,Russian Twist,"oblique_crunch, woodchop, side_plank",False,bodyweight,70,88,95,65
51cd3488-51c2-473f-b3cc-da4cda4fcd42,Depth Jump,general_movement,Depth Jump,,False,bodyweight,70,88,95,65
51d6dfbd-b8c1-4d61-9d00-6d72dc17b956,Assault Run,running,Running,,False,bodyweight,70,88,95,65
51dc9fdd-708a-42c2-ae0d-2564b9a6fc1f,Burpee Press (Dumbbell),burpee,Burpee,"push_up, squat_jump, mountain_climber",False,dumbbell,92,90,92,90
51e633d2-c6e2-4aed-a5ef-602c48cb8bef,Shifting Reverse Lunge (Bodyweight),reverse_lunge,Reverse Lunge,"split_squat, step_up, squat, leg_press",False,bodyweight,70,88,95,65
51f976c0-32ab-417a-a359-ba16780a7a97,Half Kneeling Face Pull (Resistance Band),face_pull,Face Pull,"rear_delt_fly, lateral_raise, bent_over_row",False,band,60,85,90,50
51f9cf9b-0649-485c-884b-c5efa4848cde,Triceps Press (head Below Bench),press,Press,"bench_press, shoulder_press",False,bodyweight,70,88,95,65
51fa210a-a026-46ba-a294-1553dba545bc,Side Plank March,side_plank,Side Plank,"crunch, leg_raise, russian_twist",False,bodyweight,70,88,95,65
51ffa547-ecda-4de4-b66d-b087f9620597,Seated Foot Eversion (Cable),core_exercise,Core Exercise,"crunch, plank",False,cable,85,88,30,92
520c3878-1ee8-4274-9e1c-44d524a9595f,Heel Glute Bridge,glute_bridge,Glute Bridge,"hip_thrust, romanian_deadlift, leg_curl",False,bodyweight,70,88,95,65
520d84c5-8ffe-4761-9b75-deb99831bf2b,Push And Rotate,general_movement,Push And Rotate,,False,bodyweight,70,88,95,65
52114dcc-7e80-452f-9691-45c2d654066a,Rear Delt Row (Kettlebell),rear_delt_fly,Rear Delt Fly,"face_pull, lateral_raise, bent_over_row",False,kettlebell,75,85,85,78
521a3183-fb0c-4fce-9db1-46df72b419a8,Standing Abdominal Vacuum,core_exercise,Core Exercise,"crunch, plank",False,bodyweight,70,88,95,65
522d198f-42f9-4c5d-bf3f-aa483bbb4f6f,Calf Raise Internal External Arms Rotation,calf_raise,Calf Raise,leg_press,False,bodyweight,70,88,95,65
5236083b-2774-41f3-a7aa-40d6c3ea9be2,Seated Calf Rock On A Chair,seated_calf_raise,Seated Calf Raise,leg_press,False,bodyweight,70,88,95,65
523bb0f2-a22e-4806-90b7-16ade17ec66e,Exercise Ball Alternating Arm Ups,arm_exercise,Arm Exercise,"bicep_curl, tricep_extension",False,bodyweight,70,88,95,65
523ec82c-8553-4921-a140-56ad996f01a1,Sitting Toe Tapping Stretch On A Chair,general_stretch,Stretch,,False,bodyweight,70,88,95,65
524b51ac-5f9b-4042-a93a-83665b79d43d,Standing Wide Leg Adductor Stretch,general_stretch,Stretch,,False,bodyweight,70,88,95,65
5251d330-9221-49ba-acbe-d74a8ae56959,Suspender Abdominal Rollout With Pillow,core_exercise,Core Exercise,"crunch, plank",False,bodyweight,70,88,95,65
5258a764-9c05-45a3-b58d-6021b7d4c4f3,Assisted Dip (Band),dip,Dip,"bench_press, tricep_pushdown, push_up",False,band,60,85,90,50
526d3165-9b34-44b6-8a5c-7edb0d8b07f9,Figure 8 Swing (Kettlebell),kettlebell_swing,Kettlebell Swing,"hip_thrust, deadlift, clean",False,kettlebell,75,85,85,78
527a51ff-de6d-4f19-965b-c1678bac059e,Incline Bench Press (Band),incline_bench_press,Incline Bench Press,"bench_press, incline_fly, shoulder_press",False,band,60,85,90,50
528804b7-7312-45aa-bb3c-41296503c748,Seated Hip Abduction (Resistance Band),hip_abduction,Hip Abduction,"hip_adduction, glute_kickback, hip_thrust",False,band,60,85,90,50
52cb6308-2f6f-406a-8724-68daa3a30322,Lying Overhead Arm Extension,extension,Extension,"tricep_extension, leg_extension",False,bodyweight,70,88,95,65
52e3bde8-6f9a-4fc0-9c60-154507917305,Suspender One Arm Chest Press,chest_press,Chest Press,"bench_press, fly, tricep_pushdown",False,bodyweight,70,88,95,65
52e3faab-d2a4-4800-aafa-8e24b746bb07,Standing Jab (Cable),core_exercise,Core Exercise,"crunch, plank",False,cable,85,88,30,92
52ee9045-0adc-4274-b11a-7fc1f6a32472,Lying Upper Body Superman Row,bent_over_row,Bent Over Row,"lat_pulldown, face_pull, bicep_curl, rear_delt_fly",False,bodyweight,70,88,95,65
52f2f2b1-f51f-4b2f-be7a-d8126191cb48,Two Ropes Climb,general_movement,Two Ropes Climb,,False,bodyweight,70,88,95,65
52f8e6b1-3375-4ab5-9d94-3be49c5498ad,Half Sissy Squat Wall Supported (Bodyweight),squat,Squat,"leg_press, leg_extension, lunge, leg_curl",False,bodyweight,70,88,95,65
5303555b-b46e-46ee-a8ee-299d15ea9d36,Twist Crunch (legs Up),crunch,Crunch,"leg_raise, plank, russian_twist",True,bodyweight,70,88,95,65
5305267c-cca2-44d5-a8fc-586ae6939c3f,Side Lying Single Arm Lateral Raise (Cable),lateral_raise,Lateral Raise,"shoulder_press, front_raise, rear_delt_fly",False,cable,85,88,30,92
5309608f-0387-4c6d-b898-db6c1615417e,Smith Shoulder Press,shoulder_press,Shoulder Press,"lateral_raise, front_raise, tricep_extension",False,smith_machine,72,70,25,80
530f4b40-b327-4d4b-8452-94ed9b75b143,Bottle Weighted Rear Lunge,lunge,Lunge,"split_squat, step_up, squat, leg_press",False,bodyweight,70,88,95,65
5318c8fc-567f-42cf-b702-ab6977d0b9f9,Weighted Standing Hand Squeeze,general_movement,Weighted Standing Hand Squeeze,,False,bodyweight,70,88,95,65
5326f414-2f2e-4894-a39a-675f0813ae7f,Warm Up Shoulder Stretch (Band),shoulder_stretch,Shoulder Stretch,,False,band,60,85,90,50
53288432-cc43-4700-82a7-7ac65ccceaf9,Bridge Yoga Pose Setu Bandha Sarv (Resistance Band),general_stretch,Stretch,,False,band,60,85,90,50
5329fdfc-b31f-4843-87ae-99e25e8def2a,Squat (Band),squat,Squat,"leg_press, leg_extension, lunge, leg_curl",False,band,60,85,90,50
533015cd-6167-4a42-b075-0fe3ded3026b,Roll Ball Seated Pectineus Activation,general_movement,Roll Ball Seated Pectineus Activation,,False,bodyweight,70,88,95,65
53334455-8a24-413d-9089-1604e55fef1c,V Up Down (stability Ball),v_up,V Up,"crunch, leg_raise, plank",False,bodyweight,70,88,95,65
53346bbf-5e95-4747-b1b6-0604739aaf10,Reverse Grip Machine Lat Pulldown,lat_pulldown,Lat Pulldown,"pull_up, bent_over_row, bicep_curl, face_pull",False,machine,80,75,20,88
5347354d-eabf-46f0-87af-1c886df146f9,Kneeling Shoulder Tap Push Up,push_up,Push Up,"bench_press, fly, dip, tricep_extension",True,bodyweight,70,88,95,65
535b8c4a-b0bc-4d37-bc0f-7cc8f2047ea6,Axle Deadlift,deadlift,Deadlift,"romanian_deadlift, bent_over_row, hip_thrust, squat",False,bodyweight,70,88,95,65
535fd076-3fc0-4bb5-8107-3466892f6b32,Stationary Arms Throw,bent_over_row,Bent Over Row,"lat_pulldown, face_pull, bicep_curl, rear_delt_fly",False,bodyweight,70,88,95,65
5362f0b0-0b17-47d5-ae85-5fce6ea8111a,Side Lying One Hand Raise (Dumbbell),raise,Raise,"lateral_raise, front_raise",False,dumbbell,92,90,92,90
53813332-aec5-4ff5-9fc7-6b425aa090f5,Twisting Knee Thrust,general_movement,Twisting Knee Thrust,,False,bodyweight,70,88,95,65
539190df-917d-40b0-9703-a06b0161c421,Glute Bridge Two Legs On Floor,glute_bridge,Glute Bridge,"hip_thrust, romanian_deadlift, leg_curl",False,bodyweight,70,88,95,65
5393e58a-beb1-43be-98c1-e81543a43763,Lying One Arm Supinated Triceps Extension (Dumbbell),tricep_extension,Tricep Extension,"tricep_pushdown, skull_crusher, dip, bicep_curl",False,dumbbell,92,90,92,90
53aa964c-617a-4032-a30d-10b38404faa4,Windmill (Kettlebell),general_movement,Windmill,,False,kettlebell,75,85,85,78
53b679c8-f164-4cbc-90c1-310492bbec6e,Lying Alternate Hip Abduction Knee Bent,hip_abduction,Hip Abduction,"hip_adduction, glute_kickback, hip_thrust",False,bodyweight,70,88,95,65
53dd7a02-ea67-40cc-9fde-c1b759794e08,Decline Seated Wide Grip Row (Cable),cable_row,Cable Row,"lat_pulldown, face_pull, bicep_curl, rear_delt_fly",True,cable,85,88,30,92
53e42f3c-cc4f-4e1c-8c77-090b35153b4c,Standing Single Leg Calf Raise (Dumbbell),calf_raise,Calf Raise,leg_press,False,dumbbell,92,90,92,90
53f0f59b-73d3-4de8-9c82-41c2032c8a64,Side Step Diagonal Punches,general_movement,Side Step Diagonal Punches,,False,bodyweight,70,88,95,65
53f1f69b-6cca-4681-b974-6c13e13acf50,Deadlift (side Pov) (Barbell),deadlift,Deadlift,"romanian_deadlift, bent_over_row, hip_thrust, squat",True,barbell,95,80,65,95
53f51002-40c7-423f-adc8-891ad9346dcc,Stand To Squat,squat,Squat,"leg_press, leg_extension, lunge, leg_curl",False,bodyweight,70,88,95,65
5403d00c-06cd-4e7a-b0c7-5ceabf9f0a0d,Suspended Split Squat,split_squat,Split Squat,"leg_press, leg_extension, lunge, leg_curl",False,bodyweight,70,88,95,65
54043307-45ab-4618-a08a-3d25f3c9616f,Donkey Calf Raise,calf_raise,Calf Raise,leg_press,False,bodyweight,70,88,95,65
540906b1-46d2-44ef-99d8-c827becd9ea5,Hawaian Squat,squat,Squat,"leg_press, leg_extension, lunge, leg_curl",False,bodyweight,70,88,95,65
540fc37f-cbbe-4f38-a177-6b56950756ae,Single Arm Low Row (Rope) (Cable),single_arm_row,Single Arm Row,"lat_pulldown, face_pull, bicep_curl, rear_delt_fly",False,cable,85,88,30,92
54162aab-e718-485a-9e0f-132b3d244e69,Smith Staggered Stance Romanian Deadlift,romanian_deadlift,Romanian Deadlift,"romanian_deadlift, bent_over_row, hip_thrust, squat",False,smith_machine,72,70,25,80
541657e1-4808-48e2-b2de-6f01c6f14af8,Reverse Wrist Curl (Band),reverse_curl,Reverse Curl,"bicep_curl, hammer_curl, wrist_curl",False,band,60,85,90,50
5417bee3-6090-44b3-892f-c9e017a9f480,Leg Extension Plank,leg_extension,Leg Extension,"squat, leg_press, leg_curl",False,bodyweight,70,88,95,65
541848e8-d045-455a-8d89-c3ca0e95d0fe,Chest Fly And Press Up,fly,Chest Fly,"bench_press, incline_fly, push_up",False,bodyweight,70,88,95,65
5420e639-4177-4294-8773-47e079313b23,Side Plank Knee Tuck,side_plank,Side Plank,"crunch, leg_raise, russian_twist",False,bodyweight,70,88,95,65
542a925b-a875-43c5-9c10-9ae26aada015,Marching On Spot Press,press,Press,"bench_press, shoulder_press",False,bodyweight,70,88,95,65
5436c5f6-5526-4ddf-a849-3b8a05628465,Deadlift (Band),deadlift,Deadlift,"romanian_deadlift, bent_over_row, hip_thrust, squat",False,band,60,85,90,50
543b8015-a822-475c-a088-aebe4bfc2302,Reverse One Arm Curl (Cable),reverse_curl,Reverse Curl,"bicep_curl, hammer_curl, wrist_curl",False,cable,85,88,30,92
543d3d75-1289-45f6-aa13-e511230d5e56,Sitting Chest Opener Cat Cow Pose,chest_stretch,Chest Stretch,,False,bodyweight,70,88,95,65
54405ef7-8ddc-42b0-9b99-3b1862a28418,Sitting Leg Lift,leg_exercise,Leg Exercise,"squat, leg_press",False,bodyweight,70,88,95,65
5444dee2-06e3-44af-a0dd-f44b4be4364f,Standing Single Leg Front Raise,front_raise,Front Raise,"shoulder_press, lateral_raise, incline_bench_press",False,bodyweight,70,88,95,65
54451608-a45e-41ad-942f-97c4aebec670,Bent Over Flexion Row (back) (Barbell),bent_over_row,Bent Over Row,"lat_pulldown, face_pull, bicep_curl, rear_delt_fly",True,barbell,95,80,65,95
54613c50-61a5-452f-9f17-8e6949825fa2,Alternate Bent Leg 45 Degree Extension,extension,Extension,"tricep_extension, leg_extension",False,bodyweight,70,88,95,65
546bd026-b769-4841-a9cb-0c5ecf7dc0d2,Kneeling Hip Flexor,general_movement,Kneeling Hip Flexor,,False,bodyweight,70,88,95,65
546d61ed-3de6-4362-9a66-a3e56e2fa00c,Chest Lift With Rotation,chest_exercise,Chest Exercise,"bench_press, fly",False,bodyweight,70,88,95,65
547ee4fa-0df7-4ae0-a91f-745b635bcb59,Kneeling Knee Tap To Crossed Reach,general_movement,Kneeling Knee Tap To Crossed Reach,,False,bodyweight,70,88,95,65
5481db1a-a255-40af-aaf7-ca60b0a00c2e,V Flutter Kick,general_movement,V Flutter Kick,,False,bodyweight,70,88,95,65
54876a1f-faa9-4ecf-bf8e-a72d27cfce5d,Kneeling Pulldown (Band),lat_pulldown,Lat Pulldown,"pull_up, bent_over_row, bicep_curl, face_pull",False,band,60,85,90,50
54a37a18-d79d-4a75-9e0a-957aec62be2e,Single Arm High Row With Chest Support (Cable),single_arm_row,Single Arm Row,"lat_pulldown, face_pull, bicep_curl, rear_delt_fly",False,cable,85,88,30,92
54b62396-fb36-4e2f-8689-7d0c9dd278fe,Lever Banded Abdominal Leg Raise,leg_raise,Leg Raise,"crunch, plank, reverse_crunch",False,machine,80,75,20,88
54b96254-fca3-4aa1-abe4-53fb26d4b9d6,Banded Hip Thrust (Dumbbell),hip_thrust,Hip Thrust,"glute_bridge, romanian_deadlift, leg_curl",False,dumbbell,92,90,92,90
54ba2c0b-cb54-469b-afb6-f910de5c919e,Standing Inner Biceps Curl (Dumbbell),bicep_curl,Bicep Curl,"hammer_curl, preacher_curl, tricep_extension",True,dumbbell,92,90,92,90
54bf3fc3-a889-4325-8ee0-4479168096a8,Crunch Bent Knee Against Wall,crunch,Crunch,"leg_raise, plank, russian_twist",True,bodyweight,70,88,95,65
54c85a55-9870-4946-aeb0-b5a731372f59,Dolphin Pose,general_stretch,Stretch,,False,bodyweight,70,88,95,65
54dacb1d-8a94-49a6-9a29-1abe10ba1192,Seated Neutral Grip Shoulders Press (Kettlebell),press,Press,"bench_press, shoulder_press",False,kettlebell,75,85,85,78
54db8aa4-b1be-4af4-985b-e0ae9265605b,Knee Hug Glute Stretch,general_stretch,Stretch,,False,bodyweight,70,88,95,65
54dbc712-3dd3-4c12-ae89-6e4e5b699372,Back Scrub,back_exercise,Back Exercise,"bent_over_row, lat_pulldown",False,bodyweight,70,88,95,65
54dcbfb8-4ce1-4411-8f62-e5bc75e35895,Roll Peroneal (single Leg) Side Lying On Floor,leg_exercise,Leg Exercise,"squat, leg_press",False,bodyweight,70,88,95,65
54e3b151-4429-4223-9b89-708dd02d1efe,Standing Spine Imbalance And Forward Head Posture,general_movement,Standing Spine Imbalance And Forward Head Posture,,False,bodyweight,70,88,95,65
54e735ec-e1df-4b6b-a3c0-ce845ac6d4da,Sitting Toes Stretch On A Chair,general_stretch,Stretch,,False,bodyweight,70,88,95,65
54f93b9e-cbe0-42f9-8e0f-5b53a301a241,Bulgarian Split Squat With Chair,split_squat,Split Squat,"leg_press, leg_extension, lunge, leg_curl",False,bodyweight,70,88,95,65
55151410-e9c8-4f80-ae52-5be0eb57ef74,Boxing Right Left Hook,general_movement,Boxing Right Left Hook,,False,bodyweight,70,88,95,65
551a743d-0e65-4aeb-82b1-eed7e2db7375,Side Step Sprinting Arms,running,Running,,False,bodyweight,70,88,95,65
552bb7ca-c452-4d47-afb0-663216e045cf,Lying Leg Raise,leg_raise,Leg Raise,"crunch, plank, reverse_crunch",False,bodyweight,70,88,95,65
5530cf77-4806-4886-a54e-b048a8fdd038,Open Book Stretch,general_stretch,Stretch,,False,bodyweight,70,88,95,65
553c844d-0529-4951-b752-3cca70e4e14f,Forward Punch Toe Tap,general_movement,Forward Punch Toe Tap,,False,bodyweight,70,88,95,65
5551a85c-5f38-4496-b976-3e607bf19fcd,Cross Over Lateral Pulldown (Cable),lat_pulldown,Lat Pulldown,"pull_up, bent_over_row, bicep_curl, face_pull",True,cable,85,88,30,92
5556f614-add2-4de7-b03e-2e30783def1a,Incline Triceps Extension (Dumbbell),tricep_extension,Tricep Extension,"tricep_pushdown, skull_crusher, dip, bicep_curl",False,dumbbell,92,90,92,90
55594b96-fd0c-47dd-98aa-b6f34d51d037,Side Plank Clamshell,hip_abduction,Hip Abduction,"hip_adduction, glute_kickback, hip_thrust",False,bodyweight,70,88,95,65
555c4d2a-bd18-4556-a422-86067bf027c8,Incline Shoulders Press (Dumbbell),press,Press,"bench_press, shoulder_press",False,dumbbell,92,90,92,90
555d10e3-0c85-4ee3-b2f8-6458efb1c9ec,Stationary Bike Run,running,Running,,False,bodyweight,70,88,95,65
55658910-5244-4ea4-b1bc-ef521e3ba1f7,Seated Side Bend (Dumbbell),general_movement,Seated Side Bend,,False,dumbbell,92,90,92,90
5571fdce-560b-44bb-bc94-b10bd02d8cce,Lever Sitting Toe Raise,raise,Raise,"lateral_raise, front_raise",False,machine,80,75,20,88
5575476e-7975-4f07-9f6f-a66838c8ca12,Lever Seated Crunch,crunch,Crunch,"leg_raise, plank, russian_twist",False,machine,80,75,20,88
5579ec6c-d467-40e8-9248-09438f5f5677,Briskly Walking Side POV,general_movement,Briskly Walking Side POV,,False,bodyweight,70,88,95,65
557a3692-0f01-4784-897e-36e4a93e36d3,Suspender Jack Knife,general_movement,Suspender Jack Knife,,False,bodyweight,70,88,95,65
557bbc27-ed62-4a50-a7d5-caf5dc609b28,Crossover Kneeling Hip Flexor Stretch,hip_stretch,Hip Stretch,,False,bodyweight,70,88,95,65
558124ab-36d7-420d-8edc-8731cddfc987,Seated Single Arm Unilateral Biceps Curl (Cable),bicep_curl,Bicep Curl,"hammer_curl, preacher_curl, tricep_extension",False,cable,85,88,30,92
558360c5-64fd-477f-acb2-426dbe567844,Lateral Raise (Cable),lateral_raise,Lateral Raise,"shoulder_press, front_raise, rear_delt_fly",False,cable,85,88,30,92
5583e04e-5525-453f-8daa-3d6cfa8953b3,Seated Twist (Cable),core_exercise,Core Exercise,"crunch, plank",False,cable,85,88,30,92
55854248-f7c7-4028-9770-1e1ef1495664,Push Up Row,push_up,Push Up,"bench_press, fly, dip, tricep_extension",True,bodyweight,70,88,95,65
558700ba-eda7-48a6-aba7-614ec068f5a3,Chop Knee Raise,leg_raise,Leg Raise,"crunch, plank, reverse_crunch",False,bodyweight,70,88,95,65
5592194b-69f5-4344-a1c2-4243d10dbe0f,Weighted Russian Twist (legs Up),russian_twist,Russian Twist,"oblique_crunch, woodchop, side_plank",False,bodyweight,70,88,95,65
55b222a7-dc25-4365-9c8b-34f5ba0540da,Bottle Weighted Lateral Raise,lateral_raise,Lateral Raise,"shoulder_press, front_raise, rear_delt_fly",False,bodyweight,70,88,95,65
55b4db9e-0538-4af6-ba5e-e5cda2881218,Standing Front And Lateral Raise (Dumbbell),lateral_raise,Lateral Raise,"shoulder_press, front_raise, rear_delt_fly",True,dumbbell,92,90,92,90
55cfb7f9-2675-4b82-9b18-b6af88b20e5c,Seated Side To Side Neck Twist On Chair,general_movement,Seated Side To Side Neck Twist On Chair,,False,bodyweight,70,88,95,65
55dc07b3-5d36-4aaf-ac7d-a8e8dc63d86b,Kneeling Push Up To Child Pose,general_stretch,Stretch,,False,bodyweight,70,88,95,65
55e0fc7d-f9bb-40b0-acd3-2d313bf2e56f,Psoas Walk (Resistance Band),general_movement,Psoas Walk,,False,band,60,85,90,50
55e7d8a0-37f9-43a9-90f7-fb39823b40ce,Deep Prisoner Squat,squat,Squat,"leg_press, leg_extension, lunge, leg_curl",False,bodyweight,70,88,95,65
55eba252-172d-4156-b639-363ed61a3d4d,Scorpion Stretch,general_stretch,Stretch,,False,bodyweight,70,88,95,65
55f7521a-cc3a-4971-8f94-53c94bcd4ea5,Hand Overhead Circle,general_movement,Hand Overhead Circle,,False,bodyweight,70,88,95,65
55fdaa62-d0b7-4b38-9cdb-726948f221e8,Standing Front Raise To Open (Bodyweight),front_raise,Front Raise,"shoulder_press, lateral_raise, incline_bench_press",False,bodyweight,70,88,95,65
55ffe345-df38-46d0-a27f-ffea71adfeaa,Lizard Pose,general_stretch,Stretch,,False,bodyweight,70,88,95,65
56175188-4326-404c-95db-c8e528ad89d4,One Leg Floor Calf Raise,calf_raise,Calf Raise,leg_press,False,bodyweight,70,88,95,65
5619ceb0-0020-4e07-a39d-29374e2279a4,Seated Neutral Grip Row To Neck (Rope) (Cable),cable_row,Cable Row,"lat_pulldown, face_pull, bicep_curl, rear_delt_fly",True,cable,85,88,30,92
5624ac30-7f34-4813-95ab-d2546140f0a4,Balance Plate Standing Twist,general_movement,Balance Plate Standing Twist,,False,bodyweight,70,88,95,65
563773d6-86cd-469c-b69e-053ac78fdc19,Lower Ab Swipe,core_exercise,Core Exercise,"crunch, plank",False,bodyweight,70,88,95,65
564303cd-4562-41c8-bc96-57b2fb17ce13,Goblet Squat (Dumbbell),goblet_squat,Goblet Squat,"leg_press, leg_extension, lunge, leg_curl",False,dumbbell,92,90,92,90
56515229-bc2d-4132-8fa9-1964d87a9a96,Side Step Rear Delt Row,rear_delt_fly,Rear Delt Fly,"face_pull, lateral_raise, bent_over_row",False,bodyweight,70,88,95,65
5659a12c-9bab-4401-820e-32985ecbf6b4,Seated Triceps Extension (Dumbbell),tricep_extension,Tricep Extension,"tricep_pushdown, skull_crusher, dip, bicep_curl",False,dumbbell,92,90,92,90
56653fa9-cdff-4d32-b44b-0cdbeb5112d0,Knuckle Push Up Against Wall,push_up,Push Up,"bench_press, fly, dip, tricep_extension",True,bodyweight,70,88,95,65
566979cb-a001-417a-9b30-4773319453da,Suspender Side Squat,squat,Squat,"leg_press, leg_extension, lunge, leg_curl",False,bodyweight,70,88,95,65
566d1b02-3e08-4033-947d-f381ce63dee0,Weighted Svend Press,press,Press,"bench_press, shoulder_press",False,bodyweight,70,88,95,65
56873409-a199-41f3-bc24-756d9327fef5,Suspender Hamstring Runner,running,Running,,False,bodyweight,70,88,95,65
56899198-6055-4d43-8118-f91107e7948d,Woodchops,woodchop,Woodchop,"russian_twist, oblique_crunch, plank",False,bodyweight,70,88,95,65
5693c0db-0f48-412f-aaf2-99556fa7ec47,Single Arm Triceps Pushdown (Rope) (Cable),tricep_pushdown,Tricep Pushdown,"tricep_extension, skull_crusher, dip",True,cable,85,88,30,92
569a2159-4661-4fe5-b6f0-c558ab40a074,Weighted Plate Overhead Forward Lunge,lunge,Lunge,"split_squat, step_up, squat, leg_press",False,bodyweight,70,88,95,65
569a281b-dcd7-4dfa-8a88-6bdc43716aa7,Self Assisted Inverse Leg Curl,leg_curl,Leg Curl,"romanian_deadlift, hip_thrust, leg_extension",False,bodyweight,70,88,95,65
56a6cbe2-be04-47fd-ba1f-848adb7a615d,Jumping Jack (Resistance Band),jumping_jack,Jumping Jack,"burpee, high_knees, squat_jump",False,band,60,85,90,50
56a83bca-883d-4770-afa5-af3bff257576,Supported Squat,squat,Squat,"leg_press, leg_extension, lunge, leg_curl",False,bodyweight,70,88,95,65
56b82d4d-a75a-44e7-bc46-f79531575dc2,Lean Forward Stretch,general_stretch,Stretch,,False,bodyweight,70,88,95,65
56bfdce8-0cd9-45e1-a9d6-d4d5b7efcbb8,Front Squat (Arms Crossed) (Barbell),front_squat,Front Squat,"leg_press, leg_extension, lunge, leg_curl",False,barbell,95,80,65,95
56c69d7d-406e-426f-be5a-2ff5bbd9500a,Push Up (wall),push_up,Push Up,"bench_press, fly, dip, tricep_extension",True,bodyweight,70,88,95,65
56d1e1d2-b25d-4192-a109-f1b1fab1610c,Reverse Grip Pulldown (Cable),lat_pulldown,Lat Pulldown,"pull_up, bent_over_row, bicep_curl, face_pull",True,cable,85,88,30,92
56dca588-3f64-4427-85c9-e87faebff95b,Smith Deadlift,deadlift,Deadlift,"romanian_deadlift, bent_over_row, hip_thrust, squat",False,smith_machine,72,70,25,80
56dcb0bd-96d6-4f49-b795-6826082226b6,Lying Twist Toe Touch,general_movement,Lying Twist Toe Touch,,False,bodyweight,70,88,95,65
56ec6f4c-b88a-44bb-a626-6de8bdca0493,Weighted Steel Mace Halo,general_movement,Weighted Steel Mace Halo,,False,bodyweight,70,88,95,65
56ee7839-0ecb-42d7-923e-9edb79b7dcfe,Rear Lunge Front Raise (Bodyweight),front_raise,Front Raise,"shoulder_press, lateral_raise, incline_bench_press",False,bodyweight,70,88,95,65
56fe41cf-d487-4b28-bd2e-9bb4731fb90a,Upper Row (Cable),bent_over_row,Bent Over Row,"lat_pulldown, face_pull, bicep_curl, rear_delt_fly",False,cable,85,88,30,92
56fe88e5-1122-457c-94af-572f6f8b15d8,Decline Twist Fly (Dumbbell),fly,Chest Fly,"bench_press, incline_fly, push_up",True,dumbbell,92,90,92,90
56ff66fd-fddd-4032-a71e-7c845166bcbd,Russian Twist (Kettlebell),russian_twist,Russian Twist,"oblique_crunch, woodchop, side_plank",False,kettlebell,75,85,85,78
57024513-6ade-4921-b546-b002dd03e6e6,Seated Heel Slide On Chair,general_movement,Seated Heel Slide On Chair,,False,bodyweight,70,88,95,65
570820df-3fd3-42df-b1e8-8fc645b1faff,Romanian Deadlift (Cable),romanian_deadlift,Romanian Deadlift,"romanian_deadlift, bent_over_row, hip_thrust, squat",False,cable,85,88,30,92
57097a8b-ad17-4745-9795-905a18cf32c3,Half Circle Draw Chair Supported,general_movement,Half Circle Draw Chair Supported,,False,bodyweight,70,88,95,65
571c7514-9968-45c4-876a-da8a2feba12b,Half Pigeon Hip Stretch,hip_stretch,Hip Stretch,,False,bodyweight,70,88,95,65
571f8f5c-4356-4d79-bd45-b59979113d0f,Landmine Single Arm Low Fly,fly,Chest Fly,"bench_press, incline_fly, push_up",False,bodyweight,70,88,95,65
572558f8-232b-41ed-8fce-537e9d380acd,Concentration Curl (Band),concentration_curl,Concentration Curl,"bicep_curl, preacher_curl, hammer_curl",False,band,60,85,90,50
572a5b34-6903-4594-8a90-2572b84d3929,Standing Archer Alternate Arm Row (Resistance Band),bent_over_row,Bent Over Row,"lat_pulldown, face_pull, bicep_curl, rear_delt_fly",False,band,60,85,90,50
572b9ff3-9246-4bc6-9e8a-111cca84054d,Hands Up Side Step,general_movement,Hands Up Side Step,,False,bodyweight,70,88,95,65
573b2e85-5df2-4f36-ba46-5452d5594ee6,Standing Wide Knees Adductor Stretch,general_stretch,Stretch,,False,bodyweight,70,88,95,65
573c1968-7e7c-469b-a5a8-915933ea7d8f,Seated Calf Stretch (Resistance Band),calf_stretch,Calf Stretch,,False,band,60,85,90,50
573f912a-deea-46ef-ae5b-436ee48cc880,Jack Split Crunches,crunch,Crunch,"leg_raise, plank, russian_twist",True,bodyweight,70,88,95,65
57451014-5428-4b07-9447-db01845be336,Preacher Curl (Rope) (Cable),preacher_curl,Preacher Curl,"bicep_curl, hammer_curl, concentration_curl",False,cable,85,88,30,92
574750ad-d8d4-4d55-9a56-736ae5b8ebad,Side Step Pushdown,tricep_pushdown,Tricep Pushdown,"tricep_extension, skull_crusher, dip",False,bodyweight,70,88,95,65
5749733c-5e00-4e2f-a60c-852c08ef4073,Kneeling Finger Pulse,general_movement,Kneeling Finger Pulse,,False,bodyweight,70,88,95,65
574afc97-7561-405c-b76b-36c39e82cbe7,Sled Angled Single Leg Press,leg_press,Leg Press,"squat, leg_extension, leg_curl, hack_squat",False,bodyweight,70,88,95,65
574e3f0e-a064-4876-a701-18a280f655ef,Side Plank Elbow To Knee Raise,leg_raise,Leg Raise,"crunch, plank, reverse_crunch",False,bodyweight,70,88,95,65
5751f52f-74de-478c-8861-34c890d91490,Standing Balance Single Leg Lifts Reverse Fly,rear_delt_fly,Rear Delt Fly,"face_pull, lateral_raise, bent_over_row",False,bodyweight,70,88,95,65
57552602-e49f-4d25-9b61-a5d73d47dda9,Lying (prone) Abdominal Stretch,general_stretch,Stretch,,False,bodyweight,70,88,95,65
575b5769-032b-4093-8b1a-b8595165449f,Standing Military Press Wall Supported (Bodyweight),shoulder_press,Shoulder Press,"lateral_raise, front_raise, tricep_extension",False,bodyweight,70,88,95,65
576242a9-cd4a-45a3-9253-d4128e02f2cf,Stepback Front Kick Arms Raise,raise,Raise,"lateral_raise, front_raise",False,bodyweight,70,88,95,65
576d49a4-e5ab-4a9e-8fcd-f57f5f93ed06,Weighted Lying Svend Press,press,Press,"bench_press, shoulder_press",False,bodyweight,70,88,95,65
577bee5d-4cd5-4feb-8d25-cbd2fd9eb30e,Side To Side Knee Hugs,general_movement,Side To Side Knee Hugs,,False,bodyweight,70,88,95,65
57849fe0-2e0b-4221-a306-b6365373683f,Pull Up (wide Grip),pull_up,Pull Up,"lat_pulldown, bent_over_row, bicep_curl",True,bodyweight,70,88,95,65
57a7312b-6421-40c0-9c56-41ced8c0f98a,Lever Push Up With Towels,push_up,Push Up,"bench_press, fly, dip, tricep_extension",False,machine,80,75,20,88
57b043f8-2f12-43e2-a115-c5c3d1f28bdf,Single Leg Step Up (Dumbbell),step_up,Step Up,"lunge, split_squat, squat",False,dumbbell,92,90,92,90
57c93071-f9cf-4265-8bca-0b6b88462b93,Kneeling Straight Leg Kickback,back_exercise,Back Exercise,"bent_over_row, lat_pulldown",False,bodyweight,70,88,95,65
57c9b351-499f-49b5-b904-e15e70bb7b26,Suspender Power Pull,general_movement,Suspender Power Pull,,False,bodyweight,70,88,95,65
57d69127-24eb-4f65-9b5c-bf2fabc77249,Swimming Stepback,back_exercise,Back Exercise,"bent_over_row, lat_pulldown",False,bodyweight,70,88,95,65
57d939a1-6c7b-40e8-a597-7a66e1140697,Weighted Side Bend (on Stability Ball),core_exercise,Core Exercise,"crunch, plank",False,bodyweight,70,88,95,65
57d9db64-516c-4a7b-99d0-2731d4aebffa,Suspender Front Raise,front_raise,Front Raise,"shoulder_press, lateral_raise, incline_bench_press",False,bodyweight,70,88,95,65
57e1d254-2790-4cf2-aae4-ca970fa4f736,Elevanted Deep Lunge Dorsi Flexion,lunge,Lunge,"split_squat, step_up, squat, leg_press",False,bodyweight,70,88,95,65
57f8d173-ffa0-4a38-b0de-6fdacc1fc51e,Wide Reverse Grip Bench Press (Barbell),bench_press,Bench Press,"incline_bench_press, fly, tricep_pushdown, dip",True,barbell,95,80,65,95
57f9cff1-f992-40a7-873c-8f86fc8c2e6a,Arm Crossover Curtsy,arm_exercise,Arm Exercise,"bicep_curl, tricep_extension",False,bodyweight,70,88,95,65
57fa77ab-020e-4a9a-bae2-1d45f84b2c02,Spin Back Kick,back_exercise,Back Exercise,"bent_over_row, lat_pulldown",False,bodyweight,70,88,95,65
58025e5f-793b-437b-9857-04f2c266f80b,Knee Raise,leg_raise,Leg Raise,"crunch, plank, reverse_crunch",False,bodyweight,70,88,95,65
5807fcb5-4996-429e-8fa7-3382a27f4ac9,Side To Side Hop,general_movement,Side To Side Hop,,False,bodyweight,70,88,95,65
580b06fa-8db4-4a51-accb-f23dd2e2a097,Elbow To Knee Side Plank Crunch (left),oblique_crunch,Oblique Crunch,"leg_raise, plank, russian_twist",False,bodyweight,70,88,95,65
580fc013-6e17-43a0-8a2a-3fc0c4ac6829,Rope Crossover Seated Row (Cable),cable_row,Cable Row,"lat_pulldown, face_pull, bicep_curl, rear_delt_fly",True,cable,85,88,30,92
58225e84-299b-4e43-9e3e-842f49efbcf0,Lying Alternate Knee Tuck,general_movement,Lying Alternate Knee Tuck,,False,bodyweight,70,88,95,65
5836d5b0-d7f2-42e7-aec1-12814c535b0b,Seated Neck Flexion To Extension On Chair,extension,Extension,"tricep_extension, leg_extension",False,bodyweight,70,88,95,65
583cc61f-13c8-4e05-a159-64d62fa7c9b0,Landmine 180,general_movement,Landmine 180,,False,bodyweight,70,88,95,65
583eea5f-e71a-47b7-a53b-70aded8b7709,Battling Ropes,general_movement,Battling Ropes,,False,bodyweight,70,88,95,65
5862f38f-6d1c-4095-82e0-7b678cb4e79c,Reach Front Reach Top Sumo Squat,front_squat,Front Squat,"leg_press, leg_extension, lunge, leg_curl",False,bodyweight,70,88,95,65
58643658-522e-4a5a-bbdb-a4a96d962d58,Seated High Triceps Extension (Cable),tricep_extension,Tricep Extension,"tricep_pushdown, skull_crusher, dip, bicep_curl",False,cable,85,88,30,92
587a4aa1-9a6b-4cd7-85f2-b44cc956dbe0,Lying Reverse Grip Pressdown (skull Crusher) (Band),skull_crusher,Skull Crusher,"tricep_extension, tricep_pushdown, dip",False,band,60,85,90,50
587a4cea-93b7-45cb-9e90-3e9412180dce,Assisted Partial Range Inverse Leg Curl Against Wa,leg_curl,Leg Curl,"romanian_deadlift, hip_thrust, leg_extension",False,bodyweight,70,88,95,65
5882dea1-14d0-42d5-ba37-cb88462e1739,Standing Interlock Hands Full Stretch,general_stretch,Stretch,,False,bodyweight,70,88,95,65
5892a0bf-c145-43d2-9c94-b0f55425c602,Sitting Side Bend Elbow To Floor Tap,general_movement,Sitting Side Bend Elbow To Floor Tap,,False,bodyweight,70,88,95,65
58a1b6ca-30eb-42ce-a786-c0772d18d551,Hang Clean (Kettlebell),hang_clean,Hang Clean,"deadlift, front_squat, snatch, shrug",False,kettlebell,75,85,85,78
58a2f30c-67d2-452a-9fdc-b645c8d4943a,Bulgarian Squat (Resistance Band),split_squat,Split Squat,"leg_press, leg_extension, lunge, leg_curl",False,band,60,85,90,50
58a4b5f7-b751-4ddc-b2ee-9a667d20ab51,Pause Squat (Dumbbell),squat,Squat,"leg_press, leg_extension, lunge, leg_curl",False,dumbbell,92,90,92,90
58abbf77-5a1b-47a8-ab7a-4298f37cbdb7,Sitting Bent Over Reverse Fly On A Chair (Resistance Band),rear_delt_fly,Rear Delt Fly,"face_pull, lateral_raise, bent_over_row",False,band,60,85,90,50
58c2b5bb-9eac-463b-ac2b-4d021ee8216c,Smith Back Shrug,shrug,Shrug,"upright_row, deadlift, bent_over_row",False,smith_machine,72,70,25,80
58c8f57e-6756-4031-8a4b-939e1215b788,Lever Kneeling Leg Curl (plate Loaded),leg_curl,Leg Curl,"romanian_deadlift, hip_thrust, leg_extension",True,machine,80,75,20,88
58e26321-51f8-44bc-a563-f9319bec2bdc,Landmine Half Kneeling Shoulders Press,press,Press,"bench_press, shoulder_press",False,bodyweight,70,88,95,65
58e9f346-b1c5-4e0c-aba5-993a8f5eebfa,Suspender Front Plank,plank,Plank,"crunch, leg_raise, russian_twist",True,bodyweight,70,88,95,65
58fda365-9a49-404e-a8d4-8bc43578b72c,Standing Pelvic Tilt,general_movement,Standing Pelvic Tilt,,False,bodyweight,70,88,95,65
58feaabc-2177-495f-b63b-ed7fb6ea2f29,Weighted Sandbag Squat,squat,Squat,"leg_press, leg_extension, lunge, leg_curl",False,bodyweight,70,88,95,65
5916a833-adf4-447f-8c2a-154ca50496f2,Incline Biceps Curl (Cable),incline_curl,Incline Curl,"bicep_curl, preacher_curl, hammer_curl",False,cable,85,88,30,92
5920d43b-4087-494a-8d80-7656635be2ca,Wind Side Twist Jump,general_movement,Wind Side Twist Jump,,False,bodyweight,70,88,95,65
5926bc7a-a30c-43cd-b074-db724617fb9a,EZ Bar Standing French Press,press,Press,"bench_press, shoulder_press",False,bodyweight,70,88,95,65
593473b6-4a19-4442-99f1-eaed3e2e7910,Standing Hip Extension (Cable),extension,Extension,"tricep_extension, leg_extension",False,cable,85,88,30,92
5938e121-177b-4d3a-9d29-f6a4001f0230,Step Out From Squat,squat,Squat,"leg_press, leg_extension, lunge, leg_curl",False,bodyweight,70,88,95,65
59475637-3f8f-4607-9c96-4cec36957886,Seated Lateral Raise (Dumbbell),lateral_raise,Lateral Raise,"shoulder_press, front_raise, rear_delt_fly",True,dumbbell,92,90,92,90
5948a254-d249-4ff7-9765-9a3f60cea83f,Sitting Stepout Hands Up On A Chair,general_movement,Sitting Stepout Hands Up On A Chair,,False,bodyweight,70,88,95,65
5954cbbf-b98e-4810-9562-6891b06d5f3f,Front Raise (Band),front_raise,Front Raise,"shoulder_press, lateral_raise, incline_bench_press",False,band,60,85,90,50
59591d3d-a461-46cf-8a3d-26bdf34125fa,Reverse Grip Front Raise (Cable),front_raise,Front Raise,"shoulder_press, lateral_raise, incline_bench_press",False,cable,85,88,30,92
595c0c54-e3dc-41bb-864b-262b431728be,Seated Windshield Wipers On A Chair,general_movement,Seated Windshield Wipers On A Chair,,False,bodyweight,70,88,95,65
595c5785-97b3-47e3-a877-db346f834c61,High Knee Sprints,high_knees,High Knees,"mountain_climber, burpee, jumping_jack",False,bodyweight,70,88,95,65
595f56c4-0a1c-4275-a35b-a0c2a2450406,Seated Lean Back Open And Close On A Chair,back_exercise,Back Exercise,"bent_over_row, lat_pulldown",False,bodyweight,70,88,95,65
59617e9c-9943-47a5-93ba-d4dcf6a57f35,Suspended Abdominal Fallout,core_exercise,Core Exercise,"crunch, plank",False,bodyweight,70,88,95,65
5973ddf2-05fb-4989-8217-fccaad05a853,Suspender Hip Bridge,general_movement,Suspender Hip Bridge,,False,bodyweight,70,88,95,65
5978eb98-8178-44df-89f0-490c6a2b04a7,Ring Plank,plank,Plank,"crunch, leg_raise, russian_twist",True,bodyweight,70,88,95,65
597b3f12-ed9d-4cf7-b413-caa4cd6b03ff,Push Jerk (Dumbbell),general_movement,Push Jerk,,False,dumbbell,92,90,92,90
5986eb8b-8f7d-4e68-ade4-2c58231353ad,Seated Side Glute Lift On A Chair,glute_exercise,Glute Exercise,"hip_thrust, glute_bridge",False,bodyweight,70,88,95,65
59882198-adfa-4a05-a137-1e64d14585d1,Rope Pull Side Step,general_movement,Rope Pull Side Step,,False,bodyweight,70,88,95,65
598aed2e-8cef-40ce-81df-3a3debb801e2,Kneeling To Standing Squat,squat,Squat,"leg_press, leg_extension, lunge, leg_curl",False,bodyweight,70,88,95,65
5990006d-2b0f-4478-bcfa-56788b74b26a,Cross Abduction (Band),hip_abduction,Hip Abduction,"hip_adduction, glute_kickback, hip_thrust",False,band,60,85,90,50
599b785a-08cc-4c2b-a2a6-08da76aebc3f,Plank Walk Squat,squat,Squat,"leg_press, leg_extension, lunge, leg_curl",False,bodyweight,70,88,95,65
59a77986-40b5-4cc4-919d-9b6bd623d452,Run And Jack Jump,running,Running,,False,bodyweight,70,88,95,65
59b09a1e-6f3b-4db2-a7bb-cce21a56fc50,Sitting Knee Extension (stability Ball),extension,Extension,"tricep_extension, leg_extension",False,bodyweight,70,88,95,65
59b1c7ae-94cf-4226-b0dc-097ae66283cf,Sitting Air Twisting Crunch On A Padded Stool,crunch,Crunch,"leg_raise, plank, russian_twist",True,bodyweight,70,88,95,65
59be9976-a611-431f-b77f-002ba154ac2b,Half Kneeling Halo (Kettlebell),general_movement,Half Kneeling Halo,,False,kettlebell,75,85,85,78
59becec4-3fe0-4c3f-b9be-e429adecf5f4,Side Step Front Punches,general_movement,Side Step Front Punches,,False,bodyweight,70,88,95,65
59d85080-8113-4413-b918-ef7678efe578,Jefferson Curl (Bodyweight),curl,Curl,"bicep_curl, hammer_curl",False,bodyweight,70,88,95,65
59e85a65-8f63-455d-a836-5472e04f9fa5,Balance Board,general_movement,Balance Board,,False,bodyweight,70,88,95,65
59f36ba9-a99e-4dcd-a245-3ee798b15f30,Seated Forward Reach,general_movement,Seated Forward Reach,,False,bodyweight,70,88,95,65
59f45941-2627-4407-afd0-08cfcd74ccc9,Alternate V Up (Dumbbell),v_up,V Up,"crunch, leg_raise, plank",False,dumbbell,92,90,92,90
59f84bf6-1d28-4284-98ab-c429bcf058ad,Sitting Quads Stretch On A Chair,quad_stretch,Quad Stretch,,False,bodyweight,70,88,95,65
5a031445-0242-48be-95bd-b9a694756097,Standing Crunch (Rope) (Cable),cable_crunch,Cable Crunch,"leg_raise, plank, russian_twist",False,cable,85,88,30,92
5a11b195-1112-476f-9825-0295c1423389,Standing Abs Rotation Stretch,general_stretch,Stretch,,False,bodyweight,70,88,95,65
5a169887-5c97-486d-ba24-0bb0cb5c5043,Kneeling Leg Out Twist Reach,leg_exercise,Leg Exercise,"squat, leg_press",False,bodyweight,70,88,95,65
5a297117-f23b-4df1-811d-ac534a230f3b,Alternate Leg Reach Crunch,crunch,Crunch,"leg_raise, plank, russian_twist",True,bodyweight,70,88,95,65
5a2e2cbe-f576-4fa8-afe6-7416abf1af41,Coner Wall Chest Stretch,chest_stretch,Chest Stretch,,False,bodyweight,70,88,95,65
5a317145-4247-4fd1-9d39-3abd26557290,Lever Seated Shoulder Press,shoulder_press,Shoulder Press,"lateral_raise, front_raise, tricep_extension",False,machine,80,75,20,88
5a363749-8f8e-4c50-bd6a-bfddbdfa70f1,Ring Dip,dip,Dip,"bench_press, tricep_pushdown, push_up",True,bodyweight,70,88,95,65
5a39bc92-25c0-4ffc-9ffc-bd25e1f5942c,Standing Crush Curl (Kettlebell),curl,Curl,"bicep_curl, hammer_curl",False,kettlebell,75,85,85,78
5a625fe0-eb72-4b37-8bf9-495d533208ae,Leaning Forward Side Lunge,lateral_lunge,Lateral Lunge,"split_squat, step_up, squat, leg_press",False,bodyweight,70,88,95,65
5a63d7b4-0241-494e-a39a-65f5141b4f6b,Seated Alternate Press (Dumbbell),press,Press,"bench_press, shoulder_press",False,dumbbell,92,90,92,90
5a6bf74d-2606-4e9d-88c9-995a77f5b692,Suspender Chest Dip,dip,Dip,"bench_press, tricep_pushdown, push_up",True,bodyweight,70,88,95,65
5a6d56ef-533e-4e0e-afec-25f2a86a5505,Incline Elbow Plank,plank,Plank,"crunch, leg_raise, russian_twist",True,bodyweight,70,88,95,65
5a6f4794-280a-42b1-99bb-0e5bd50d27c3,Chest Fly Side Step,fly,Chest Fly,"bench_press, incline_fly, push_up",False,bodyweight,70,88,95,65
5a79572c-a433-4f62-acba-66fefca4bc09,Side Lying Chest Stretch,chest_stretch,Chest Stretch,,False,bodyweight,70,88,95,65
5a7a98a8-c97c-4fcd-ac60-29ebcdfc5fa9,High Knee Tap,high_knees,High Knees,"mountain_climber, burpee, jumping_jack",False,bodyweight,70,88,95,65
5a7c2179-a5b6-47b5-baf2-643ad7b444fd,Suspender Pull Up,pull_up,Pull Up,"lat_pulldown, bent_over_row, bicep_curl",True,bodyweight,70,88,95,65
5a82cd97-31ff-4a6c-b495-503b9571a37f,Reverse Crunch Leg Drop,reverse_crunch,Reverse Crunch,"leg_raise, plank, russian_twist",False,bodyweight,70,88,95,65
5a873103-8b62-4b10-af15-dcdfaa57204e,Alternate Side Lunge Wall Supported,lateral_lunge,Lateral Lunge,"split_squat, step_up, squat, leg_press",False,bodyweight,70,88,95,65
5a8a790e-0cd3-4575-8ab4-1a745da693e6,Palm Push March,general_movement,Palm Push March,,False,bodyweight,70,88,95,65
5aa938e5-c9d8-4c71-a60a-e9280515b54e,Lying Arms Slide,arm_exercise,Arm Exercise,"bicep_curl, tricep_extension",False,bodyweight,70,88,95,65
5aac5d4c-9f8f-4089-9bc4-82565653a4c9,Back Pec Stretch,chest_stretch,Chest Stretch,,False,bodyweight,70,88,95,65
5aae7a73-bb54-45a7-b992-9534d4e43725,Front Plank With Leg Lift,plank,Plank,"crunch, leg_raise, russian_twist",True,bodyweight,70,88,95,65
5ab56b55-efa1-48b2-b705-08ea758c0ebd,Bottle Weighted Armpit Row,bent_over_row,Bent Over Row,"lat_pulldown, face_pull, bicep_curl, rear_delt_fly",False,bodyweight,70,88,95,65
5ab9260b-cef1-4304-847d-e63d4be81de3,Olympic (Barbell) Hammer Curl,hammer_curl,Hammer Curl,"bicep_curl, preacher_curl, reverse_curl",False,barbell,95,80,65,95
5abe42ef-7201-4405-8bd2-1c906f30cef1,Crunch (arms On Chest),crunch,Crunch,"leg_raise, plank, russian_twist",True,bodyweight,70,88,95,65
5aca8dc6-6ea9-4cc8-b06e-2e24e38916e6,Double Punch Front Leg Lift,leg_exercise,Leg Exercise,"squat, leg_press",False,bodyweight,70,88,95,65
5acd998f-ea8e-4aef-b8e8-9376d43177cf,Wood Chop (Dumbbell),woodchop,Woodchop,"russian_twist, oblique_crunch, plank",False,dumbbell,92,90,92,90
5af5dec1-bb00-4d47-8db7-013f833942ae,Suspender Assisted Shoulder Abduction Walk,hip_abduction,Hip Abduction,"hip_adduction, glute_kickback, hip_thrust",False,bodyweight,70,88,95,65
5af9a68a-55c7-40d4-8c4d-7b338c5f19b5,Potty Squat,squat,Squat,"leg_press, leg_extension, lunge, leg_curl",False,bodyweight,70,88,95,65
5b01720b-f3f7-4a67-93b8-5d7da4068e7f,Wind Side Twist Jump,general_movement,Wind Side Twist Jump,,False,bodyweight,70,88,95,65
5b0badcd-8e87-4249-b554-1595bd130630,Lying Single Knee Swing,general_movement,Lying Single Knee Swing,,False,bodyweight,70,88,95,65
5b0bf92c-8ee2-402e-b488-3614f3895589,Standing Triangle Fly (Bodyweight),fly,Chest Fly,"bench_press, incline_fly, push_up",False,bodyweight,70,88,95,65
5b0cdf5c-e545-4d58-95de-881939396002,Biceps Curl Front Step,bicep_curl,Bicep Curl,"hammer_curl, preacher_curl, tricep_extension",False,bodyweight,70,88,95,65
5b38f4a9-e49a-4fb7-a1e6-6e8f3841d1d4,Sitting Calf Stretch With Towel,calf_stretch,Calf Stretch,,False,bodyweight,70,88,95,65
5b49df03-1094-4344-b7a8-18e81591f3c8,Single Leg Deadlift (Dumbbell),single_leg_deadlift,Single Leg Deadlift,"romanian_deadlift, bent_over_row, hip_thrust, squat",False,dumbbell,92,90,92,90
5b4a836e-814d-4195-ada5-74b9b73a2ada,Reverse Hyper On Flat Bench,general_movement,Reverse Hyper On Flat Bench,,False,bodyweight,70,88,95,65
5b4bee64-7a0b-47ea-9b77-5377f64f5098,Lever Vertical Squat,squat,Squat,"leg_press, leg_extension, lunge, leg_curl",False,machine,80,75,20,88
5b4d38f0-b71d-465c-a190-0ff871b67614,Roll Erector Spinae Lying On Floor,general_movement,Roll Erector Spinae Lying On Floor,,False,bodyweight,70,88,95,65
5b4e92d0-615e-4ff7-8ba7-98ca7172fc05,Mountain Climber Over Bench,mountain_climber,Mountain Climber,"plank, burpee, high_knees",False,bodyweight,70,88,95,65
5b5824d3-1ccc-45a6-9dce-e183d0aa0cd0,Medicine Ball Roll Plank,plank,Plank,"crunch, leg_raise, russian_twist",True,bodyweight,70,88,95,65
5b67f6cc-88a7-4f41-a6fe-5ff940a8b68e,Pull In (stability Ball),core_exercise,Core Exercise,"crunch, plank",False,bodyweight,70,88,95,65
5b6b4c8b-20d3-4961-835f-d0e98771c019,Forward Backward Quick Step,back_exercise,Back Exercise,"bent_over_row, lat_pulldown",False,bodyweight,70,88,95,65
5b6fe7f9-1bee-40e5-8f4b-6764ec101aea,Wide Stance Jump Squat To Narrow Stance Jump Squat,bent_over_row,Bent Over Row,"lat_pulldown, face_pull, bicep_curl, rear_delt_fly",False,bodyweight,70,88,95,65
5b8b96f3-6f44-465c-bbdb-b32405e48d08,Standing Single Front Leg Raise Chair Supported,leg_raise,Leg Raise,"crunch, plank, reverse_crunch",False,bodyweight,70,88,95,65
5b90f173-47d5-4e3b-a6e9-aea4651451e1,Side Bent (Barbell),general_movement,Side Bent,,False,barbell,95,80,65,95
5ba6da72-c5ae-45fa-b0ac-7a0516f38e0e,Reverse Lunge High Knee Forward Lunge,reverse_lunge,Reverse Lunge,"split_squat, step_up, squat, leg_press",False,bodyweight,70,88,95,65
5bb2e9e9-af67-4675-b670-a0c6eb41e47e,One Arm Triceps Extension (Dumbbell),tricep_extension,Tricep Extension,"tricep_pushdown, skull_crusher, dip, bicep_curl",False,dumbbell,92,90,92,90
5bb986de-b395-4028-9b08-24c5a371883d,Squat Step Out (Resistance Band),squat,Squat,"leg_press, leg_extension, lunge, leg_curl",False,band,60,85,90,50
5bcb62fc-26b4-46f2-8ed6-1fbe8fde8727,Step Up (Barbell),step_up,Step Up,"lunge, split_squat, squat",False,barbell,95,80,65,95
5bd0665e-1c68-4260-80ce-3fcfd8abf41e,Lying Leg Raise (waist) (Resistance Band),leg_raise,Leg Raise,"crunch, plank, reverse_crunch",False,band,60,85,90,50
5bd3444f-cb1f-4b3a-9662-67dac575ba2c,Chest Fly Shoulders,fly,Chest Fly,"bench_press, incline_fly, push_up",False,bodyweight,70,88,95,65
5bdc4e78-543c-4da5-a9d0-943adc3c6ae1,Seated Lateral Raise (Band),lateral_raise,Lateral Raise,"shoulder_press, front_raise, rear_delt_fly",False,band,60,85,90,50
5be7754c-afb0-4f5d-b4e3-9cbe49cc1010,Standing Lateral Raise (Dumbbell),lateral_raise,Lateral Raise,"shoulder_press, front_raise, rear_delt_fly",True,dumbbell,92,90,92,90
5beda0ae-d254-41e5-8802-5c9d130f05ee,One Arm Triceps Pushdown (Cable),tricep_pushdown,Tricep Pushdown,"tricep_extension, skull_crusher, dip",True,cable,85,88,30,92
5bef2b98-5556-4754-8018-a2e75d2034da,Lever Supinated Grip Seated Row (plate Loaded),cable_row,Cable Row,"lat_pulldown, face_pull, bicep_curl, rear_delt_fly",False,machine,80,75,20,88
5bf9ead1-460a-403d-8ed0-14126d848393,Landmine Shoulder To Shoulder Press,shoulder_press,Shoulder Press,"lateral_raise, front_raise, tricep_extension",False,bodyweight,70,88,95,65
5c091c8d-0b86-415a-a683-15bca68fe0c0,Kneeling Twist (Cable),core_exercise,Core Exercise,"crunch, plank",False,cable,85,88,30,92
5c0e5ea6-f49b-4bf8-9085-24a617d99726,Landmine Single Leg Romanian Deadlift,romanian_deadlift,Romanian Deadlift,"romanian_deadlift, bent_over_row, hip_thrust, squat",False,bodyweight,70,88,95,65
5c1c8170-a937-4370-9a4c-bef261289cbb,Double Woodchoppers,woodchop,Woodchop,"russian_twist, oblique_crunch, plank",False,bodyweight,70,88,95,65
5c22cc95-cf7b-4d85-89d3-0670403ca392,Step Knee Thrust,general_movement,Step Knee Thrust,,False,bodyweight,70,88,95,65
5c2b8624-6938-4285-9795-6d8422b4c9d3,Lying Oblique V Up (Dumbbell),v_up,V Up,"crunch, leg_raise, plank",False,dumbbell,92,90,92,90
5c303e2b-7648-4743-93ba-f09072a8df19,Side Step Chest Squeeze,chest_exercise,Chest Exercise,"bench_press, fly",False,bodyweight,70,88,95,65
5c30c64a-fbed-4f66-a914-6bfe6f3d9532,Incline Front Raise (Dumbbell),front_raise,Front Raise,"shoulder_press, lateral_raise, incline_bench_press",True,dumbbell,92,90,92,90
5c337d29-9ac1-43ae-9a96-85418a70b989,Deep Breathe Flaps Plyo Squat,squat,Squat,"leg_press, leg_extension, lunge, leg_curl",False,bodyweight,70,88,95,65
5c3b04e9-b770-426b-a010-a1afa60894b5,One Arm Kickback (Dumbbell),back_exercise,Back Exercise,"bent_over_row, lat_pulldown",False,dumbbell,92,90,92,90
5c3b94d0-6023-4513-b698-22161610364b,High Row (kneeling Rope Attachment) (Cable),bent_over_row,Bent Over Row,"lat_pulldown, face_pull, bicep_curl, rear_delt_fly",False,cable,85,88,30,92
5c601f3a-26d1-4737-9d5c-da7e56a1ed06,Airbike ,cycling,Cycling,,False,bodyweight,70,88,95,65
5c6179d3-4372-41ca-af80-ae176d638cec,Lever Single Arm Shoulder Press (plate Loaded) (VE,shoulder_press,Shoulder Press,"lateral_raise, front_raise, tricep_extension",False,machine,80,75,20,88
5c6559da-c137-476f-814f-8cd77fa04529,Sled Lying Squat,squat,Squat,"leg_press, leg_extension, lunge, leg_curl",False,bodyweight,70,88,95,65
5c67af2f-90c1-40e9-bbcf-bc1aa2011616,Inverted Row Between Chairs,inverted_row,Inverted Row,"lat_pulldown, face_pull, bicep_curl, rear_delt_fly",False,bodyweight,70,88,95,65
5c6d9a19-6090-4175-9372-1e23c9e66312,Star Plank,plank,Plank,"crunch, leg_raise, russian_twist",True,bodyweight,70,88,95,65
5c7028d1-3c10-46ec-8d2e-06441e6c94f4,Roll Ball Gluteus Maximus,glute_exercise,Glute Exercise,"hip_thrust, glute_bridge",False,bodyweight,70,88,95,65
5c806409-3254-4d1c-abc7-7ba4c3c8c3f1,Ring Elevanted Pike Push Up From Deficit,push_up,Push Up,"bench_press, fly, dip, tricep_extension",True,bodyweight,70,88,95,65
5c813b59-671e-4d6b-baf0-1a85d0b657d2,Step Up High Knee (bosu Ball),step_up,Step Up,"lunge, split_squat, squat",False,bodyweight,70,88,95,65
5c840164-b490-4c9e-865b-a52c2178ba02,Triceps Kickback (Band),tricep_kickback,Tricep Kickback,"tricep_extension, tricep_pushdown, dip",False,band,60,85,90,50
5c855965-3a5d-4c18-b33e-7c5ec46fa34f,Intermediate Hip Flexor And Quad Stretch,hip_stretch,Hip Stretch,,False,bodyweight,70,88,95,65
5c85f9e9-a1c3-4cca-a411-742aeead036c,Battling Ropes High Waves,general_movement,Battling Ropes High Waves,,False,bodyweight,70,88,95,65
5c8c30e8-a27e-41c4-a828-12718194ae46,Seated Rear Lateral Raise (Cable),lateral_raise,Lateral Raise,"shoulder_press, front_raise, rear_delt_fly",False,cable,85,88,30,92
5c8f3d54-d507-4694-95d4-c53f1527a7b4,Bent Over Row (Barbell),bent_over_row,Bent Over Row,"lat_pulldown, face_pull, bicep_curl, rear_delt_fly",True,barbell,95,80,65,95
5c92da6d-cac7-4ef3-bf18-d987ba014036,Lying Cycle Punches,general_movement,Lying Cycle Punches,,False,bodyweight,70,88,95,65
5ca15595-fd35-4b78-ad47-b378e9a7b3c9,Standing Shoulder External Rotation (Resistance Band),shoulder_exercise,Shoulder Exercise,"shoulder_press, lateral_raise",False,band,60,85,90,50
5ca1f94d-a0d5-4cb7-97cb-bd9e2df21142,Standing Close Grip Shoulder Press (Dumbbell),shoulder_press,Shoulder Press,"lateral_raise, front_raise, tricep_extension",False,dumbbell,92,90,92,90
5cac83b4-6e2d-43b8-a51b-a39759e7f2e0,Seated Lower Back Stretch,back_stretch,Back Stretch,,False,bodyweight,70,88,95,65
5cb3faae-5fb4-46d3-be10-9065f13be899,Lateral Tap In Squat Position,squat,Squat,"leg_press, leg_extension, lunge, leg_curl",False,bodyweight,70,88,95,65
5cb86b67-df5d-4c4c-8fba-a4b70e652976,Lever Overhead Triceps Extension,overhead_tricep_extension,Overhead Tricep Extension,"tricep_pushdown, skull_crusher, dip, bicep_curl",False,machine,80,75,20,88
5cc52fb2-40cd-4d9e-936c-103c7f441fac,Sitting Back Squeeze Pulse On A Chair,back_exercise,Back Exercise,"bent_over_row, lat_pulldown",False,bodyweight,70,88,95,65
5cc9b24d-c5ba-463d-8494-73482c3ee22d,Dynamic 90 90 Hip Twist,general_movement,Dynamic 90 90 Hip Twist,,False,bodyweight,70,88,95,65
5cd0b424-9a7f-4985-a203-b07499593214,Kneeling Leg Half Circle,leg_exercise,Leg Exercise,"squat, leg_press",False,bodyweight,70,88,95,65
5cd51a04-a0f0-41a3-9e9c-2cbb1ddb857d,Wrist Curl (Barbell),general_movement,Wrist Curl,,False,barbell,95,80,65,95
5cea78bc-3c69-4f9c-aa7a-186038e33b57,Plank Forearms Walk,plank,Plank,"crunch, leg_raise, russian_twist",True,bodyweight,70,88,95,65
5cee3950-3aeb-4818-96a6-bb40cb57e423,Dead Bug,general_movement,Dead Bug,,False,bodyweight,70,88,95,65
5cfc3cba-3966-4cda-86d5-922c4ad55603,Seated Crunch (Cable),cable_crunch,Cable Crunch,"leg_raise, plank, russian_twist",False,cable,85,88,30,92
5d00cd4a-73f8-41f9-b5c4-fc503064cfdb,Side Step Walking,general_movement,Side Step Walking,,False,bodyweight,70,88,95,65
5d01f257-5a4f-4fb8-a294-ce8801fad87f,Standing Leaning Back Stretch,back_stretch,Back Stretch,,False,bodyweight,70,88,95,65
5d02e775-59bd-4c67-9c8f-25235673fce8,Hack Squat (Barbell),hack_squat,Hack Squat,"leg_press, leg_extension, lunge, leg_curl",False,barbell,95,80,65,95
5d0e2f94-bd74-4d1e-b45f-e15d83a62a44,Weighted Round Arm,arm_exercise,Arm Exercise,"bicep_curl, tricep_extension",False,bodyweight,70,88,95,65
5d140b4e-bd1f-42ba-988c-ad36a0c2c968,Side Shuffle Leg Side Lift,leg_exercise,Leg Exercise,"squat, leg_press",False,bodyweight,70,88,95,65
5d161625-3ea1-4f99-98c1-746db3d73f4e,Kneeling Side Plank Twist,side_plank,Side Plank,"crunch, leg_raise, russian_twist",False,bodyweight,70,88,95,65
5d23814a-6072-4597-8bab-494304f92edd,Suspender Oblique Rollout,general_movement,Suspender Oblique Rollout,,False,bodyweight,70,88,95,65
5d2c1d52-0172-4da6-b812-0ad4dae511e6,Marching On Spot Shoulders Rotation,shoulder_exercise,Shoulder Exercise,"shoulder_press, lateral_raise",False,bodyweight,70,88,95,65
5d2eb2f2-72dc-4b4b-a7a8-4963dc74a5d3,Squat Mobility Side Bend,general_stretch,Stretch,,False,bodyweight,70,88,95,65
5d4ae3f8-15d4-4d79-9403-8ffca1f859c2,Front Raise Shoulders Press Combo (Dumbbell),front_raise,Front Raise,"shoulder_press, lateral_raise, incline_bench_press",True,dumbbell,92,90,92,90
5d4fc118-cac3-461a-b0ac-cce7ebf13dee,Hanging Front Lever Hold,general_movement,Hanging Front Lever Hold,,False,machine,80,75,20,88
5daa441b-8718-4647-87d9-d42f1876999b,Triceps Pushdown (SZ Bar) (Cable),tricep_pushdown,Tricep Pushdown,"tricep_extension, skull_crusher, dip",True,cable,85,88,30,92
5dc28475-4435-4f6d-a375-8b82bd37d652,Alternating Arm Thruster (Kettlebell),thruster,Thruster,"front_squat, shoulder_press, clean",False,kettlebell,75,85,85,78
5dc38670-5190-4793-b50e-b0c50902e15e,Jump Box,general_movement,Jump Box,,False,bodyweight,70,88,95,65
5dc95cfb-1ee1-4a8a-b0a5-062861389c87,Smith Leg Press,leg_press,Leg Press,"squat, leg_extension, leg_curl, hack_squat",False,smith_machine,72,70,25,80
5dcb47aa-5a1b-4ee5-b0f0-99f6ec38f6b0,Walking Side Step Row,bent_over_row,Bent Over Row,"lat_pulldown, face_pull, bicep_curl, rear_delt_fly",False,bodyweight,70,88,95,65
5e020abc-0969-4c61-b2a4-e7e276a96563,Plank Jack (Resistance Band),plank,Plank,"crunch, leg_raise, russian_twist",False,band,60,85,90,50
5e02d7b5-b49c-45cc-9e92-cef8c97a5f25,Kneeling Hip Flexor Sagital,general_movement,Kneeling Hip Flexor Sagital,,False,bodyweight,70,88,95,65
5e05060b-628f-4210-914d-323dfee75b74,Sitting Uppercut On Chair,general_movement,Sitting Uppercut On Chair,,False,bodyweight,70,88,95,65
5e0c936a-f7cc-45e5-8ef8-87ef9179a8fa,Standing Hip Frontal Rotation Arm Sways,arm_exercise,Arm Exercise,"bicep_curl, tricep_extension",False,bodyweight,70,88,95,65
5e1a53c4-a239-43f1-8a6e-894f109413f9,Lying Prone Shoulder Extension,extension,Extension,"tricep_extension, leg_extension",False,bodyweight,70,88,95,65
5e1e5bcf-25cf-4fd1-85df-b8c1d8ba7698,Standing Front Clap Back Clap,back_exercise,Back Exercise,"bent_over_row, lat_pulldown",False,bodyweight,70,88,95,65
5e279953-a7e7-40de-9fa6-957651fbd159,Side Step Overhead Front Raise,front_raise,Front Raise,"shoulder_press, lateral_raise, incline_bench_press",False,bodyweight,70,88,95,65
5e2e6153-0306-4e99-9863-652b2fdf14f7,Reverse Lunge High Knee (Bodyweight),reverse_lunge,Reverse Lunge,"split_squat, step_up, squat, leg_press",False,bodyweight,70,88,95,65
5e35b1f2-a6d4-4db6-a10c-3a96e8ddb237,Exercise Ball Pike Pushup,push_up,Push Up,"bench_press, fly, dip, tricep_extension",True,bodyweight,70,88,95,65
5e39a4a4-94f7-4393-8016-b0dbe1b32aff,Alternate Side Step Jump Side Bend,general_movement,Alternate Side Step Jump Side Bend,,False,bodyweight,70,88,95,65
5e3e3a48-33b2-4685-b8b7-b5e2429a9b94,Weighted Crunch,crunch,Crunch,"leg_raise, plank, russian_twist",True,bodyweight,70,88,95,65
5e451656-1a70-40f7-a549-57a50f4e5389,Standing Behind Neck Press,press,Press,"bench_press, shoulder_press",False,bodyweight,70,88,95,65
5e699200-32f3-472c-9125-7aa9b05f1505,Olympic (Barbell) Triceps Extension,tricep_extension,Tricep Extension,"tricep_pushdown, skull_crusher, dip, bicep_curl",False,barbell,95,80,65,95
5e6fe39c-8498-4428-aa8d-9758aeb6a063,Reverse Crunch,reverse_crunch,Reverse Crunch,"leg_raise, plank, russian_twist",False,bodyweight,70,88,95,65
5e7ceafc-ccd0-4628-ba33-176bc871f2ae,Cross Body Punch Jack,general_movement,Cross Body Punch Jack,,False,bodyweight,70,88,95,65
5e80f308-fc26-4af8-a744-b90759f0b80a,Seated Leaning Back Hundreds On Chair,back_exercise,Back Exercise,"bent_over_row, lat_pulldown",False,bodyweight,70,88,95,65
5e96b909-3bbf-4e3d-85a1-fded2aeb7f02,Side To Side Rotational Arm Extension,extension,Extension,"tricep_extension, leg_extension",False,bodyweight,70,88,95,65
5e9ec1aa-e335-4a10-9934-bff1c6ec33a3,Handstand Hold On Wall,general_movement,Handstand Hold On Wall,,False,bodyweight,70,88,95,65
5ea04b44-dd9e-4cea-b779-2438ab08ce0e,Butterfly Yoga Pose,general_stretch,Stretch,,False,bodyweight,70,88,95,65
5eb187f4-bd89-4d29-9833-93a3d94272dc,Lying Elbow To Knee,general_movement,Lying Elbow To Knee,,False,bodyweight,70,88,95,65
5eb7c563-663b-4ca4-8ae4-b64ca848901a,Landmine Kneeling Single Arm Shoulder Press,shoulder_press,Shoulder Press,"lateral_raise, front_raise, tricep_extension",False,bodyweight,70,88,95,65
5eb9c444-f3ad-43f5-a885-405cd656d822,Lever T Bar Row (plate Loaded),machine_row,Machine Row,"lat_pulldown, face_pull, bicep_curl, rear_delt_fly",False,machine,80,75,20,88
5ebedb11-b493-4672-8551-e5baaa4ab6ef,Elbow To Knee Twists,general_movement,Elbow To Knee Twists,,False,bodyweight,70,88,95,65
5ec3134c-71fb-4ad5-ae0b-c28d749ac567,Sitting Legs Extended To Butterfly Stretch,general_stretch,Stretch,,False,bodyweight,70,88,95,65
5ec5e713-a451-40fa-bcbf-b49fc48b921b,Basketball Shot Jump,general_movement,Basketball Shot Jump,,False,bodyweight,70,88,95,65
5ec6c61b-1400-4a3f-b4fa-0869954b84f8,Seated Half Circle Front Raise (Dumbbell),front_raise,Front Raise,"shoulder_press, lateral_raise, incline_bench_press",True,dumbbell,92,90,92,90
5ec6f631-ec60-445e-8c2b-d308ae24151c,Rotator Cuff Warm Up,arm_exercise,Arm Exercise,"bicep_curl, tricep_extension",False,bodyweight,70,88,95,65
5eca9676-7899-4b35-b564-12b3f3e26aca,Reverse Grip Overhead Press (Barbell),shoulder_press,Shoulder Press,"lateral_raise, front_raise, tricep_extension",True,barbell,95,80,65,95
5ed15cef-b103-4c6c-a3d7-f2ffad52a690,Front Squat (Dumbbell),front_squat,Front Squat,"leg_press, leg_extension, lunge, leg_curl",False,dumbbell,92,90,92,90
5eefef0a-9317-44a1-b407-b9586a4c5e0f,Side To Side Jump Over Stepbox,general_movement,Side To Side Jump Over Stepbox,,False,bodyweight,70,88,95,65
5f1652ab-ed34-4f54-8403-d404e0559f91,Ring Back Lever,back_exercise,Back Exercise,"bent_over_row, lat_pulldown",False,machine,80,75,20,88
5f31dacb-0aa9-4ea9-83aa-9f0729e4af57,Seated Overhead Press (Barbell),shoulder_press,Shoulder Press,"lateral_raise, front_raise, tricep_extension",True,barbell,95,80,65,95
5f3bd028-3411-4afd-8db8-39dbd6e0c8f6,Seated Thumbs Up Pulse,general_movement,Seated Thumbs Up Pulse,,False,bodyweight,70,88,95,65
5f42b91f-50fb-4b86-8e20-518110426bff,Leg Pull Side,leg_exercise,Leg Exercise,"squat, leg_press",False,bodyweight,70,88,95,65
5f4bcda4-389d-4d36-b697-82a2dfc48b84,Stiff Leg Deadlift (Dumbbell),stiff_leg_deadlift,Stiff Leg Deadlift,"romanian_deadlift, bent_over_row, hip_thrust, squat",False,dumbbell,92,90,92,90
5f514ba1-2672-405d-87e2-279d68608a08,Suspender Biceps Clutch,arm_exercise,Arm Exercise,"bicep_curl, tricep_extension",False,bodyweight,70,88,95,65
5f524e68-cd9c-45f3-a317-65d374544565,Deep Push Up,push_up,Push Up,"bench_press, fly, dip, tricep_extension",True,bodyweight,70,88,95,65
5f615eaf-bb45-47bb-aaad-05ec482526bb,Upright Shoulder External Rotation (Dumbbell),shoulder_exercise,Shoulder Exercise,"shoulder_press, lateral_raise",False,dumbbell,92,90,92,90
5f656cd3-5906-49fc-9efb-7c8852dcbcd1,Elevated Single Leg Hip Thrust,hip_thrust,Hip Thrust,"glute_bridge, romanian_deadlift, leg_curl",False,bodyweight,70,88,95,65
5f657276-5728-4329-a57b-a517050aa802,Standing Inner Curl (Cable),bicep_curl,Bicep Curl,"hammer_curl, preacher_curl, tricep_extension",False,cable,85,88,30,92
5f682de8-f264-4d25-9ea1-70af3e53ea0c,Meditation,general_movement,Meditation,,False,bodyweight,70,88,95,65
5f73fd1d-c4a7-47bb-b7f9-6703a91ead78,Jumping Jack Toe Touch,jumping_jack,Jumping Jack,"burpee, high_knees, squat_jump",False,bodyweight,70,88,95,65
5f787f5c-6cc1-44ec-9e99-7c64540b2bc7,Straight Arm Crunch (Dumbbell),crunch,Crunch,"leg_raise, plank, russian_twist",False,dumbbell,92,90,92,90
5f81a880-b2ab-4d46-816c-6aacb976858f,Alternate Upper Chest Raise,raise,Raise,"lateral_raise, front_raise",False,bodyweight,70,88,95,65
5f97c854-0977-423a-9c5b-7d58a67a5182,Kneeling Push Up Jump,push_up,Push Up,"bench_press, fly, dip, tricep_extension",True,bodyweight,70,88,95,65
5fab6418-5e23-4883-98e9-b68f89f7bc80,Explosive Push Up (Resistance Band),push_up,Push Up,"bench_press, fly, dip, tricep_extension",False,band,60,85,90,50
5fb6c26d-9725-4e9b-b79c-2eb323db5e96,Front Chest Squat (Barbell),front_squat,Front Squat,"leg_press, leg_extension, lunge, leg_curl",False,barbell,95,80,65,95
5fccd879-cfcf-4451-9fca-b43d0ea10551,Arnold Press (Kettlebell),arnold_press,Arnold Press,"shoulder_press, lateral_raise, front_raise",False,kettlebell,75,85,85,78
5fd6b28f-7685-4246-9a8e-c67c80426892,Hip Roll Plank,plank,Plank,"crunch, leg_raise, russian_twist",True,bodyweight,70,88,95,65
5fdb7675-394e-47de-8457-cab8ce43f8fd,Cross Abduction (Band),hip_abduction,Hip Abduction,"hip_adduction, glute_kickback, hip_thrust",False,band,60,85,90,50
5fe69c1b-0239-4d0f-91b7-5c45b9c1131e,90 Degrees External Rotation (Resistance Band),general_movement,90 Degrees External Rotation,,False,band,60,85,90,50
5fef3099-427a-4358-9612-cd632f4eda8f,Weighted Plate Lying Bench Side Oblique Crunch,oblique_crunch,Oblique Crunch,"leg_raise, plank, russian_twist",False,bodyweight,70,88,95,65
60131fa0-2d25-4a74-9c6f-3bcd77523954,Lever Pure Rear Kick,general_movement,Lever Pure Rear Kick,,False,machine,80,75,20,88
601a2b23-7524-4914-8e94-d5bd9572f454,Sitting Hip Mobilization Circle On Exercise Ball (,hip_stretch,Hip Stretch,,False,bodyweight,70,88,95,65
601a67dd-ccac-429a-a59b-7815b27ff69f,Criss Cross Knee Tuck,general_movement,Criss Cross Knee Tuck,,False,bodyweight,70,88,95,65
601bd346-f3ab-430e-84c1-cfc5bf72cc7e,Lying Close Grip Triceps Extension (Barbell),tricep_extension,Tricep Extension,"tricep_pushdown, skull_crusher, dip, bicep_curl",False,barbell,95,80,65,95
601e854b-4a84-4847-98a7-08e771dcc5cc,Smith Front Squat (clean Grip),front_squat,Front Squat,"leg_press, leg_extension, lunge, leg_curl",False,smith_machine,72,70,25,80
602487db-c80b-48af-a387-c5b2a3ada785,Seated Good Morning (Barbell),good_morning,Good Morning,"romanian_deadlift, hip_thrust, back_extension",False,barbell,95,80,65,95
6030b96f-7fbd-4cb0-9109-2c87e62d0c7d,Lunge,lunge,Lunge,"split_squat, step_up, squat, leg_press",False,bodyweight,70,88,95,65
603b7516-4dba-4361-8ed8-2db0a802f7a8,Pin Squat (Barbell),squat,Squat,"leg_press, leg_extension, lunge, leg_curl",True,barbell,95,80,65,95
603bfd0b-f4bd-4e03-8e3c-f126014e7e02,Split Squat With Low Box,split_squat,Split Squat,"leg_press, leg_extension, lunge, leg_curl",False,bodyweight,70,88,95,65
603db727-2bed-43cf-8a60-c3beffa2bd46,Lateral Step Up,step_up,Step Up,"lunge, split_squat, squat",False,bodyweight,70,88,95,65
6043fca1-67b5-462b-b63b-f18a7c7a0319,Rear Lunge (Dumbbell),lunge,Lunge,"split_squat, step_up, squat, leg_press",False,dumbbell,92,90,92,90
6045c83f-5916-4e73-9372-0dd0d1ccbf36,Patrick Step (Bodyweight),general_movement,Patrick Step,,False,bodyweight,70,88,95,65
6050f160-49df-43f3-83db-6f5e40be7170,Side Lunge (Dumbbell),lateral_lunge,Lateral Lunge,"split_squat, step_up, squat, leg_press",False,dumbbell,92,90,92,90
605ec30d-b983-4ae8-8e59-3f27ad9213f7,Standing Opposite Straight Arm Clasp (right Over L,arm_exercise,Arm Exercise,"bicep_curl, tricep_extension",False,bodyweight,70,88,95,65
60830ad3-6fdb-4ba5-b28f-bc63dbb113d6,Roll Ball Foot,general_movement,Roll Ball Foot,,False,bodyweight,70,88,95,65
608a268c-8a6f-41aa-968b-d6daf00b1403,Assisted Single Arm Pull Up (Resistance Band),pull_up,Pull Up,"lat_pulldown, bent_over_row, bicep_curl",False,band,60,85,90,50
608c04c2-d0d5-4237-b3fd-75aae54f51d5,Suspender Push Up To Side Plank,push_up,Push Up,"bench_press, fly, dip, tricep_extension",True,bodyweight,70,88,95,65
608e9ea1-5a54-4307-87a4-9e4e402d78d5,Plate Hyperextension,back_extension,Back Extension,"romanian_deadlift, good_morning, glute_bridge",False,bodyweight,70,88,95,65
6098f990-2ca2-499a-b5eb-e690a7ad07f2,Handstand Against The Wall,general_movement,Handstand Against The Wall,,False,bodyweight,70,88,95,65
60cb1bd0-3154-4404-afb1-ee1724adf262,Jackknife Sit Up (Band),crunch,Crunch,"leg_raise, plank, russian_twist",False,band,60,85,90,50
60d2237e-9bbd-4f47-9527-15c49ec3e08d,Kneeling Glute Kickback (Cable),back_exercise,Back Exercise,"bent_over_row, lat_pulldown",False,cable,85,88,30,92
60d2dbba-1241-4ad9-8577-a21ec0914d25,Arms Curl Knee Drive,bicep_curl,Bicep Curl,"hammer_curl, preacher_curl, tricep_extension",False,bodyweight,70,88,95,65
60e9e9d3-0ceb-4487-8688-df0d0ba6423e,Ifbb Pose,general_stretch,Stretch,,False,bodyweight,70,88,95,65
60f517b1-fee3-48dc-bdca-39327bfe0cd1,Incline Y Raise (Kettlebell),raise,Raise,"lateral_raise, front_raise",False,kettlebell,75,85,85,78
60f52980-3cae-41b7-8408-25eafc94696a,Medicine Ball Overhead Throw,bent_over_row,Bent Over Row,"lat_pulldown, face_pull, bicep_curl, rear_delt_fly",False,bodyweight,70,88,95,65
60fccbbf-db4c-4355-bd66-21222f639f06,Standing Hand Out Cross Kick,general_movement,Standing Hand Out Cross Kick,,False,bodyweight,70,88,95,65
611ed3da-f581-424a-bc96-47e3aa203df9,Russian Twist Boat Row (Dumbbell),bent_over_row,Bent Over Row,"lat_pulldown, face_pull, bicep_curl, rear_delt_fly",False,dumbbell,92,90,92,90
61217f19-c791-45ef-af50-418ba30e9d41,Bridge Straight Leg Raise,leg_raise,Leg Raise,"crunch, plank, reverse_crunch",False,bodyweight,70,88,95,65
61350c69-27d3-490e-8434-c8780efe602f,Alternate Side Step Bend,general_movement,Alternate Side Step Bend,,False,bodyweight,70,88,95,65
6144ebb5-1fe5-4239-8925-872dd9cb69eb,Roll Ball Infraspinatus Stretch,general_stretch,Stretch,,False,bodyweight,70,88,95,65
6145985e-6b2e-4235-b1e6-c74f6ba4a867,Lever Bent Over Single Arm Neutral Grip Row (with,machine_row,Machine Row,"lat_pulldown, face_pull, bicep_curl, rear_delt_fly",False,machine,80,75,20,88
61494a7c-fc72-4f24-b148-af8790acdc4d,Forward Backward Lunge (Barbell),lunge,Lunge,"split_squat, step_up, squat, leg_press",False,barbell,95,80,65,95
615916f3-c166-441d-a177-d0726527c978,Overhead Squat (Barbell),squat,Squat,"leg_press, leg_extension, lunge, leg_curl",True,barbell,95,80,65,95
615ca083-e0b5-457d-9475-dc72a8172469,Kneeling Plank,plank,Plank,"crunch, leg_raise, russian_twist",True,bodyweight,70,88,95,65
615d8a72-28f3-4b41-985a-14a6a7d8428c,Row And Stepover,bent_over_row,Bent Over Row,"lat_pulldown, face_pull, bicep_curl, rear_delt_fly",False,bodyweight,70,88,95,65
61612406-edfa-4330-bfc3-665195b54b74,Kneeling Push Up To Hovering Table Top,push_up,Push Up,"bench_press, fly, dip, tricep_extension",True,bodyweight,70,88,95,65
61777e68-fc54-4c64-a778-c711606bbded,Bicycle Crunch Floor Touch,bicycle_crunch,Bicycle Crunch,"leg_raise, plank, russian_twist",False,bodyweight,70,88,95,65
617fa283-1046-4241-9aac-3ed0d72c8cc2,Sitting Floor Floating Heels Together Abductor,hip_abduction,Hip Abduction,"hip_adduction, glute_kickback, hip_thrust",False,bodyweight,70,88,95,65
6185e195-6db7-4714-87fc-91430f6dff4a,Alternate Biceps Curl (Dumbbell),bicep_curl,Bicep Curl,"hammer_curl, preacher_curl, tricep_extension",True,dumbbell,92,90,92,90
618e6b7b-8e0f-4403-bc4d-278dceb302ca,Side Bear Crawl,general_movement,Side Bear Crawl,,False,bodyweight,70,88,95,65
6195fedb-8ff5-4a2c-a654-54ce30e613ac,Standing Bend Alternating Toe Touch,general_movement,Standing Bend Alternating Toe Touch,,False,bodyweight,70,88,95,65
61a22216-9796-413a-954f-ce9325bbf314,Standing One Arm Circling,arm_exercise,Arm Exercise,"bicep_curl, tricep_extension",False,bodyweight,70,88,95,65
61a8c2f1-0f51-4604-8d4e-96646c217f6f,Balance Rear Lunge,lunge,Lunge,"split_squat, step_up, squat, leg_press",False,bodyweight,70,88,95,65
61adb2d5-363b-49ea-96fc-26cd493610e3,Standing Concentration Curl (Dumbbell),concentration_curl,Concentration Curl,"bicep_curl, preacher_curl, hammer_curl",True,dumbbell,92,90,92,90
61b43a29-0504-43ca-9650-16e89632d63f,Wide Front Elbow Plank,plank,Plank,"crunch, leg_raise, russian_twist",True,bodyweight,70,88,95,65
61bbf52f-2bb1-4109-bd13-64a7cce39860,Incline Raise (Dumbbell),raise,Raise,"lateral_raise, front_raise",False,dumbbell,92,90,92,90
61c68385-e5f9-4a2f-bd7c-51b8c11c4110,Seated Lateral Raise (Kettlebell),lateral_raise,Lateral Raise,"shoulder_press, front_raise, rear_delt_fly",False,kettlebell,75,85,85,78
61c9775d-cbb2-4141-80c1-0699f413d3c9,Standing Bent Over Two Arm Triceps Extens (Dumbbell),arm_exercise,Arm Exercise,"bicep_curl, tricep_extension",False,dumbbell,92,90,92,90
61ced5be-bb46-41a7-bcc0-21d391fc2635,Ipsilateral Reverse Lunge High Knee (Kettlebell),reverse_lunge,Reverse Lunge,"split_squat, step_up, squat, leg_press",False,kettlebell,75,85,85,78
6206ca0c-dca6-42bd-ae2d-2ddada2916b8,Weighted Bottle Standing Shrug,shrug,Shrug,"upright_row, deadlift, bent_over_row",False,bodyweight,70,88,95,65
62077ea0-552b-4905-b977-30b300e9fe85,Lateral Raise From Back (Dumbbell),lateral_raise,Lateral Raise,"shoulder_press, front_raise, rear_delt_fly",True,dumbbell,92,90,92,90
62198908-a7fd-4c46-8d13-44a8329f0cfc,Seated Neck Tap,general_movement,Seated Neck Tap,,False,bodyweight,70,88,95,65
622599d2-2680-4077-bce3-fc6c4c2e9ba5,Lying Lower Back Knee To Chest,chest_exercise,Chest Exercise,"bench_press, fly",False,bodyweight,70,88,95,65
6228674b-20a2-4987-8366-d83b39c3c750,Diagonal Opens,general_movement,Diagonal Opens,,False,bodyweight,70,88,95,65
62333849-7267-40c4-8886-26562983487d,Low Lunge (left),lunge,Lunge,"split_squat, step_up, squat, leg_press",False,bodyweight,70,88,95,65
6240fc82-f990-4e73-89af-d52c62ed9234,Drag Curl (Barbell),bicep_curl,Bicep Curl,"hammer_curl, preacher_curl, tricep_extension",False,barbell,95,80,65,95
624e029a-db6b-4b5f-9351-28de7eda584a,Side Bend Side Lunge,lateral_lunge,Lateral Lunge,"split_squat, step_up, squat, leg_press",False,bodyweight,70,88,95,65
6254283f-e17a-4c86-89b5-2edc9c28dffd,Frog,general_movement,Frog,,False,bodyweight,70,88,95,65
62592600-e46f-4997-baf3-cbb5cea032f3,Low Seated Row With V Bar (Cable),cable_row,Cable Row,"lat_pulldown, face_pull, bicep_curl, rear_delt_fly",True,cable,85,88,30,92
625bf070-4fe4-44d9-8c33-91e73469dbcd,Lever Assisted Triceps Pushdown,tricep_pushdown,Tricep Pushdown,"tricep_extension, skull_crusher, dip",False,machine,80,75,20,88
6264062f-6121-4ef6-80df-9bd3420fc127,Lying Floor Negative Half Dragon Flag,general_movement,Lying Floor Negative Half Dragon Flag,,False,bodyweight,70,88,95,65
626e8cd7-84c0-4400-b506-0408eb30ee89,Hip Hurdles Over The Bar,general_movement,Hip Hurdles Over The Bar,,False,bodyweight,70,88,95,65
6270c161-2e51-4ccb-a427-0a48e152d5ad,Kneeling Fist Roll,general_movement,Kneeling Fist Roll,,False,bodyweight,70,88,95,65
6273bcff-3182-4f14-9023-21a8c2ce780a,Hands Behind Head Romanian Deadlift (Bodyweight),romanian_deadlift,Romanian Deadlift,"romanian_deadlift, bent_over_row, hip_thrust, squat",False,bodyweight,70,88,95,65
62835f34-72ea-4d49-b74d-4c8444c41cee,Ski Runners,running,Running,,False,bodyweight,70,88,95,65
628ad027-c82e-4a63-9b2b-66e636501ec5,Bent Over Rear Lateral Raise (Band),lateral_raise,Lateral Raise,"shoulder_press, front_raise, rear_delt_fly",False,band,60,85,90,50
628c6a3a-3f30-4c2f-b049-14fe81df12ee,Weighted Lying Leg Raise Flat Bench,leg_raise,Leg Raise,"crunch, plank, reverse_crunch",False,bodyweight,70,88,95,65
628e4924-5ef3-499c-8713-352d92b08cc5,Standing Side Bend,general_movement,Standing Side Bend,,False,bodyweight,70,88,95,65
628fed0a-787e-446d-a376-b87c9e79af84,Chest Fly Side Step,fly,Chest Fly,"bench_press, incline_fly, push_up",False,bodyweight,70,88,95,65
62a95aa7-f111-48a8-a061-e8b66aeeabb1,Pullover On Exercise Ball (Dumbbell),pullover,Pullover,"lat_pulldown, straight_arm_pulldown, fly",False,dumbbell,92,90,92,90
62ca29eb-75b5-48d2-b537-64b9f00719cc,Sitting Single Straight Back Hamstring Lean,back_exercise,Back Exercise,"bent_over_row, lat_pulldown",False,bodyweight,70,88,95,65
62cb8992-1fbb-47c5-b431-aecc74691acd,Captains Chair Straight Leg Raise,leg_raise,Leg Raise,"crunch, plank, reverse_crunch",False,bodyweight,70,88,95,65
62d93c26-1f46-4ed8-8544-aa429cee1f35,Triceps Press Bench Supported,press,Press,"bench_press, shoulder_press",False,bodyweight,70,88,95,65
62dcfd90-44df-40b3-ad0a-eac5298b927e,Opposite Arm Raise Against Wall,raise,Raise,"lateral_raise, front_raise",False,bodyweight,70,88,95,65
62e62a56-8de9-478c-83cc-c96829a8d68e,Suspender Jump Squat,squat_jump,Squat Jump,"squat, lunge_jump, box_jump",False,bodyweight,70,88,95,65
62f64340-ee84-4f4c-9b9b-4b23069b6305,Standing Under Knee Clap,general_movement,Standing Under Knee Clap,,False,bodyweight,70,88,95,65
62f9ccb6-8871-401e-a083-1ca980eef0c1,45 Degrees Back Extension Scapular Adduction,hip_adduction,Hip Adduction,"hip_abduction, sumo_squat, lunge",False,bodyweight,70,88,95,65
62fb0674-7729-4af3-999e-f38fc9862ff5,Battling Ropes,general_movement,Battling Ropes,,False,bodyweight,70,88,95,65
630897e8-3cb2-49cd-aec3-72f020cb8ef4,Roll Ball Gluteus Medius,glute_exercise,Glute Exercise,"hip_thrust, glute_bridge",False,bodyweight,70,88,95,65
630a2bb9-679b-4720-8206-f730e381bd90,Walking Circle Draw,general_movement,Walking Circle Draw,,False,bodyweight,70,88,95,65
63291606-e21f-4c26-892b-8e48540b0876,Bow Yoga Pose_back,back_stretch,Back Stretch,,False,bodyweight,70,88,95,65
633c1741-a1da-4d22-801a-1da6117658c8,Lever Seated Calf Raise (plate Loaded),seated_calf_raise,Seated Calf Raise,leg_press,False,machine,80,75,20,88
6341fac7-2263-48f4-ad3a-b9b0284a20b9,Seated External Shoulder Rotation On Chair,shoulder_exercise,Shoulder Exercise,"shoulder_press, lateral_raise",False,bodyweight,70,88,95,65
634759b2-7e13-490b-904c-3feac3072670,Preacher Curl (Barbell),preacher_curl,Preacher Curl,"bicep_curl, hammer_curl, concentration_curl",False,barbell,95,80,65,95
63572277-1013-44e4-bbf0-d5bae8a4df43,Lotus Yoga Pose Padmasana,general_stretch,Stretch,,False,bodyweight,70,88,95,65
636f9083-c2cc-4cc0-a2af-bcf22d299b19,Lying Leg Over Knee Hip Twist Stretch,hip_stretch,Hip Stretch,,False,bodyweight,70,88,95,65
63ab4e5f-4abf-416e-b016-cfc9ba03aabc,Lying Leg Hang Abductor Stretch,general_stretch,Stretch,,False,bodyweight,70,88,95,65
63ae1de4-fe13-48e0-81c8-1612660b0d6f,Overhead Squat (Dumbbell),squat,Squat,"leg_press, leg_extension, lunge, leg_curl",False,dumbbell,92,90,92,90
63ae840e-ac3e-47ef-ac45-0fae38de015e,Lever Cross Lat Pulldown,lat_pulldown,Lat Pulldown,"pull_up, bent_over_row, bicep_curl, face_pull",False,machine,80,75,20,88
63c4926a-2959-42b0-8a34-2e00f2561a86,Single Arm Low Chest Fly (Resistance Band),fly,Chest Fly,"bench_press, incline_fly, push_up",False,band,60,85,90,50
63cfb431-e4ac-44e8-9c47-7ac2e2a1a8ff,Body Up,general_movement,Body Up,,False,bodyweight,70,88,95,65
63d00cdf-89d7-43c4-9677-5c8a38aa21e8,Suspender Squat Power Pull,squat,Squat,"leg_press, leg_extension, lunge, leg_curl",False,bodyweight,70,88,95,65
63d1e814-935b-46ed-b457-14226efeba5a,Crunch (arms Straight),crunch,Crunch,"leg_raise, plank, russian_twist",True,bodyweight,70,88,95,65
63d88440-48b7-4124-ad9f-66bbb9747020,Jump Step Jump,general_movement,Jump Step Jump,,False,bodyweight,70,88,95,65
63df4333-76b2-435b-9e28-f945260d86a2,Farmers Carry (Dumbbell),farmers_walk,Farmer Walk,"shrug, deadlift, lunge",False,dumbbell,92,90,92,90
63fa96ee-1ec0-40ec-98a2-4c4926d7d3e7,Lying Straight Arm Press On Floor (Kettlebell),press,Press,"bench_press, shoulder_press",False,kettlebell,75,85,85,78
63fd431b-f9a5-45e4-865b-58d44d95bdb6,Leaning Forward Side Lunge,lateral_lunge,Lateral Lunge,"split_squat, step_up, squat, leg_press",False,bodyweight,70,88,95,65
6402ca75-a63f-44d6-bd79-56916ffcc0d7,Behind The Back Cuffed Lateral Raise (Cable),lateral_raise,Lateral Raise,"shoulder_press, front_raise, rear_delt_fly",False,cable,85,88,30,92
6424101e-4424-4698-a950-6832c8bd8c2e,Ring Leg Curl With Yoga Block,general_stretch,Stretch,,False,bodyweight,70,88,95,65
6425c4c2-e887-4ce9-a516-446887a6ff03,Lever Ab Coaster Crunch,crunch,Crunch,"leg_raise, plank, russian_twist",False,machine,80,75,20,88
642a7928-aca3-4ade-9a41-723ed6f41f90,Side Plank Single Knee Drive,side_plank,Side Plank,"crunch, leg_raise, russian_twist",False,bodyweight,70,88,95,65
6433c45f-463b-49ec-93f0-249f90b330e3,Underhand Pulldown (Cable),lat_pulldown,Lat Pulldown,"pull_up, bent_over_row, bicep_curl, face_pull",True,cable,85,88,30,92
64350610-2361-4c77-9abc-7eaf09cfdd2c,Push Up (on Knees),push_up,Push Up,"bench_press, fly, dip, tricep_extension",True,bodyweight,70,88,95,65
6440e8a9-1bae-446c-9501-7bf2f2f91cee,Wipers (straight Leg),leg_exercise,Leg Exercise,"squat, leg_press",False,bodyweight,70,88,95,65
6443a0fe-8758-4aa2-8483-108ae1fe7e03,Mountain Climber,mountain_climber,Mountain Climber,"plank, burpee, high_knees",False,bodyweight,70,88,95,65
644793db-3383-48c0-9e92-35003704f19e,Shrug (Cable),shrug,Shrug,"upright_row, deadlift, bent_over_row",False,cable,85,88,30,92
64506a1e-609d-41b0-b6ed-06c2bc987288,Seated Stick Pass Around Stretch,general_stretch,Stretch,,False,bodyweight,70,88,95,65
6464840f-6be1-4ac2-8a90-14f9afccb4cf,Standing Shoulder Internal Rotatio (Resistance Band),shoulder_exercise,Shoulder Exercise,"shoulder_press, lateral_raise",False,band,60,85,90,50
646c9f01-55ab-4f97-bd50-4fe46d1f522f,Single Arm Low Fly (Cable),fly,Chest Fly,"bench_press, incline_fly, push_up",False,cable,85,88,30,92
646e1316-1459-48c0-8a66-8cabce646835,Side Plank Glute Raise,side_plank,Side Plank,"crunch, leg_raise, russian_twist",False,bodyweight,70,88,95,65
64726a15-5625-44c4-919a-b9534a56c9dc,Suspender Single Leg Squat,squat,Squat,"leg_press, leg_extension, lunge, leg_curl",False,bodyweight,70,88,95,65
647d85a3-9d5d-4b7f-99d6-e6a7d0c266a3,Open Pulsing Glute Bridge,glute_bridge,Glute Bridge,"hip_thrust, romanian_deadlift, leg_curl",False,bodyweight,70,88,95,65
647f632c-0b27-4db5-ab3f-89f6b34863ea,Superman,general_movement,Superman,,False,bodyweight,70,88,95,65
64859d2a-a906-4d23-8acc-b087ab56c502,Step Up Crossover,step_up,Step Up,"lunge, split_squat, squat",False,bodyweight,70,88,95,65
64a81c0a-cc0b-47a7-89c6-dc1039ee5011,Standing Top To Forward Punches,general_movement,Standing Top To Forward Punches,,False,bodyweight,70,88,95,65
64b49878-623d-4c6a-99dc-b9a533056f78,Roll Ball Erector Spinae,general_movement,Roll Ball Erector Spinae,,False,bodyweight,70,88,95,65
64baecd4-e214-45b7-8956-71d930684369,Seated Table Top Lat Stretch On A Chair,back_stretch,Back Stretch,,False,bodyweight,70,88,95,65
64c3ee53-7bf5-4f83-92ba-ed0c52fdbdb5,Chair Squat To Toe Stand,squat,Squat,"leg_press, leg_extension, lunge, leg_curl",False,bodyweight,70,88,95,65
64c3f6de-eb9c-4a73-979b-e2c7a8c850d3,Standing Kickback (Dumbbell),back_exercise,Back Exercise,"bent_over_row, lat_pulldown",False,dumbbell,92,90,92,90
64d43181-7b3f-493a-afee-48df9a2e6737,Kneeling External Rotation,general_movement,Kneeling External Rotation,,False,bodyweight,70,88,95,65
64d49094-3292-41cd-9a51-e06fd2775b88,Narrow Squat (Bodyweight),bent_over_row,Bent Over Row,"lat_pulldown, face_pull, bicep_curl, rear_delt_fly",False,bodyweight,70,88,95,65
64df45fe-4a07-49f3-a1a7-a082bff58d33,Corn Cob (side To Side) Pull Up,pull_up,Pull Up,"lat_pulldown, bent_over_row, bicep_curl",True,bodyweight,70,88,95,65
64e1efd7-fbbd-4284-be8b-966a6deac268,Seated Cross Leg Stretch Hold,general_stretch,Stretch,,False,bodyweight,70,88,95,65
64eee7b9-f167-407d-a698-bbecb47cf10a,Single Leg Stride Jump,leg_exercise,Leg Exercise,"squat, leg_press",False,bodyweight,70,88,95,65
64f4f3c2-282a-4044-8e9c-128b41137dc1,Lying Scissor Crunch,crunch,Crunch,"leg_raise, plank, russian_twist",True,bodyweight,70,88,95,65
64fe19a9-d7f4-4e76-a455-62226df8f9ed,Stepback With Push,back_exercise,Back Exercise,"bent_over_row, lat_pulldown",False,bodyweight,70,88,95,65
650cd6ec-3b43-47bc-a25e-0e0e9947b321,Elbow Fly And Palm Press,fly,Chest Fly,"bench_press, incline_fly, push_up",False,bodyweight,70,88,95,65
650cfd69-811e-46ee-aca1-3ab5edb1a731,Lever Biceps Curl,bicep_curl,Bicep Curl,"hammer_curl, preacher_curl, tricep_extension",False,machine,80,75,20,88
651862a1-c657-4e4f-bf77-498f4b6388e7,Inverted Row,inverted_row,Inverted Row,"lat_pulldown, face_pull, bicep_curl, rear_delt_fly",False,bodyweight,70,88,95,65
651f2429-687b-44df-9577-d7b081074cd2,Lever Seated Row,cable_row,Cable Row,"lat_pulldown, face_pull, bicep_curl, rear_delt_fly",False,machine,80,75,20,88
653a15e7-8440-4f52-94b1-3e72bee3ac12,Predator Jack,general_movement,Predator Jack,,False,bodyweight,70,88,95,65
653cb9ad-f351-4da9-b9d8-ff467a02d1dc,Suspender Plank,plank,Plank,"crunch, leg_raise, russian_twist",True,bodyweight,70,88,95,65
65597f50-cb55-442e-9afc-db4a5a4e1545,EZ Bar Close Grip Bench Press,close_grip_bench_press,Close Grip Bench Press,"bench_press, tricep_extension, dip",False,bodyweight,70,88,95,65
656542a1-6fd9-4eaa-b05e-baf4d5f792b6,Supported Squat (Bodyweight),squat,Squat,"leg_press, leg_extension, lunge, leg_curl",False,bodyweight,70,88,95,65
6572a13d-6a12-4142-a1e1-065ef1797d92,Close Grip Pulldown (Band),lat_pulldown,Lat Pulldown,"pull_up, bent_over_row, bicep_curl, face_pull",False,band,60,85,90,50
6574c4cc-2afa-46d8-be06-0e1b98385482,Step Up Knee Raise On Stepbox (Bodyweight),step_up,Step Up,"lunge, split_squat, squat",False,bodyweight,70,88,95,65
6579b1f1-b789-489c-aeca-8964874e7adb,Plyo Side Lunge Stretch,general_stretch,Stretch,,False,bodyweight,70,88,95,65
657a4995-5431-41f8-abc6-ea9beeb28191,Close Grip Bench Press (Barbell),close_grip_bench_press,Close Grip Bench Press,"bench_press, tricep_extension, dip",False,barbell,95,80,65,95
657fb4f5-b18c-4e7e-829e-1407eed38bd5,Seated Twist Stretch,general_stretch,Stretch,,False,bodyweight,70,88,95,65
65815aa7-3b1c-49c4-b1cb-a05b2783f584,Seated Jack With A Towel On A Padded Stool,general_movement,Seated Jack With A Towel On A Padded Stool,,False,bodyweight,70,88,95,65
6581ad29-bd6f-49df-beeb-0083da67cfe2,Deadlift (Barbell),deadlift,Deadlift,"romanian_deadlift, bent_over_row, hip_thrust, squat",True,barbell,95,80,65,95
658451e0-4648-43d0-a767-0465ff7f7867,Weighted Sandbag Deadlift,deadlift,Deadlift,"romanian_deadlift, bent_over_row, hip_thrust, squat",False,bodyweight,70,88,95,65
659d08a0-64e0-403f-a9df-f4858c5d0948,Glute Bridge Skull Crusher (Dumbbell),skull_crusher,Skull Crusher,"tricep_extension, tricep_pushdown, dip",False,dumbbell,92,90,92,90
65a29d5a-6be3-4e68-8f79-46d195505dc0,Low Chest Press (Cable),chest_press,Chest Press,"bench_press, fly, tricep_pushdown",False,cable,85,88,30,92
65a48d2d-a04f-4dcf-ba9d-e05ed549366c,Suspension Back Stretch (Cable),back_stretch,Back Stretch,,False,cable,85,88,30,92
65a715bd-ed98-432b-8164-7f094bf8fda5,Standing Adductor Stretch,general_stretch,Stretch,,False,bodyweight,70,88,95,65
65af08ff-dfee-4440-9f4b-190c8a79093c,Muscle Up (on Vertical Bar),general_movement,Muscle Up,,False,bodyweight,70,88,95,65
65cf1f5e-10e7-4050-9f83-7316a6804d38,Sitting Windshield Wipers,general_movement,Sitting Windshield Wipers,,False,bodyweight,70,88,95,65
65f0d28f-2131-411a-9801-5b6f9bcb8dcc,Standing Boat Row,bent_over_row,Bent Over Row,"lat_pulldown, face_pull, bicep_curl, rear_delt_fly",False,bodyweight,70,88,95,65
6602c879-e358-422f-bc8e-5394fc0d196f,Underhand Grip Inverted Back Row,inverted_row,Inverted Row,"lat_pulldown, face_pull, bicep_curl, rear_delt_fly",False,bodyweight,70,88,95,65
6618cf16-7f32-4a22-a8dd-3dbfd13dcde9,Calf Press Sitting On Chair (Resistance Band),calf_raise,Calf Raise,leg_press,False,band,60,85,90,50
6619575d-0150-464c-a997-8d6b1d43909a,Weighted Chains Bench Squat (Barbell),squat,Squat,"leg_press, leg_extension, lunge, leg_curl",True,barbell,95,80,65,95
66196bbb-5fa7-4161-a048-bf4ef133354d,Cross Climber On A Padded Stool,general_movement,Cross Climber On A Padded Stool,,False,bodyweight,70,88,95,65
66261eac-a5bb-4482-8cd3-118db4003074,Lying Hip Internal Rotation,general_movement,Lying Hip Internal Rotation,,False,bodyweight,70,88,95,65
6630527b-bb43-418d-b27e-a694445e0806,Plank To Pike,plank,Plank,"crunch, leg_raise, russian_twist",True,bodyweight,70,88,95,65
663239a5-7628-4def-8335-79a47bedcfd5,Turn Knee Drive,general_movement,Turn Knee Drive,,False,bodyweight,70,88,95,65
6639845f-9c94-48e0-9535-f64faa754765,Arm Crossover,arm_exercise,Arm Exercise,"bicep_curl, tricep_extension",False,bodyweight,70,88,95,65
663ef882-72b0-49e8-b0b7-ccc371a7750e,Russian Twist Plus,russian_twist,Russian Twist,"oblique_crunch, woodchop, side_plank",False,bodyweight,70,88,95,65
66445605-21bb-4197-a04e-873f2d8a8dd8,Teaser Pilates Stretching,back_stretch,Back Stretch,,False,bodyweight,70,88,95,65
664ca7a2-f239-42ee-8265-fbc7e117a6b0,Pulsing Triceps Kickback (Bodyweight),tricep_kickback,Tricep Kickback,"tricep_extension, tricep_pushdown, dip",False,bodyweight,70,88,95,65
665769f4-6721-4671-aadf-957205d23dd4,Open Up Crab Walk,core_exercise,Core Exercise,"crunch, plank",False,bodyweight,70,88,95,65
665945cb-3b51-44a7-ab35-479e755c6f2a,Elevated Mountain Climber With Hands On A Chair,mountain_climber,Mountain Climber,"plank, burpee, high_knees",False,bodyweight,70,88,95,65
665a667a-bec2-4124-aa53-9105f255fa30,High Lunge,lunge,Lunge,"split_squat, step_up, squat, leg_press",False,bodyweight,70,88,95,65
665ea892-146c-4d75-8b9d-babf77b84861,Lever Seated Squat,squat,Squat,"leg_press, leg_extension, lunge, leg_curl",False,machine,80,75,20,88
66615945-83a7-40cc-be7e-362b0f47def3,Wide Chin Up,chin_up,Chin Up,"lat_pulldown, bent_over_row, bicep_curl",True,bodyweight,70,88,95,65
66636e60-4ce1-449a-b9d0-a8fffaee62c3,Step Jack,general_movement,Step Jack,,False,bodyweight,70,88,95,65
667033f0-dbcc-40e8-9683-b72dfcd6b4da,90 Degree Single Knee Crunch,crunch,Crunch,"leg_raise, plank, russian_twist",True,bodyweight,70,88,95,65
667328a3-da9a-4aa7-9e94-00dc6079aa2e,Lying Side To Side Knee,general_movement,Lying Side To Side Knee,,False,bodyweight,70,88,95,65
667509cd-7eb7-426b-9216-7185fc4fee7a,Weighted Muscle Up,general_movement,Weighted Muscle Up,,False,bodyweight,70,88,95,65
6680cfbd-28f0-43a5-9fa7-0e4f60e06a80,Hanging Side Lean,general_movement,Hanging Side Lean,,False,bodyweight,70,88,95,65
668ea4c4-7d9d-42c6-a990-298ad45287b5,Single Straight Leg Stretch,general_stretch,Stretch,,False,bodyweight,70,88,95,65
6698ece2-a75a-4db7-a8f6-fb935e13def2,Rope Elevated Seated Row (Cable),cable_row,Cable Row,"lat_pulldown, face_pull, bicep_curl, rear_delt_fly",True,cable,85,88,30,92
669e89ed-30ec-4f55-95e4-bbf36c8b7687,Bear Walk To Rolling Rock,general_movement,Bear Walk To Rolling Rock,,False,bodyweight,70,88,95,65
66ac0bb4-ff9f-43c3-8a1c-bb32e3f7b248,Side Step Arm Pulse,arm_exercise,Arm Exercise,"bicep_curl, tricep_extension",False,bodyweight,70,88,95,65
66b5cad6-763f-40b2-bb23-e30ce347a6a4,Bottle Weighted Shoulder Press,shoulder_press,Shoulder Press,"lateral_raise, front_raise, tricep_extension",False,bodyweight,70,88,95,65
66ba0d15-d07e-42af-98ce-e5c3409c04a5,Kneeling Back Rotation Stretch,back_stretch,Back Stretch,,False,bodyweight,70,88,95,65
66c3d675-01c5-4813-851c-c4f9e90e494e,Single Arm Leaning Lateral Raise (Dumbbell),lateral_raise,Lateral Raise,"shoulder_press, front_raise, rear_delt_fly",True,dumbbell,92,90,92,90
66dd19ac-9a3c-455d-b630-975018886a4b,Slight Lean Step Out,general_movement,Slight Lean Step Out,,False,bodyweight,70,88,95,65
66de4e7d-e53b-4876-9934-15f1a140970e,Single Leg Calf Raise (Dumbbell),calf_raise,Calf Raise,leg_press,False,dumbbell,92,90,92,90
66e271a5-f321-47f0-a6a5-9d7507591463,Weighted Bag Good Morning,good_morning,Good Morning,"romanian_deadlift, hip_thrust, back_extension",False,bodyweight,70,88,95,65
66e36a7c-6368-44e5-abce-e34e29508875,Jumping Squat Jack,squat_jump,Squat Jump,"squat, lunge_jump, box_jump",False,bodyweight,70,88,95,65
66e80aa7-8571-42ce-91af-73d032ca9fea,Prayer Circle,general_movement,Prayer Circle,,False,bodyweight,70,88,95,65
66f442e1-74e3-4010-8e4e-92d016430501,Lever Standing Rear Kick,general_movement,Lever Standing Rear Kick,,False,machine,80,75,20,88
66f86d19-3f1a-4bfe-b52e-a1606d20876b,Seated Sky Gaze,general_movement,Seated Sky Gaze,,False,bodyweight,70,88,95,65
6710824f-b84a-4e93-90e1-edba79228ae7,Lying Frog Crunch,crunch,Crunch,"leg_raise, plank, russian_twist",True,bodyweight,70,88,95,65
671aa451-0063-4207-9039-341edeb3b4db,Single Leg Vertical Jump,leg_exercise,Leg Exercise,"squat, leg_press",False,bodyweight,70,88,95,65
671ef7b3-9a61-4f71-8e8c-b50480385d7e,Korean Dip,dip,Dip,"bench_press, tricep_pushdown, push_up",True,bodyweight,70,88,95,65
672acbcb-f1e1-4392-b152-78efff02b906,90 To 90 (Alternating),general_movement,90 To 90,,False,bodyweight,70,88,95,65
67307742-84ef-48ab-82bd-67a041fd2996,Bottle Weighted Overhead Crunch,crunch,Crunch,"leg_raise, plank, russian_twist",True,bodyweight,70,88,95,65
6734e7ec-73aa-413a-8851-da3d3e47cfe9,Lying Alternate Posterior Pelvic Shift Hold,general_movement,Lying Alternate Posterior Pelvic Shift Hold,,False,bodyweight,70,88,95,65
67417913-8d32-4904-b51d-d9adc94ef66c,Lying Fly On Floor (Dumbbell),fly,Chest Fly,"bench_press, incline_fly, push_up",True,dumbbell,92,90,92,90
676b2cec-bc02-46c5-bc09-de6889f61593,Reverse Fly (Band),rear_delt_fly,Rear Delt Fly,"face_pull, lateral_raise, bent_over_row",False,band,60,85,90,50
67761e51-1963-4733-b5d6-f57ff81f8585,Roll Rectus Femoris,general_movement,Roll Rectus Femoris,,False,bodyweight,70,88,95,65
6778a544-bf60-4d2c-87fe-40fd8fa5d3a3,One Arm Twisting Seated Row (Cable),cable_row,Cable Row,"lat_pulldown, face_pull, bicep_curl, rear_delt_fly",True,cable,85,88,30,92
6792fcb3-b884-424c-aa3e-7696d99662ac,Warrior III Pose,general_stretch,Stretch,,False,bodyweight,70,88,95,65
679b1f1b-44a7-4d29-98cd-f1c01911d4e9,Suspender Straight Hip Leg Curl,leg_curl,Leg Curl,"romanian_deadlift, hip_thrust, leg_extension",False,bodyweight,70,88,95,65
67c6f07e-7546-47e3-864e-1473ffceb9d0,Lever Back Extension,back_extension,Back Extension,"romanian_deadlift, good_morning, glute_bridge",False,machine,80,75,20,88
67c7fb3a-79f1-4762-9e26-ea28eda60e72,Arnold Press (Dumbbell),arnold_press,Arnold Press,"shoulder_press, lateral_raise, front_raise",False,dumbbell,92,90,92,90
67dd458f-9849-4804-b976-de8cadb63e46,Weighted Counterbalanced Squat,squat,Squat,"leg_press, leg_extension, lunge, leg_curl",False,bodyweight,70,88,95,65
67df1f2a-eb24-44a4-903d-3e1eb89b19f0,Standing Side Circle Draw,general_movement,Standing Side Circle Draw,,False,bodyweight,70,88,95,65
67ec118d-0af2-40c3-a544-74c04395c86c,Sumo Romanian Deadlift (Barbell),romanian_deadlift,Romanian Deadlift,"romanian_deadlift, bent_over_row, hip_thrust, squat",False,barbell,95,80,65,95
67ed7ed5-2701-4488-821d-ce49980eec67,Front Raise (Barbell),front_raise,Front Raise,"shoulder_press, lateral_raise, incline_bench_press",False,barbell,95,80,65,95
67fae299-4f2e-4210-8488-e785bd4f9299,Push Up (Resistance Band),push_up,Push Up,"bench_press, fly, dip, tricep_extension",False,band,60,85,90,50
6804a64d-39bf-48a1-8b32-5faa0fc54fca,Front Plank On Elbow Toe Tap,plank,Plank,"crunch, leg_raise, russian_twist",True,bodyweight,70,88,95,65
6809f3c3-eb7e-42d0-9139-e94c7486f9d3,Lever Neck Right Side Flexion (plate Loaded),general_movement,Lever Neck Right Side Flexion,,False,machine,80,75,20,88
680c4ad1-b884-4603-8a31-48580185d9ed,Locust Pose,general_stretch,Stretch,,False,bodyweight,70,88,95,65
681c7ede-861d-478a-8498-c4f78b298799,Bench Squat (Dumbbell),squat,Squat,"leg_press, leg_extension, lunge, leg_curl",False,dumbbell,92,90,92,90
68479540-2277-4fae-ac65-b63f7c825227,Seated Behind Head Military Press (Barbell),shoulder_press,Shoulder Press,"lateral_raise, front_raise, tricep_extension",True,barbell,95,80,65,95
6858f36b-5cbc-4f6f-8ce6-3b49b29ad497,Standing Reverse Curl (Dumbbell),reverse_curl,Reverse Curl,"bicep_curl, hammer_curl, wrist_curl",False,dumbbell,92,90,92,90
685d072d-9317-4d08-a761-c1b0dfaf4906,Walking,general_movement,Walking,,False,bodyweight,70,88,95,65
686668f0-462f-4a9f-a589-29b9c02eb1c2,Long Distance Running,running,Running,,False,bodyweight,70,88,95,65
686c83ca-8614-4b86-9036-639b7e82f13b,Sitting Floor Diagonal Knee Raise,leg_raise,Leg Raise,"crunch, plank, reverse_crunch",False,bodyweight,70,88,95,65
687a970c-f5c0-4e0e-9cf9-999db176fb6e,Bent Arm Pullover (Barbell),pullover,Pullover,"lat_pulldown, straight_arm_pulldown, fly",False,barbell,95,80,65,95
687d68bf-a809-4173-a9ee-bc77e70f5ea5,Standing Triceps Extension (Dumbbell),tricep_extension,Tricep Extension,"tricep_pushdown, skull_crusher, dip, bicep_curl",False,dumbbell,92,90,92,90
68888ec5-5a37-4640-969c-19e7392ea2ac,Jumping Pull Up,pull_up,Pull Up,"lat_pulldown, bent_over_row, bicep_curl",True,bodyweight,70,88,95,65
689069b7-c0e9-42b4-9f25-5d51dc8a2a66,Single Leg Deadlift (Dumbbell),single_leg_deadlift,Single Leg Deadlift,"romanian_deadlift, bent_over_row, hip_thrust, squat",False,dumbbell,92,90,92,90
68926284-4eab-4504-abf2-423e5385a9d0,Zottman Curl (Dumbbell),bicep_curl,Bicep Curl,"hammer_curl, preacher_curl, tricep_extension",True,dumbbell,92,90,92,90
689765fa-9e10-4d74-a043-0e2c98713079,Weighted Seated One Arm Wrist Curl,arm_exercise,Arm Exercise,"bicep_curl, tricep_extension",False,bodyweight,70,88,95,65
68a064ed-c80d-4fc2-a81f-3b462cccac93,Alternate Squat To Front Lunge,front_squat,Front Squat,"leg_press, leg_extension, lunge, leg_curl",False,bodyweight,70,88,95,65
68a07f38-ad62-477c-bdec-f92f30388de7,Incline Bench Press (Dumbbell),incline_bench_press,Incline Bench Press,"bench_press, incline_fly, shoulder_press",False,dumbbell,92,90,92,90
68abe9aa-42a9-4ec9-abab-af90bee5c66f,Hack Squat (Barbell),hack_squat,Hack Squat,"leg_press, leg_extension, lunge, leg_curl",False,barbell,95,80,65,95
68b6c8eb-0631-46f6-9f1d-47e111b9052a,Standing Top Grab Front Grab,core_exercise,Core Exercise,"crunch, plank",False,bodyweight,70,88,95,65
68c12c26-f78d-4a22-bbab-089cb32d426e,Seated Straight Leg Calf Stretch,calf_stretch,Calf Stretch,,False,bodyweight,70,88,95,65
68c53884-aa20-4ccb-a825-86f86632ed47,Single Arm Lateral Raise (Resistance Band),lateral_raise,Lateral Raise,"shoulder_press, front_raise, rear_delt_fly",False,band,60,85,90,50
68caace5-6033-41b9-bb12-98c41361c81c,EZ (Barbell) Close Grip Preacher Curl,preacher_curl,Preacher Curl,"bicep_curl, hammer_curl, concentration_curl",False,barbell,95,80,65,95
68cde08e-f2c5-4be4-9601-77dda27db617,Seated Wide Grip Row (Cable),cable_row,Cable Row,"lat_pulldown, face_pull, bicep_curl, rear_delt_fly",True,cable,85,88,30,92
68df5a0e-c376-48f3-8f42-75b8f7d7604e,Alternating Front Kick Forward Push,general_movement,Alternating Front Kick Forward Push,,False,bodyweight,70,88,95,65
68ef1326-e3ef-4fb5-bce5-cb627d9ceaa7,Step Side Jump Over Stepbox,general_movement,Step Side Jump Over Stepbox,,False,bodyweight,70,88,95,65
68f1ea6d-add4-4973-b1c9-56e9c7f789de,Standing Outer To Inner Arm Throw,bent_over_row,Bent Over Row,"lat_pulldown, face_pull, bicep_curl, rear_delt_fly",False,bodyweight,70,88,95,65
68fbfd2c-aa6b-4e7a-8c5b-95f57144a54f,Seated Leg Hug Cat Cow,leg_exercise,Leg Exercise,"squat, leg_press",False,bodyweight,70,88,95,65
69008552-3065-4bb6-b5fd-efb7feae77a4,Double Side Step Kickback Rows,bent_over_row,Bent Over Row,"lat_pulldown, face_pull, bicep_curl, rear_delt_fly",False,bodyweight,70,88,95,65
692275f0-69ba-472a-b2b4-9d14c453c28f,Stability Ball Single Leg Squat,squat,Squat,"leg_press, leg_extension, lunge, leg_curl",False,bodyweight,70,88,95,65
692387cf-4618-465f-87d7-6128a44e56ab,Windmill (Kettlebell),general_movement,Windmill,,False,kettlebell,75,85,85,78
6935309a-085f-4567-b002-45adb7544984,Decline Bench Press (Dumbbell),decline_bench_press,Decline Bench Press,"bench_press, dip, fly",False,dumbbell,92,90,92,90
693bb638-d267-4eae-a65d-d6321c31e5f0,Drag Curl (Resistance Band),bicep_curl,Bicep Curl,"hammer_curl, preacher_curl, tricep_extension",False,band,60,85,90,50
693ca67d-2da3-4e87-ae43-bebe232ee6d1,Single Leg Heel Touch Squat,squat,Squat,"leg_press, leg_extension, lunge, leg_curl",False,bodyweight,70,88,95,65
6940f06d-5d87-4b37-b856-c6d7b4bfc308,Standing Balance Diagonal Cross Leg Lift,leg_exercise,Leg Exercise,"squat, leg_press",False,bodyweight,70,88,95,65
6947bc3f-af40-41a0-9614-317436f1c218,High Plank Knee Drop,plank,Plank,"crunch, leg_raise, russian_twist",True,bodyweight,70,88,95,65
695033eb-811b-4174-8346-3e3df174f4da,Lever Seated Hip Abduction,hip_abduction,Hip Abduction,"hip_adduction, glute_kickback, hip_thrust",False,machine,80,75,20,88
6959587c-e7ca-42a8-8ea8-3c60068e01ae,Standing Double Prayer Push,general_movement,Standing Double Prayer Push,,False,bodyweight,70,88,95,65
695eedcb-d77b-4874-9b73-f9f46143334e,Lying Floor Chest Press (Resistance Band),chest_press,Chest Press,"bench_press, fly, tricep_pushdown",False,band,60,85,90,50
6964959c-b71d-44b5-9280-033073896887,45 Degrees Step Out,general_movement,45 Degrees Step Out,,False,bodyweight,70,88,95,65
696d2afa-6fc5-4529-a3ff-72cf5f3cb9b2,One Arm Row (rack Support) (Dumbbell),single_arm_row,Single Arm Row,"lat_pulldown, face_pull, bicep_curl, rear_delt_fly",False,dumbbell,92,90,92,90
697a0ff9-4c97-4e44-8914-9f7aa23f6c89,Medicine Ball Rotary Throw,bent_over_row,Bent Over Row,"lat_pulldown, face_pull, bicep_curl, rear_delt_fly",False,bodyweight,70,88,95,65
69811d17-62a0-4252-b435-f9db333c04d4,Lying Crossed Legs Pelvic Twist,leg_exercise,Leg Exercise,"squat, leg_press",False,bodyweight,70,88,95,65
6989ce79-2280-4b0d-9cf3-3e4105487b2e,Lever Unilateral Row,machine_row,Machine Row,"lat_pulldown, face_pull, bicep_curl, rear_delt_fly",False,machine,80,75,20,88
698f32f4-b981-4cc7-b657-92329962527d,Downward Facing Dog,general_movement,Downward Facing Dog,,False,bodyweight,70,88,95,65
6996eb27-016c-4912-9b16-60247a9c89bd,45 Degree Hip Extension Glute Focused,extension,Extension,"tricep_extension, leg_extension",False,bodyweight,70,88,95,65
699732e9-ac91-48f0-9a58-a4ae306f2bf3,Sitting Lotus Pose Hip Horizontal Rotation,hip_stretch,Hip Stretch,,False,bodyweight,70,88,95,65
699844ac-6971-4e29-8bbb-abb51bf83292,Wide To Small Step,general_movement,Wide To Small Step,,False,bodyweight,70,88,95,65
699abd6b-2bd1-4472-8f32-dccc082e74dc,Lying Single Leg Curl (Cable),leg_exercise,Leg Exercise,"squat, leg_press",False,cable,85,88,30,92
69ac9937-797a-4603-9f31-5d50d2cb499f,Alternate Shoulder Press (Dumbbell),shoulder_press,Shoulder Press,"lateral_raise, front_raise, tricep_extension",False,dumbbell,92,90,92,90
69b11e3f-da0f-48eb-bcb2-cc372664381f,Split Squat Against Wall,split_squat,Split Squat,"leg_press, leg_extension, lunge, leg_curl",False,bodyweight,70,88,95,65
69b3d8d3-e76b-4017-b30b-85fe8d877f0e,Standing Cross Over High Reverse Fly (Cable),rear_delt_fly,Rear Delt Fly,"face_pull, lateral_raise, bent_over_row",False,cable,85,88,30,92
69be3227-7a87-4731-9858-d3f79194f899,Roll Ball Calf Stretch,calf_stretch,Calf Stretch,,False,bodyweight,70,88,95,65
69c27d49-937f-4bd9-8e47-10403f3aaff0,Squat (Resistance Band),squat,Squat,"leg_press, leg_extension, lunge, leg_curl",False,band,60,85,90,50
69c71afc-2c5a-409e-b76d-fb2a4c0db7d1,Lying Anterior Pelvic Shift Hold,general_movement,Lying Anterior Pelvic Shift Hold,,False,bodyweight,70,88,95,65
69c91e6f-25c6-4c15-86e2-439d7c1914d8,Side Plank Pull,side_plank,Side Plank,"crunch, leg_raise, russian_twist",False,bodyweight,70,88,95,65
69cb6ffc-d19e-4ab2-acb1-48637494df58,Wide Grip Upright Row (front Pov) (Barbell),upright_row,Upright Row,"lateral_raise, shrug, shoulder_press",False,barbell,95,80,65,95
69d20a5c-b430-4d11-b633-094199735805,Pronate Grip Triceps Extension (Dumbbell),tricep_extension,Tricep Extension,"tricep_pushdown, skull_crusher, dip, bicep_curl",False,dumbbell,92,90,92,90
69d9df82-d6c2-4290-b665-f057e8d32ed4,Prone Shoulders Cars,shoulder_exercise,Shoulder Exercise,"shoulder_press, lateral_raise",False,bodyweight,70,88,95,65
69dc2b8a-52e1-486d-b9a1-013a6782b14b,Reverse Dip,dip,Dip,"bench_press, tricep_pushdown, push_up",True,bodyweight,70,88,95,65
6a0b9722-6ed9-4d97-ad5e-a37ca6a6208a,Seated Eversion Foot (Resistance Band),general_movement,Seated Eversion Foot,,False,band,60,85,90,50
6a20e442-983f-4a62-8cf5-2c5029f6527f,Bottle Weighted Sumo Squat,sumo_squat,Sumo Squat,"leg_press, leg_extension, lunge, leg_curl",False,bodyweight,70,88,95,65
6a271d8a-1603-4b7f-8cf4-41104dc2bb47,Incline Alternate Fly (Dumbbell),incline_fly,Incline Fly,"fly, incline_bench_press",False,dumbbell,92,90,92,90
6a2aa69d-f309-4e7a-b96f-54632ce48dff,Half Kneeling Pallof Press (Cable),press,Press,"bench_press, shoulder_press",False,cable,85,88,30,92
6a2bac3d-5b6a-4e59-a7c3-5c91f4ec4dd1,Front To Under Knee Clap,general_movement,Front To Under Knee Clap,,False,bodyweight,70,88,95,65
6a31a692-6491-468c-92f6-8dbf95215c13,Clean And Jerk (Kettlebell),clean,Clean,"deadlift, front_squat, snatch, shrug",False,kettlebell,75,85,85,78
6a3bcdda-4f6e-4d88-a8ea-372caac933f6,Seated Shoulder Press (Kettlebell),shoulder_press,Shoulder Press,"lateral_raise, front_raise, tricep_extension",False,kettlebell,75,85,85,78
6a490f5b-6592-4c01-99d3-8027603d4600,Kneeling Shoulder Tap,shoulder_exercise,Shoulder Exercise,"shoulder_press, lateral_raise",False,bodyweight,70,88,95,65
6a4cc306-69ea-4efb-b166-fc6ffa744b56,Kneeling Crunch (Cable),cable_crunch,Cable Crunch,"leg_raise, plank, russian_twist",False,cable,85,88,30,92
6a4cd46e-3b4c-44a1-b7e6-1cb85408fb76,Front Raise (Cable),front_raise,Front Raise,"shoulder_press, lateral_raise, incline_bench_press",False,cable,85,88,30,92
6a51a636-6e75-4b00-a09f-98e261cecc93,Dead Bug,general_movement,Dead Bug,,False,bodyweight,70,88,95,65
6a588204-aa77-4bc5-b429-de20510b66d0,Dumbell Contralateral Glute Dominant Bulgarian Spl,glute_exercise,Glute Exercise,"hip_thrust, glute_bridge",False,bodyweight,70,88,95,65
6a5e2d26-3519-4dbb-8a96-5d8ce206a50f,Weighted Neutral Grip Chin Up,chin_up,Chin Up,"lat_pulldown, bent_over_row, bicep_curl",True,bodyweight,70,88,95,65
6a7827b7-448a-42f5-9934-ea4a49d576a4,Twisting Knee Up,general_movement,Twisting Knee Up,,False,bodyweight,70,88,95,65
6a7c4bcf-ea4a-4234-9cdc-7930208b9678,Side Lying Heel And Knee Taps,general_movement,Side Lying Heel And Knee Taps,,False,bodyweight,70,88,95,65
6a7f390e-5209-4921-8920-d7368fb36dca,Sitting Alternate Abduction Twist On A Chair,hip_abduction,Hip Abduction,"hip_adduction, glute_kickback, hip_thrust",False,bodyweight,70,88,95,65
6a82a4e8-4de2-497c-ac1e-2cc96996a6a4,Seated Forward Roll Up On A Chair,general_movement,Seated Forward Roll Up On A Chair,,False,bodyweight,70,88,95,65
6a856b7d-a518-44bc-8596-a4519671c7b1,Suitcase Crunch,crunch,Crunch,"leg_raise, plank, russian_twist",True,bodyweight,70,88,95,65
6a8851ba-de7c-40da-81b6-0fa803d2c4e5,Standing Rear Delt Row (Rope Attachment) (Cable),rear_delt_fly,Rear Delt Fly,"face_pull, lateral_raise, bent_over_row",False,cable,85,88,30,92
6a8a11e2-1d20-4c1b-96a3-fdcea85a82c9,Twist Sit Up,crunch,Crunch,"leg_raise, plank, russian_twist",True,bodyweight,70,88,95,65
6a953cf5-f03a-4284-b1a8-61683b14d807,Medicine Ball Split Stance Torso Twist,general_movement,Medicine Ball Split Stance Torso Twist,,False,bodyweight,70,88,95,65
6a9ef760-9c52-45f8-858b-2740afe0c76f,Straight Leg Deadlift (Barbell),stiff_leg_deadlift,Stiff Leg Deadlift,"romanian_deadlift, bent_over_row, hip_thrust, squat",False,barbell,95,80,65,95
6aa6248c-12fd-4845-b68b-41cde7c269cc,Squat (Cable),squat,Squat,"leg_press, leg_extension, lunge, leg_curl",False,cable,85,88,30,92
6aa9669e-859d-4de7-ae8f-7b60505fb779,Roll Tibialis Anterior (single Leg) Lying On Floor,leg_exercise,Leg Exercise,"squat, leg_press",False,bodyweight,70,88,95,65
6aaaa117-e112-4a54-bae6-2f2914bcace5,Run And Semi Squat Jump,squat_jump,Squat Jump,"squat, lunge_jump, box_jump",False,bodyweight,70,88,95,65
6ab65a70-e837-4c81-83b2-5e4a81b86d8a,Smith Incline Reverse Grip Press,press,Press,"bench_press, shoulder_press",False,smith_machine,72,70,25,80
6abb117d-e431-4ee2-8a40-1917ffe66e4e,Standing Single Arm Cross Raise (Dumbbell),raise,Raise,"lateral_raise, front_raise",False,dumbbell,92,90,92,90
6ac3d2ec-e387-42b8-9869-10d551942f0c,Sitting Shoulder Press Toe Touch On A Padded Stool,shoulder_press,Shoulder Press,"lateral_raise, front_raise, tricep_extension",False,bodyweight,70,88,95,65
6ac668bd-7db0-437e-8e20-f39c971bec26,Sphynx Cat Cow Stretch,general_stretch,Stretch,,False,bodyweight,70,88,95,65
6ac6b564-092f-4e06-b234-340b32836bbe,Half Plyo Squat Core Shift,squat,Squat,"leg_press, leg_extension, lunge, leg_curl",False,bodyweight,70,88,95,65
6addb3dc-252f-40aa-8469-8fda72638af3,Military Press Russian Twist With Legs Floor Off (Dumbbell),shoulder_press,Shoulder Press,"lateral_raise, front_raise, tricep_extension",False,dumbbell,92,90,92,90
6ae3b613-5710-4447-957e-db48fc641cfa,Narrow Leg Bench Bridge,bent_over_row,Bent Over Row,"lat_pulldown, face_pull, bicep_curl, rear_delt_fly",False,bodyweight,70,88,95,65
6af0b018-2d59-4865-979c-7bd86280c053,Swimming Crawl Style,general_movement,Swimming Crawl Style,,False,bodyweight,70,88,95,65
6af939c7-e957-4873-8ba7-a618a226216f,Clean And Press (Barbell),press,Press,"bench_press, shoulder_press",False,barbell,95,80,65,95
6af97685-b9a1-47a6-88fe-7d31d148e9b3,Criss Cross Arms Lift,arm_exercise,Arm Exercise,"bicep_curl, tricep_extension",False,bodyweight,70,88,95,65
6b0a38d3-9281-4edf-b172-af010034c3d6,Hands Up Butt Kick,general_movement,Hands Up Butt Kick,,False,bodyweight,70,88,95,65
6b16c252-2020-4408-a7ae-657535f12fa2,Knee Raise Stretch,general_stretch,Stretch,,False,bodyweight,70,88,95,65
6b235752-6119-407d-b722-95ea73df5760,Reverse Spider Curl (Band),reverse_curl,Reverse Curl,"bicep_curl, hammer_curl, wrist_curl",False,band,60,85,90,50
6b262b9b-7cae-466c-9270-3c4c5b301886,Standing Shoulder Flexion,shoulder_exercise,Shoulder Exercise,"shoulder_press, lateral_raise",False,bodyweight,70,88,95,65
6b2b7dca-0722-4c26-9dd3-8b1722a86522,Bench Dip (Dumbbell),bench_dip,Bench Dip,"bench_press, tricep_pushdown, push_up",False,dumbbell,92,90,92,90
6b349c38-d51b-4ecb-92bc-ccdacfbae7bd,Incline Bench Press (Barbell),incline_bench_press,Incline Bench Press,"bench_press, incline_fly, shoulder_press",True,barbell,95,80,65,95
6b36b8f3-9fea-4658-9fe9-b941f6d5cdc9,45 Degrees Reverse Fly (Cable),rear_delt_fly,Rear Delt Fly,"face_pull, lateral_raise, bent_over_row",False,cable,85,88,30,92
6b3e847e-3cae-470f-8a98-9065b52b2495,One Arm Wrist Curl (Dumbbell),arm_exercise,Arm Exercise,"bicep_curl, tricep_extension",False,dumbbell,92,90,92,90
6b45d145-eb81-4e7c-b70a-feb5a83e7fe4,Suspender Leg Curl,leg_curl,Leg Curl,"romanian_deadlift, hip_thrust, leg_extension",False,bodyweight,70,88,95,65
6b461094-77d0-496a-8a9c-58aeb0b4e610,One Arm Lateral Raise (Dumbbell),lateral_raise,Lateral Raise,"shoulder_press, front_raise, rear_delt_fly",True,dumbbell,92,90,92,90
6b4847cb-af09-4c1d-b9f6-ca8e5086dfd1,Side Bend Side Leg Lift,leg_exercise,Leg Exercise,"squat, leg_press",False,bodyweight,70,88,95,65
6b4fe56d-7c3a-4193-8eee-eecaf2a01a34,Double Heel Lift Sit Against Wall,general_movement,Double Heel Lift Sit Against Wall,,False,bodyweight,70,88,95,65
6b50a893-a50c-4fcf-a118-7150ca30e302,Twist Knee Drive,general_movement,Twist Knee Drive,,False,bodyweight,70,88,95,65
6b627d05-2498-4eae-a00b-f8e0c6d2c2ff,High To Low Woodchopper (Cable),woodchop,Woodchop,"russian_twist, oblique_crunch, plank",False,cable,85,88,30,92
6b74dae8-6388-46fc-8118-dce275028263,Sitting Pelvis Imbalance Twist On A Chair Hold,general_movement,Sitting Pelvis Imbalance Twist On A Chair Hold,,False,bodyweight,70,88,95,65
6b83e759-15ed-46c3-967b-5d2a0da717b3,Suspender Calf Raise,calf_raise,Calf Raise,leg_press,False,bodyweight,70,88,95,65
6b96d929-6a74-4303-ba2d-1dad2c638b59,Boxing Duck And Uppercut,general_movement,Boxing Duck And Uppercut,,False,bodyweight,70,88,95,65
6b9bcc4c-19bd-4d9b-bae8-852e801898af,Bench Press (Barbell),bench_press,Bench Press,"incline_bench_press, fly, tricep_pushdown, dip",True,barbell,95,80,65,95
6bada164-b283-4f66-9f33-f3975963f9f7,Lever Side Hip Abduction,hip_abduction,Hip Abduction,"hip_adduction, glute_kickback, hip_thrust",False,machine,80,75,20,88
6bb6b162-980d-4df4-a3a2-043ecc85e03c,Pull Up (negative),pull_up,Pull Up,"lat_pulldown, bent_over_row, bicep_curl",True,bodyweight,70,88,95,65
6bbb533c-cf17-4dc9-94e4-26e664cf26f7,Horizontal Pallof Press (Cable),press,Press,"bench_press, shoulder_press",False,cable,85,88,30,92
6bc953a4-7e50-4df0-ae80-0073087e88ec,Long Lever Standing Hip Extension,extension,Extension,"tricep_extension, leg_extension",False,machine,80,75,20,88
6bcffb3f-e9f6-40a5-a2ab-3ba6179c5bfb,Ardha Matsyendrasana Yoga Pose,general_stretch,Stretch,,False,bodyweight,70,88,95,65
6bd045af-48cd-468c-9c0b-01db0dd566d8,Goblet 2 Sec Hold Squat (Dumbbell),goblet_squat,Goblet Squat,"leg_press, leg_extension, lunge, leg_curl",False,dumbbell,92,90,92,90
6bd6627a-3b5a-431c-b7b0-32e5b20db0f4,Lever Seated Fly,fly,Chest Fly,"bench_press, incline_fly, push_up",False,machine,80,75,20,88
6bd74300-1035-4016-ae4c-ac145ed0e571,Kneeling Lat Stretch,back_stretch,Back Stretch,,False,bodyweight,70,88,95,65
6bf21f1c-d51d-423b-a6a9-4a5b4ac7b820,Seated Lateral Raise (Dumbbell),lateral_raise,Lateral Raise,"shoulder_press, front_raise, rear_delt_fly",True,dumbbell,92,90,92,90
6bf2d002-d280-4a28-b68f-0d7d86a32765,Side Bend Arm Stretch,general_stretch,Stretch,,False,bodyweight,70,88,95,65
6c098b63-4223-43c5-9371-ba48227d85fa,Two Arm Triceps Kickback (Cable),tricep_kickback,Tricep Kickback,"tricep_extension, tricep_pushdown, dip",False,cable,85,88,30,92
6c148051-8d4d-4c4d-9dd9-fef17a0e1f05,Bottle Weighted Bent Over Y Raise,raise,Raise,"lateral_raise, front_raise",False,bodyweight,70,88,95,65
6c344108-1abc-4136-aa7f-bd395a6fc98e,Hammer Curl (Dumbbell),hammer_curl,Hammer Curl,"bicep_curl, preacher_curl, reverse_curl",True,dumbbell,92,90,92,90
6c421d3a-2640-45a3-80f8-69ef26bf03fa,Frog Crunch Feet Together,crunch,Crunch,"leg_raise, plank, russian_twist",True,bodyweight,70,88,95,65
6c47e310-e0e1-4f67-a1d2-d5ef5ee45912,Reverse Preacher Curl (Dumbbell),preacher_curl,Preacher Curl,"bicep_curl, hammer_curl, concentration_curl",False,dumbbell,92,90,92,90
6c53f1fe-c5f2-44ab-8ac2-dfc9e4a40590,Curtsey Squat,squat,Squat,"leg_press, leg_extension, lunge, leg_curl",False,bodyweight,70,88,95,65
6c58b568-ed17-44d3-8244-104484344109,Lying Triceps Extension (Cable),skull_crusher,Skull Crusher,"tricep_extension, tricep_pushdown, dip",False,cable,85,88,30,92
6c6247e3-bbf9-45ad-8285-ca87ac248c27,Lever Step,general_movement,Lever Step,,False,machine,80,75,20,88
6c68d075-dc2e-4a77-b921-a2172d91f681,Seated Row To Neck (Rope) (Cable),cable_row,Cable Row,"lat_pulldown, face_pull, bicep_curl, rear_delt_fly",True,cable,85,88,30,92
6c6db9e5-69a3-4eb7-8568-47715f024caa,Walking Front Kick Vertical Hands,general_movement,Walking Front Kick Vertical Hands,,False,bodyweight,70,88,95,65
6c9ae37f-e197-4bbc-a9f5-5080186fb037,Air Bike (Resistance Band),cycling,Cycling,,False,band,60,85,90,50
6c9bff50-603d-4940-8f86-664ecbe5397f,High Pulley Straight Bar Overhead Triceps Extension (Cable),overhead_tricep_extension,Overhead Tricep Extension,"tricep_pushdown, skull_crusher, dip, bicep_curl",False,cable,85,88,30,92
6ca30cd1-5d0f-446b-a72b-da14e9ad7dd0,Smith Bent Knee Good Morning,good_morning,Good Morning,"romanian_deadlift, hip_thrust, back_extension",False,smith_machine,72,70,25,80
6ca7bd8c-616a-4c0c-85c3-8f9db574b4dc,Twist (up Down) (Band),general_movement,Twist,,False,band,60,85,90,50
6ca9ff8a-5190-45d3-ba87-a099f5cf2758,Side Lying Single Arm Triceps Push Up,push_up,Push Up,"bench_press, fly, dip, tricep_extension",True,bodyweight,70,88,95,65
6cd27fd6-2976-4e69-9fcf-d53b1590102d,Kneeling Thoracic Rotation,general_movement,Kneeling Thoracic Rotation,,False,bodyweight,70,88,95,65
6cd5eb4e-39a4-4738-8ffb-fb0030884be9,Skater Arm Swings,arm_exercise,Arm Exercise,"bicep_curl, tricep_extension",False,bodyweight,70,88,95,65
6cdb7cc3-253d-4c77-bd58-f4e54da349da,Lying Alternate Heel Touchers,general_movement,Lying Alternate Heel Touchers,,False,bodyweight,70,88,95,65
6cff9af9-3c9e-4036-b331-87661514d9ef,Standing One Arm Extension (Dumbbell),extension,Extension,"tricep_extension, leg_extension",False,dumbbell,92,90,92,90
6d22238c-a861-4065-8dd4-2a82b05f0d9d,Smith Split Squat,split_squat,Split Squat,"leg_press, leg_extension, lunge, leg_curl",False,smith_machine,72,70,25,80
6d414cdc-b1e8-47c1-8d6d-fefcd11802de,Leg Over Knee Glute Bridge,glute_bridge,Glute Bridge,"hip_thrust, romanian_deadlift, leg_curl",False,bodyweight,70,88,95,65
6d4a4b46-50ca-45f8-af4c-cae57f3c5c4d,Kneeling Leg Raise,leg_raise,Leg Raise,"crunch, plank, reverse_crunch",False,bodyweight,70,88,95,65
6d4b2c0f-e953-4a13-9eab-de03b021237b,Lever Lying Leg Curl,lying_leg_curl,Lying Leg Curl,"romanian_deadlift, hip_thrust, leg_extension",False,machine,80,75,20,88
6d4bfef4-3e03-42cc-bb71-94dd99b0bf1b,Incline Row (Barbell),bent_over_row,Bent Over Row,"lat_pulldown, face_pull, bicep_curl, rear_delt_fly",True,barbell,95,80,65,95
6d6aa536-4c3c-43a2-92df-5711523ecfbb,Lying Legs Curl (Bodyweight,curl,Curl,"bicep_curl, hammer_curl",False,bodyweight,70,88,95,65
6d7c5956-1296-45ec-ac57-2334b147ddf3,Lever Military Press (plate Loaded),shoulder_press,Shoulder Press,"lateral_raise, front_raise, tricep_extension",False,machine,80,75,20,88
6d91d341-acbb-4757-9ed2-80df9ce691fa,Foot Tap Side Step,general_movement,Foot Tap Side Step,,False,bodyweight,70,88,95,65
6da4ea2b-5dd6-4c6f-bec9-6a4cbadcc46a,Reverse Plank March,plank,Plank,"crunch, leg_raise, russian_twist",True,bodyweight,70,88,95,65
6daaf726-5cb4-45bd-b177-c11a2e6ed92b,Standing Core Twist,core_exercise,Core Exercise,"crunch, plank",False,bodyweight,70,88,95,65
6db3bd3e-5ab9-4e82-b554-0afd1573cdee,Weighted Sandbag Row,bent_over_row,Bent Over Row,"lat_pulldown, face_pull, bicep_curl, rear_delt_fly",False,bodyweight,70,88,95,65
6dbf5aa3-dd9b-4e30-9ca4-59635774be3d,Lateral Step Up (Dumbbell),step_up,Step Up,"lunge, split_squat, squat",False,dumbbell,92,90,92,90
6de36bf8-e619-4ba4-9792-53f78f97c544,Goblet Squat With Calf Raise (Dumbbell),goblet_squat,Goblet Squat,"leg_press, leg_extension, lunge, leg_curl",False,dumbbell,92,90,92,90
6ded4fab-53cc-4567-b296-9e9e534069c7,Concentration Curl (Dumbbell),concentration_curl,Concentration Curl,"bicep_curl, preacher_curl, hammer_curl",True,dumbbell,92,90,92,90
6e0d8657-e929-40bc-a9c7-c0dba40aca2f,Kneeling Shoulder Tap Push Up,push_up,Push Up,"bench_press, fly, dip, tricep_extension",True,bodyweight,70,88,95,65
6e0e349f-9c1b-429d-8b8c-58841aa6097c,Olympic (Barbell) Hammer Curl,hammer_curl,Hammer Curl,"bicep_curl, preacher_curl, reverse_curl",False,barbell,95,80,65,95
6e101b23-2148-41e3-8f47-61f6675dc829,Smith Curtsey Lunge,lunge,Lunge,"split_squat, step_up, squat, leg_press",False,smith_machine,72,70,25,80
6e17e223-2e4f-43b7-af7c-ff5bea0d09b0,Sitting Pigeon Stretch On A Chair,general_stretch,Stretch,,False,bodyweight,70,88,95,65
6e2cb60f-0caf-40f2-b812-d8c87b849118,Obliques Twist High Knee And Kick,high_knees,High Knees,"mountain_climber, burpee, jumping_jack",False,bodyweight,70,88,95,65
6e2ecc03-a222-4352-883f-3a07bb582396,Seated Twist (stability Ball),core_exercise,Core Exercise,"crunch, plank",False,bodyweight,70,88,95,65
6e515481-8d82-442f-9648-3bf1405e613f,PVC Front Rack Stretch,general_stretch,Stretch,,False,bodyweight,70,88,95,65
6e65c96b-d49a-4638-a9f1-8376bada14d1,Triangles (advanced),general_movement,Triangles,,False,bodyweight,70,88,95,65
6e6e3afb-4d3c-4143-8ffc-29d676d6c799,Biceps Curl Under Table,bicep_curl,Bicep Curl,"hammer_curl, preacher_curl, tricep_extension",False,bodyweight,70,88,95,65
6e6e692b-68ed-42a3-91e0-9c906a8524ee,Standing Biceps Curl (Dumbbell),bicep_curl,Bicep Curl,"hammer_curl, preacher_curl, tricep_extension",True,dumbbell,92,90,92,90
6e71d447-a854-491c-b025-ee017870e7f6,Lying Prone T Raise,raise,Raise,"lateral_raise, front_raise",False,bodyweight,70,88,95,65
6e800463-79f1-481d-905f-67d0d2d84431,Incline Fly On Exercise Ball (Dumbbell),incline_fly,Incline Fly,"fly, incline_bench_press",False,dumbbell,92,90,92,90
6e83be2e-a16e-442c-8420-3940a66a2055,Boxing Cross Hook Cross,general_movement,Boxing Cross Hook Cross,,False,bodyweight,70,88,95,65
6e88e037-f63a-4979-ae89-5fac65f332a1,Single Leg Bridge,leg_exercise,Leg Exercise,"squat, leg_press",False,bodyweight,70,88,95,65
6e8cefc0-67c7-475f-905c-9cb08f8b81da,Shoulder Press (Cable),shoulder_press,Shoulder Press,"lateral_raise, front_raise, tricep_extension",False,cable,85,88,30,92
6e995339-54ac-4124-b939-2e95e4381fa9,Side Bend (Cable),core_exercise,Core Exercise,"crunch, plank",False,cable,85,88,30,92
6ea5a26e-1114-4b74-8442-2b8d5f1c98be,Bent Over Row (Bodyweight),bent_over_row,Bent Over Row,"lat_pulldown, face_pull, bicep_curl, rear_delt_fly",False,bodyweight,70,88,95,65
6ea5f614-d8cb-451f-a13f-432dcad815bc,Knees In And Out On A Chair,general_movement,Knees In And Out On A Chair,,False,bodyweight,70,88,95,65
6eb8d2bd-def6-4a48-85f6-bb364a516881,Handstand Hold On Wall,general_movement,Handstand Hold On Wall,,False,bodyweight,70,88,95,65
6ebbd180-dfdb-407c-b44e-302a344117e6,Lever Seated Hip Abduction,hip_abduction,Hip Abduction,"hip_adduction, glute_kickback, hip_thrust",False,machine,80,75,20,88
6ec13a79-6719-4bd1-9652-f26e0eb7a9b8,Leg Pull,leg_exercise,Leg Exercise,"squat, leg_press",False,bodyweight,70,88,95,65
6ed4b0fc-4749-445c-acca-5c92c89c26c3,Incline Triceps Extension (Resistance Band),tricep_extension,Tricep Extension,"tricep_pushdown, skull_crusher, dip, bicep_curl",False,band,60,85,90,50
6ed92b9a-a056-4abe-87bc-cba6d7be9479,Standing Shoulder Internal Rotation (Resistance Band),shoulder_exercise,Shoulder Exercise,"shoulder_press, lateral_raise",False,band,60,85,90,50
6edb00b2-5d16-4956-926c-9d89eba64867,Jump Squat,squat_jump,Squat Jump,"squat, lunge_jump, box_jump",False,bodyweight,70,88,95,65
6ee66f3c-01ca-4ad5-8b5d-55bb91edc983,Pigeon Delt Raise,raise,Raise,"lateral_raise, front_raise",False,bodyweight,70,88,95,65
6eef47d5-af3f-4949-9675-ccf3a3abf458,Supported Single Leg Hamstrings Concentration (Cable),leg_exercise,Leg Exercise,"squat, leg_press",False,cable,85,88,30,92
6ef0907b-3824-430c-888e-8fc31307f542,Lever Low Row (plate Loaded),machine_row,Machine Row,"lat_pulldown, face_pull, bicep_curl, rear_delt_fly",False,machine,80,75,20,88
6f0f6595-4d9a-48aa-8636-867dbbffafed,Lying One Arm Deltoid Rear (Dumbbell),arm_exercise,Arm Exercise,"bicep_curl, tricep_extension",False,dumbbell,92,90,92,90
6f10d7c4-030d-4f7e-9824-3cb38b169c23,Assisted Single Leg Press,leg_press,Leg Press,"squat, leg_extension, leg_curl, hack_squat",False,bodyweight,70,88,95,65
6f15e514-911d-4e16-9c09-01a4b4720c8d,Standing Russian Twist,russian_twist,Russian Twist,"oblique_crunch, woodchop, side_plank",False,bodyweight,70,88,95,65
6f204c06-fd9f-4051-9be5-154913b9285f,Diagonal Leg Lift Rollout (Barbell),leg_exercise,Leg Exercise,"squat, leg_press",False,barbell,95,80,65,95
6f32b1bb-ae9e-408a-a442-f9ae477af26e,Self Assisted Inverted Pullover,pullover,Pullover,"lat_pulldown, straight_arm_pulldown, fly",False,bodyweight,70,88,95,65
6f3c5a3a-4667-4c92-b852-3a8d1874fab7,Overhead Shoulder Press ( (Resistance Band),shoulder_press,Shoulder Press,"lateral_raise, front_raise, tricep_extension",False,band,60,85,90,50
6f4645f6-963a-40b5-a2b1-58174c91ac58,Lying Raised Shoulders Windshield Wiper,raise,Raise,"lateral_raise, front_raise",False,bodyweight,70,88,95,65
6f5d3e83-0d62-4ced-9693-9907f85f46ea,Decline Shrug (Kettlebell),shrug,Shrug,"upright_row, deadlift, bent_over_row",False,kettlebell,75,85,85,78
6f608a73-8e12-4005-8b78-3fbc8d49c968,Bridge Walk Leg Raise,leg_raise,Leg Raise,"crunch, plank, reverse_crunch",False,bodyweight,70,88,95,65
6f70519b-290f-4982-8080-3c878422c43a,Front Raise (Dumbbell),front_raise,Front Raise,"shoulder_press, lateral_raise, incline_bench_press",True,dumbbell,92,90,92,90
6f728487-d40a-4ef9-8bd9-6da5a88370c8,Self Ankle Mobilization,general_stretch,Stretch,,False,bodyweight,70,88,95,65
6f7311b6-b74e-400a-b064-102709cb9dfb,Standing External Rotation (Resistance Band),general_movement,Standing External Rotation,,False,band,60,85,90,50
6f8aa377-bb7a-455f-b351-ad5d56221325,Assisted Wheel Rollout (Band),general_movement,Assisted Wheel Rollout,,False,band,60,85,90,50
6f90f80c-2ec2-4b77-8039-af686db356e5,Bench Lateral Step Up (Barbell),step_up,Step Up,"lunge, split_squat, squat",False,barbell,95,80,65,95
6f9493ab-246f-471d-9c42-824f6d3db05b,Ring Archer Dip,dip,Dip,"bench_press, tricep_pushdown, push_up",True,bodyweight,70,88,95,65
6f9bdc47-1cd8-46b9-8ade-1d1cb43e542b,Wide Forward Fold Twist,general_movement,Wide Forward Fold Twist,,False,bodyweight,70,88,95,65
6f9e36f1-a596-4086-89df-2270d12f71d9,Sitting In Out Leg Raise With Chair,leg_raise,Leg Raise,"crunch, plank, reverse_crunch",False,bodyweight,70,88,95,65
6fa1d5d9-484a-4c8b-9c3a-d8a0addb43c0,Side Bend Plank,side_plank,Side Plank,"crunch, leg_raise, russian_twist",False,bodyweight,70,88,95,65
6fa67d86-dd94-4679-9ecd-3af67ce2e635,Decline Push Up With Chair,decline_push_up,Decline Push Up,"bench_press, fly, dip, tricep_extension",False,bodyweight,70,88,95,65
6fb361a5-dd28-456d-9240-cbe1d752be72,Lever Bench Leg Press,leg_press,Leg Press,"squat, leg_extension, leg_curl, hack_squat",True,machine,80,75,20,88
6fb87a8a-0b84-48a3-9ba4-8deb75ec0c88,Hip Flexor Stretch With Chair,hip_stretch,Hip Stretch,,False,bodyweight,70,88,95,65
6fbc05cc-5c21-4c33-b477-5ceebd5afd6c,Arm Slingers Hanging Straight Legs,arm_exercise,Arm Exercise,"bicep_curl, tricep_extension",False,bodyweight,70,88,95,65
6fbdad51-de44-476c-b216-95e7846c5763,45 Degrees Press (Dumbbell),press,Press,"bench_press, shoulder_press",False,dumbbell,92,90,92,90
6fcaae74-197c-4ee7-b486-4857c9f6f971,Lever Deadlift (plate Loaded),deadlift,Deadlift,"romanian_deadlift, bent_over_row, hip_thrust, squat",False,machine,80,75,20,88
6fcf0fbd-7a21-4afa-aa37-cfc653bff7e9,Standing Scapular External Rotation (Bodyweight),general_movement,Standing Scapular External Rotation,,False,bodyweight,70,88,95,65
6fdb54f5-a163-4cb0-a0a9-84cc772efb54,Kneeling Plank Shoulder Tap,plank,Plank,"crunch, leg_raise, russian_twist",True,bodyweight,70,88,95,65
6fe417b6-dbaf-4ac5-82bf-8e84d71d4ca0,Smith Decline Bench Press,decline_bench_press,Decline Bench Press,"bench_press, dip, fly",False,smith_machine,72,70,25,80
6feb09fe-5f2c-4dcd-8bb4-b7c18398c31b,Sitting Jack On A Padded Stool,general_movement,Sitting Jack On A Padded Stool,,False,bodyweight,70,88,95,65
6fed0410-3e13-492e-a0f8-126da74eb31f,Standing Alternate Overhead Press (Dumbbell),shoulder_press,Shoulder Press,"lateral_raise, front_raise, tricep_extension",False,dumbbell,92,90,92,90
6ff4cab5-aa9f-4e2f-b03b-f1b70cea4c7f,Airbike ,cycling,Cycling,,False,bodyweight,70,88,95,65
6ff818da-c5ed-4ea8-a5eb-1eb4b1cc05f2,Lever Seated Single Leg Press,leg_press,Leg Press,"squat, leg_extension, leg_curl, hack_squat",True,machine,80,75,20,88
6ff97f60-aa25-463e-a269-88db37232eb7,Bench Press (Dumbbell),bench_press,Bench Press,"incline_bench_press, fly, tricep_pushdown, dip",False,dumbbell,92,90,92,90
70061334-4a95-4d4b-b973-d2e4373bdc24,Heels Squat Slide Wall,squat,Squat,"leg_press, leg_extension, lunge, leg_curl",False,bodyweight,70,88,95,65
700aece3-e5f3-4104-9cd4-5c372a7b07a1,Biceps Curl (Resistance Band),bicep_curl,Bicep Curl,"hammer_curl, preacher_curl, tricep_extension",False,band,60,85,90,50
700c64c0-a19f-4478-84fc-12a485228763,Rotation Shoulder Stretch,shoulder_stretch,Shoulder Stretch,,False,bodyweight,70,88,95,65
700d0fd8-4590-4c4d-8973-2f6e288c1087,Half Kneeling Shoulders Press (Barbell),press,Press,"bench_press, shoulder_press",False,barbell,95,80,65,95
700d1ec5-d9a8-4c99-9c80-722be13aa171,High Knee Double Twist,high_knees,High Knees,"mountain_climber, burpee, jumping_jack",False,bodyweight,70,88,95,65
700d272d-bc35-4a31-ad1a-0205b7ec84dd,Quadriceps Stretch,quad_stretch,Quad Stretch,,False,bodyweight,70,88,95,65
700db7b2-b26e-4f54-819e-e1425e1d7391,Smith Front Leg Elevated Split Squat,front_squat,Front Squat,"leg_press, leg_extension, lunge, leg_curl",False,smith_machine,72,70,25,80
70114775-87ed-480b-bbe8-6bc7dfa6242b,Runners Stretch,general_stretch,Stretch,,False,bodyweight,70,88,95,65
7015437e-ef1b-4e49-ba9e-e538aa20a4b5,Alternating Leg V Up,v_up,V Up,"crunch, leg_raise, plank",False,bodyweight,70,88,95,65
70327821-490b-4a81-af90-98df5b1eca71,Suspender Weighted Vest Decline Push Up,decline_push_up,Decline Push Up,"bench_press, fly, dip, tricep_extension",False,bodyweight,70,88,95,65
704f8bd0-bca6-4584-bdc2-f6cd25367657,Standing Half Bend,general_movement,Standing Half Bend,,False,bodyweight,70,88,95,65
70509a1c-5c00-44ca-a5ab-64c5d3fb752b,Lying High Criss Cross Legs,leg_exercise,Leg Exercise,"squat, leg_press",False,bodyweight,70,88,95,65
70622246-8a82-40c6-9b60-26739f254e46,Underhand Renegade Row (Dumbbell),bent_over_row,Bent Over Row,"lat_pulldown, face_pull, bicep_curl, rear_delt_fly",False,dumbbell,92,90,92,90
70793e77-3a0a-4b2e-a7fc-e732d3c2911a,Lying Raised Heel Tap,raise,Raise,"lateral_raise, front_raise",False,bodyweight,70,88,95,65
70a2f399-6503-490b-9055-1cd4fcb8401a,Lying Rotator Cuff Rotation,general_movement,Lying Rotator Cuff Rotation,,False,bodyweight,70,88,95,65
70aaac20-f7ca-4980-b228-a0b501b58a20,Incline Pullover (Kettlebell),pullover,Pullover,"lat_pulldown, straight_arm_pulldown, fly",False,kettlebell,75,85,85,78
70acbd18-dce3-475c-818b-4e05d0b6f21d,Walking On Incline Treadmill,general_movement,Walking On Incline Treadmill,,False,bodyweight,70,88,95,65
70b393a9-6fda-48a9-a1f2-abd764a53208,EZ Bar Knelling Rollout,general_movement,EZ Bar Knelling Rollout,,False,bodyweight,70,88,95,65
70b7d36c-b240-4ae7-ab49-1deb2b81a431,Standing Squeeze Upper Chest Press (Cable),chest_press,Chest Press,"bench_press, fly, tricep_pushdown",False,cable,85,88,30,92
70c20a02-ed62-41c6-becf-2399353e47a2,Bouncing Inner Thigh Tap,general_movement,Bouncing Inner Thigh Tap,,False,bodyweight,70,88,95,65
70c30173-36cc-4077-aaae-87b8d01c6501,Abductor Stretch,general_stretch,Stretch,,False,bodyweight,70,88,95,65
70cceb2a-c42f-427a-9ed1-7537c07fec1f,Goblet Bulgarian Split Squat (Dumbbell),goblet_squat,Goblet Squat,"leg_press, leg_extension, lunge, leg_curl",False,dumbbell,92,90,92,90
70d910f2-1305-4c61-8d6a-4a4219e01955,Dish Hold,general_movement,Dish Hold,,False,bodyweight,70,88,95,65
70deea71-ef92-4dba-b3e1-babd1a9285c1,Seated Around The World (Dumbbell),general_movement,Seated Around The World,,False,dumbbell,92,90,92,90
70e3d616-8e39-4a42-abf3-2403b9a6b868,Standing Front Raise Above Head (Dumbbell),front_raise,Front Raise,"shoulder_press, lateral_raise, incline_bench_press",True,dumbbell,92,90,92,90
70f31411-9c68-48d6-8041-23517e2c0e85,Triceps Press (low Bar Position),press,Press,"bench_press, shoulder_press",False,bodyweight,70,88,95,65
70f49917-9c8a-4325-942a-b92fcaf19780,Diamond Press,press,Press,"bench_press, shoulder_press",False,bodyweight,70,88,95,65
70f6d3d9-6b40-425f-8b24-a5ce7c6b1743,Seated Overhead Triceps Extension (Barbell),overhead_tricep_extension,Overhead Tricep Extension,"tricep_pushdown, skull_crusher, dip, bicep_curl",False,barbell,95,80,65,95
710a0d16-7947-415a-8ff4-a5e52e73b46c,Seated Shoulder Stretch Behind The (Resistance Band),shoulder_stretch,Shoulder Stretch,,False,band,60,85,90,50
710a42a6-6a6d-4ff0-aa7a-7b1ba606147e,Standing Behind Head Clasp And Pushdown,tricep_pushdown,Tricep Pushdown,"tricep_extension, skull_crusher, dip",False,bodyweight,70,88,95,65
711a01bc-08ae-4d81-971d-e2f88ca356cc,Behind Head Push Butt Kick,general_movement,Behind Head Push Butt Kick,,False,bodyweight,70,88,95,65
7146144f-f324-4c94-97fd-3015000ec6fa,Lever Pronated Grip Seated Scapular Retraction Shr,general_movement,Lever Pronated Grip Seated Scapular Retraction Shr,,False,machine,80,75,20,88
714f227d-4e7f-4b0e-bb78-cde74732efe5,Marching On Spot,general_movement,Marching On Spot,,False,bodyweight,70,88,95,65
714fb9b4-f01d-4810-9a6a-9153da545335,Lying Pullover On Exercise Ball (Dumbbell),pullover,Pullover,"lat_pulldown, straight_arm_pulldown, fly",False,dumbbell,92,90,92,90
71623528-cbdb-424c-97da-8bc51d1e8fc3,Star Squat Jack,squat,Squat,"leg_press, leg_extension, lunge, leg_curl",False,bodyweight,70,88,95,65
71694738-2a15-47e5-b4eb-6c63472f0215,L Sit,general_movement,L Sit,,False,bodyweight,70,88,95,65
71720f59-506a-4855-a1dd-ebf6c8bf81c3,Cross Body Hammer Curl (Dumbbell),hammer_curl,Hammer Curl,"bicep_curl, preacher_curl, reverse_curl",True,dumbbell,92,90,92,90
7172c857-0667-49e0-83d4-34ef76b84ba5,Sitting Hip Rotation On A Chair,general_movement,Sitting Hip Rotation On A Chair,,False,bodyweight,70,88,95,65
7174ece3-3b3b-4150-893d-931ba7a425cc,Lying Hip Rotation,general_movement,Lying Hip Rotation,,False,bodyweight,70,88,95,65
717e4b2c-33ad-4502-8b65-a1f93f7bffa7,Straight Legs Deadlift (Dumbbell),stiff_leg_deadlift,Stiff Leg Deadlift,"romanian_deadlift, bent_over_row, hip_thrust, squat",False,dumbbell,92,90,92,90
718dde79-c982-4014-8eb7-f27aacf85d9a,Jack Burpee,burpee,Burpee,"push_up, squat_jump, mountain_climber",True,bodyweight,70,88,95,65
718f58f3-95bd-4224-b224-a69b1817ee94,Bent Leg Side Kick (kneeling),leg_exercise,Leg Exercise,"squat, leg_press",False,bodyweight,70,88,95,65
7195d7db-4b9e-4d8e-baf3-fcab30c2751e,Plank On Hands,plank,Plank,"crunch, leg_raise, russian_twist",True,bodyweight,70,88,95,65
71b5f774-2361-4938-858d-592ffad94ebd,Straight Leg Crossed Arms Sit Up,crunch,Crunch,"leg_raise, plank, russian_twist",True,bodyweight,70,88,95,65
71bbeaf8-056a-49a5-b851-8eb55603f880,Around Pullover (Dumbbell),pullover,Pullover,"lat_pulldown, straight_arm_pulldown, fly",False,dumbbell,92,90,92,90
71c4a3aa-8779-4a50-a252-9d1cb76de2eb,Stationary Bike Run,running,Running,,False,bodyweight,70,88,95,65
71d338ed-10da-4167-b7ed-f603081512dd,Wood Chop (Kettlebell),woodchop,Woodchop,"russian_twist, oblique_crunch, plank",False,kettlebell,75,85,85,78
71e535c7-07ce-4318-a384-9339654159a4,Butt Kick With Row (front Pov),bent_over_row,Bent Over Row,"lat_pulldown, face_pull, bicep_curl, rear_delt_fly",False,bodyweight,70,88,95,65
71ed359b-0eea-48be-8c0a-8f5815a4686a,Twin Handle Parallel Grip Lat Pulldown (Cable),lat_pulldown,Lat Pulldown,"pull_up, bent_over_row, bicep_curl, face_pull",True,cable,85,88,30,92
71fded86-2974-469b-a5c6-e4c3f39040ba,Side Mountain Climber,mountain_climber,Mountain Climber,"plank, burpee, high_knees",False,bodyweight,70,88,95,65
72133b1f-8f26-41d9-ae77-a3f2071c687b,Clothespin Hold,general_movement,Clothespin Hold,,False,bodyweight,70,88,95,65
721852cb-b07b-490b-8aa5-e03fd6a5dd74,Prone Hip Cars,general_movement,Prone Hip Cars,,False,bodyweight,70,88,95,65
72287d30-3553-4048-9a58-7868c7d096d7,Lever Shoulder Press (plate Loaded)(,shoulder_press,Shoulder Press,"lateral_raise, front_raise, tricep_extension",False,machine,80,75,20,88
723223f5-b0a2-46aa-ad32-9f72f84f050b,Sitting Side Step On Chair,general_movement,Sitting Side Step On Chair,,False,bodyweight,70,88,95,65
723cbade-d081-4dff-8f7f-22b52a89288f,Smith Seated Shoulder Press,shoulder_press,Shoulder Press,"lateral_raise, front_raise, tricep_extension",False,smith_machine,72,70,25,80
726184a4-c041-4edd-b393-b2a8f62c6fcf,Normal To Wide Squat (bosu Ball) (Resistance Band),squat,Squat,"leg_press, leg_extension, lunge, leg_curl",False,band,60,85,90,50
727588de-367c-4327-b788-b07aa494c63d,Plank Side Kick Through,side_plank,Side Plank,"crunch, leg_raise, russian_twist",False,bodyweight,70,88,95,65
72855ac1-6edb-453a-8260-88cf85f464f7,Wall Press And Twist,press,Press,"bench_press, shoulder_press",False,bodyweight,70,88,95,65
72898a9e-ba04-404c-ac12-b2b5712d26ef,Burpee,burpee,Burpee,"push_up, squat_jump, mountain_climber",True,bodyweight,70,88,95,65
7289e413-4f4e-45a1-86f5-4438d3765a23,Parsva Balasana Yoga Pose,general_stretch,Stretch,,False,bodyweight,70,88,95,65
728a2297-08b0-4873-8ac5-c30c24fec03b,Kneeling Dynamic Plank,plank,Plank,"crunch, leg_raise, russian_twist",True,bodyweight,70,88,95,65
728cd641-9ad3-4340-a869-cdc05db74a42,4 Cone Single Foot Lateral Hops,general_movement,4 Cone Single Foot Lateral Hops,,False,bodyweight,70,88,95,65
72945233-499c-4ffe-a6dc-3b0c03428b95,Kneeling Back Rotation Stretch,back_stretch,Back Stretch,,False,bodyweight,70,88,95,65
729ed491-9e52-4292-a64d-882d5adb7e20,Standing Straight Arm Chest Low Fly (Bodyweight),fly,Chest Fly,"bench_press, incline_fly, push_up",False,bodyweight,70,88,95,65
72a4ca9f-52ac-4268-83f4-c8f0d1204cc3,Seated Side Crunch Elbow To Knee On Chair,oblique_crunch,Oblique Crunch,"leg_raise, plank, russian_twist",False,bodyweight,70,88,95,65
72a7aa94-98fd-490a-bf93-e12b9f37a1fd,EZ Bar Close Grip Bench Press,close_grip_bench_press,Close Grip Bench Press,"bench_press, tricep_extension, dip",False,bodyweight,70,88,95,65
72ac9120-6bfb-4890-b92d-9448851a3bfc,Push Up (bosu Ball),push_up,Push Up,"bench_press, fly, dip, tricep_extension",True,bodyweight,70,88,95,65
72af334a-d9a2-4dde-a5c6-9ddd323dcc5c,Standing Face Pull (Rope) (Cable),face_pull,Face Pull,"rear_delt_fly, lateral_raise, bent_over_row",True,cable,85,88,30,92
72b9b12e-87ee-4ce4-9e13-8d97e680900a,Back Leg Lift Jack,back_exercise,Back Exercise,"bent_over_row, lat_pulldown",False,bodyweight,70,88,95,65
72c36aac-c18e-4e66-8426-db5557fc8d97,Wide Legged Forward Fold,leg_exercise,Leg Exercise,"squat, leg_press",False,bodyweight,70,88,95,65
72c651a7-53af-4cdb-8e0b-2f32a4491829,Triceps Dip On High Parallel Bars,dip,Dip,"bench_press, tricep_pushdown, push_up",True,bodyweight,70,88,95,65
72c8082a-3065-48b8-9469-75a253d7afa6,Jump Rope,general_movement,Jump Rope,,False,bodyweight,70,88,95,65
72cf26ae-4a8c-4079-85ec-a5355c0c90b3,Plyo Squat (Dumbbell),squat,Squat,"leg_press, leg_extension, lunge, leg_curl",False,dumbbell,92,90,92,90
72e8460e-3cb2-421b-8643-3c8b2d140a0f,Chest Bench Press Butt,bench_press,Bench Press,"incline_bench_press, fly, tricep_pushdown, dip",False,bodyweight,70,88,95,65
72f04225-3c68-4dd1-9d47-165f95b851b0,Turn Side Step 4 Corner Touches,general_movement,Turn Side Step 4 Corner Touches,,False,bodyweight,70,88,95,65
72f5bc4e-2732-4f9a-84e2-0f849c5de7dd,Twist (Cable),core_exercise,Core Exercise,"crunch, plank",False,cable,85,88,30,92
73006eda-08d3-4c6e-ac62-38e3d37e43ee,Sphinx Pose Twist,general_stretch,Stretch,,False,bodyweight,70,88,95,65
7307a83b-2b53-4219-8c72-f77b1557d04c,Standing Split Yoga Pose Urdhva Prasarita Eka Pada,general_stretch,Stretch,,False,bodyweight,70,88,95,65
731440dc-2892-4b2c-b752-69a66725ad6e,Weighted Donkey Calf Raise,calf_raise,Calf Raise,leg_press,False,bodyweight,70,88,95,65
7344887f-8e1f-4973-bc31-c76fe1728104,Single Dead Bug,general_movement,Single Dead Bug,,False,bodyweight,70,88,95,65
73464583-4091-4e6f-9333-ebdde925b78d,Decline Shrug (Dumbbell),shrug,Shrug,"upright_row, deadlift, bent_over_row",False,dumbbell,92,90,92,90
734e31ef-8995-4421-8b14-a388ebc442ef,Lying Single Leg Kick,leg_exercise,Leg Exercise,"squat, leg_press",False,bodyweight,70,88,95,65
735f4a96-1c6e-4e01-93a1-4dbc6d8c1697,Curtsey Lunge Knee Up,lunge,Lunge,"split_squat, step_up, squat, leg_press",False,bodyweight,70,88,95,65
736427dd-158f-4861-9097-31bd4f1f514e,Lying Frog Kick,general_movement,Lying Frog Kick,,False,bodyweight,70,88,95,65
736d32d3-948e-4c7f-ba00-158dfee687a2,Standing Push And Toe Tap,general_movement,Standing Push And Toe Tap,,False,bodyweight,70,88,95,65
7373e565-dabd-4f40-8cfa-f03c8d2b3d89,Alternating Hamstring Curl Double Kick,leg_curl,Leg Curl,"romanian_deadlift, hip_thrust, leg_extension",False,bodyweight,70,88,95,65
737891df-8157-4661-a52c-e0d7b9c6c8f2,Bent Over Back Extension Scapular Adduction,hip_adduction,Hip Adduction,"hip_abduction, sumo_squat, lunge",False,bodyweight,70,88,95,65
73851bd7-5e49-4c49-9d12-ffbf8c00e25f,Reverse Plank On Elbows,plank,Plank,"crunch, leg_raise, russian_twist",True,bodyweight,70,88,95,65
7386015b-035c-4f7b-807f-54c0aeb064fd,Lever One Arm Incline Chest Press (plate Loaded),incline_chest_press,Incline Chest Press,"bench_press, fly, tricep_pushdown",False,machine,80,75,20,88
738baeda-fe95-432f-90f6-70b8878e467d,Leg Raise Above Head And Under Knee Clap,leg_raise,Leg Raise,"crunch, plank, reverse_crunch",False,bodyweight,70,88,95,65
73a2bbd6-d866-43ba-9ef1-336e258c8eba,Cambered Bar Lying Row,bent_over_row,Bent Over Row,"lat_pulldown, face_pull, bicep_curl, rear_delt_fly",False,bodyweight,70,88,95,65
73a71825-0aef-431f-a01b-702aaf047d66,Outward Calf Raise,calf_raise,Calf Raise,leg_press,False,bodyweight,70,88,95,65
73b45134-9c3c-4c34-8db7-b9a3fb2b50ac,Wrist Full Push Up,push_up,Push Up,"bench_press, fly, dip, tricep_extension",True,bodyweight,70,88,95,65
73b77b58-d3a4-4a70-9ce2-35d327942eb3,Lat Shoulder Stretch Into Shoulder Shrug,shoulder_stretch,Shoulder Stretch,,False,bodyweight,70,88,95,65
73c86fec-117a-4801-a6c3-799200590e25,Sitting Alternate Overhead Under Knee Clap On A Ch,general_movement,Sitting Alternate Overhead Under Knee Clap On A Ch,,False,bodyweight,70,88,95,65
73cf254a-35a1-43dd-9b1f-db52f39a57e2,Split Sprinter Low Lunge,lunge,Lunge,"split_squat, step_up, squat, leg_press",False,bodyweight,70,88,95,65
73d9a494-5dcd-40c0-82a5-c051c19d5a96,Sled Backward Angled Calf Raise,calf_raise,Calf Raise,leg_press,False,bodyweight,70,88,95,65
73e5d4f1-ffac-4b91-885b-11a1df3f2089,Twist And Leg Lift,leg_exercise,Leg Exercise,"squat, leg_press",False,bodyweight,70,88,95,65
73f1cd4b-16ab-439a-b69a-deb536b95c60,Plyo Squat,squat,Squat,"leg_press, leg_extension, lunge, leg_curl",False,bodyweight,70,88,95,65
73f4050e-30b3-4cbf-8a4f-b0a729d8dc22,Goblet Squat (Kettlebell),goblet_squat,Goblet Squat,"leg_press, leg_extension, lunge, leg_curl",False,kettlebell,75,85,85,78
73ff5952-f95f-43be-9d88-d0be89ec8d52,Lever Rotary Calf,calf_raise,Calf Raise,leg_press,False,machine,80,75,20,88
7406e76d-888c-4a29-b680-350d52776672,Standing Stacked Arms Lift,arm_exercise,Arm Exercise,"bicep_curl, tricep_extension",False,bodyweight,70,88,95,65
7413e8c6-fbb9-44d1-935e-543d5bc4ad89,Push Up To Side Plank,push_up,Push Up,"bench_press, fly, dip, tricep_extension",True,bodyweight,70,88,95,65
7420bbea-1f40-4abb-847b-33ce28a0e781,Pelvic Tilt Hold,general_movement,Pelvic Tilt Hold,,False,bodyweight,70,88,95,65
7425b85c-d720-4a1d-97f8-7b8240e46870,Arms Forward Butt Kick,arm_exercise,Arm Exercise,"bicep_curl, tricep_extension",False,bodyweight,70,88,95,65
7428f5ae-81a6-478b-b019-9dc0f3aa2c78,Weighted Sandbag Romanian Deadlift,romanian_deadlift,Romanian Deadlift,"romanian_deadlift, bent_over_row, hip_thrust, squat",False,bodyweight,70,88,95,65
7433d205-8487-4132-b542-859728f87df0,Sit (wall),general_movement,Sit,,False,bodyweight,70,88,95,65
7435e4e9-e8d6-429b-a78b-480d0e5140b0,Rotational Push Up Knee Tap,push_up,Push Up,"bench_press, fly, dip, tricep_extension",True,bodyweight,70,88,95,65
743697a5-a431-45a2-9bc3-bc37b7f2a26d,Butterfly Twist,fly,Chest Fly,"bench_press, incline_fly, push_up",False,bodyweight,70,88,95,65
7440c75b-2fa1-424c-8651-dd0ac6e0cec0,Bench Press (Kettlebell),bench_press,Bench Press,"incline_bench_press, fly, tricep_pushdown, dip",False,kettlebell,75,85,85,78
744ce34f-1fc3-4559-beee-72d6ba4cfc33,Reverse Lunge Forward Lunge,reverse_lunge,Reverse Lunge,"split_squat, step_up, squat, leg_press",False,bodyweight,70,88,95,65
744e3fe3-9719-42dc-bafc-2b6f370d3eea,Spinal Stretch (stability Ball),general_stretch,Stretch,,False,bodyweight,70,88,95,65
7452eecd-ffec-43ca-9f3c-ccb2f66894f5,Squat Side Power Kick,squat,Squat,"leg_press, leg_extension, lunge, leg_curl",False,bodyweight,70,88,95,65
7464fe7c-03cc-47e7-b3be-5caf1a35ec8f,Landmine Single Leg Hip Thrust,hip_thrust,Hip Thrust,"glute_bridge, romanian_deadlift, leg_curl",False,bodyweight,70,88,95,65
74674edc-6b53-494c-a438-2812f6ac3c77,Side Step Downward Punch,general_movement,Side Step Downward Punch,,False,bodyweight,70,88,95,65
74726802-84dc-45fc-9ff6-155e4f84dbdb,Lever Standing Pec Fly,fly,Chest Fly,"bench_press, incline_fly, push_up",False,machine,80,75,20,88
7478d41e-d042-4883-a8c3-9dfc73fbbdb8,Lying Single Leg Abduction,hip_abduction,Hip Abduction,"hip_adduction, glute_kickback, hip_thrust",False,bodyweight,70,88,95,65
747fb262-ee34-4d8d-8683-387ef733201e,Upright Row (under Two Feet) (Band),upright_row,Upright Row,"lateral_raise, shrug, shoulder_press",False,band,60,85,90,50
74831288-79c5-4e1f-9b1d-47b7a7c082a7,Weighted Decline Crunch,crunch,Crunch,"leg_raise, plank, russian_twist",True,bodyweight,70,88,95,65
74890da7-08d7-4869-ba3f-e5db4935e7fb,Half Jumping Jack,jumping_jack,Jumping Jack,"burpee, high_knees, squat_jump",False,bodyweight,70,88,95,65
749cedb5-44e7-4494-8685-ff9b8e361669,Bridge Hip Abduction,hip_abduction,Hip Abduction,"hip_adduction, glute_kickback, hip_thrust",False,bodyweight,70,88,95,65
74a09f66-ce7a-4539-9be0-1b66eaa1bf30,Side Bend (Band),general_movement,Side Bend,,False,band,60,85,90,50
74a43b3e-6394-43bf-8c01-85513b99f671,Alternating Press (Kettlebell),press,Press,"bench_press, shoulder_press",False,kettlebell,75,85,85,78
74abe836-f65d-47d1-b169-1b89f35dc31c,Weighted Plate Standing Lateral Raise,lateral_raise,Lateral Raise,"shoulder_press, front_raise, rear_delt_fly",False,bodyweight,70,88,95,65
74ae2af5-4833-4b85-922c-408e88b0abd7,Opposite Marching Knee Tap,general_movement,Opposite Marching Knee Tap,,False,bodyweight,70,88,95,65
74ca5b23-68ca-4bf1-b49f-b3ed22a6d257,Suspender Abduction Lunge,hip_abduction,Hip Abduction,"hip_adduction, glute_kickback, hip_thrust",False,bodyweight,70,88,95,65
74cdf947-6a40-45d3-a42f-9de5199d23ba,Cheerleader Clap Backhand Swing,back_exercise,Back Exercise,"bent_over_row, lat_pulldown",False,bodyweight,70,88,95,65
74d7597f-9f88-42ac-8b68-d79267f59b3a,Single Leg Squat With Support (pistol) (Dumbbell),pistol_squat,Pistol Squat,"leg_press, leg_extension, lunge, leg_curl",False,dumbbell,92,90,92,90
74d8e44e-7100-4f09-a963-b1c690dad73f,Weighted Bottle Superman,general_movement,Weighted Bottle Superman,,False,bodyweight,70,88,95,65
74dedf1b-3fdb-4b55-985f-e1537e6ee989,Hanging Straight Leg Hip Raise,raise,Raise,"lateral_raise, front_raise",False,bodyweight,70,88,95,65
74e0542e-d74b-443f-b217-7a46064c45bc,Standing Outer Push (Bodyweight),general_movement,Standing Outer Push,,False,bodyweight,70,88,95,65
74ee465a-af57-4040-8360-161561bd4f6f,Half Squat Side Bend,squat,Squat,"leg_press, leg_extension, lunge, leg_curl",False,bodyweight,70,88,95,65
74fe8829-97f1-4df4-b663-2f1d02017c83,Incline Row (Kettlebell),bent_over_row,Bent Over Row,"lat_pulldown, face_pull, bicep_curl, rear_delt_fly",False,kettlebell,75,85,85,78
750318a4-52d8-4c05-bc71-5e7840c1e8f2,Single Leg Sliding Floor Bridge Curl On Towel,curl,Curl,"bicep_curl, hammer_curl",False,bodyweight,70,88,95,65
75038551-a4b3-4671-b103-4f20ed1a30e3,Romanian Deadlift (Barbell),romanian_deadlift,Romanian Deadlift,"romanian_deadlift, bent_over_row, hip_thrust, squat",False,barbell,95,80,65,95
7512e418-d712-4eee-b582-69c4cfd3e4db,Russian Twist Chop,russian_twist,Russian Twist,"oblique_crunch, woodchop, side_plank",False,bodyweight,70,88,95,65
75137a3d-0a2d-4dc9-9712-39ae7d0170d7,Plank 3 Point Hops,plank,Plank,"crunch, leg_raise, russian_twist",True,bodyweight,70,88,95,65
7514175e-388f-4e57-a0d5-54dc040e7b85,Lever Incline Fly,incline_fly,Incline Fly,"fly, incline_bench_press",False,machine,80,75,20,88
751e5871-8661-431a-8668-89dd7b4e32be,Jump Pistol Squat Box,pistol_squat,Pistol Squat,"leg_press, leg_extension, lunge, leg_curl",False,bodyweight,70,88,95,65
75204eea-0a45-41f7-9194-cd4f1c996177,Smith Standing Shoulder Press,shoulder_press,Shoulder Press,"lateral_raise, front_raise, tricep_extension",False,smith_machine,72,70,25,80
752557e8-188e-47da-bb10-9bf3997c1fbd,Balance Disk Squat,squat,Squat,"leg_press, leg_extension, lunge, leg_curl",False,bodyweight,70,88,95,65
7535fdb0-7cea-4475-9c7d-3d59c7c236fd,Hopping Knee Drive,general_movement,Hopping Knee Drive,,False,bodyweight,70,88,95,65
754cbf95-23ea-4d0d-b65e-06655e821656,Pulse Goblet Squat (Bodyweight),goblet_squat,Goblet Squat,"leg_press, leg_extension, lunge, leg_curl",False,bodyweight,70,88,95,65
754e48ba-4ba0-4508-a28c-c63a3e1ae90d,Inverted Row Bent Knees,inverted_row,Inverted Row,"lat_pulldown, face_pull, bicep_curl, rear_delt_fly",False,bodyweight,70,88,95,65
754f8c36-6501-4a17-966d-9ee2eb6d95ac,Sitting Shoulder Press Toe Touch On A Padded Stool,shoulder_press,Shoulder Press,"lateral_raise, front_raise, tricep_extension",False,bodyweight,70,88,95,65
755a55e9-e5c6-49c9-8bc2-feb3e7e46e1f,Narrow Squat (Bodyweight),bent_over_row,Bent Over Row,"lat_pulldown, face_pull, bicep_curl, rear_delt_fly",False,bodyweight,70,88,95,65
755aa08a-c8dc-4900-ae11-2b3ee27d0894,Side Lying Reverse Clamshell,hip_abduction,Hip Abduction,"hip_adduction, glute_kickback, hip_thrust",False,bodyweight,70,88,95,65
75669315-c2bc-4a58-bb73-b744ca68670b,Bent Over Y Raise (Dumbbell),raise,Raise,"lateral_raise, front_raise",False,dumbbell,92,90,92,90
757bc0f0-247f-4a3c-90fc-84d32014609b,Overhead Triceps Extension (Band),overhead_tricep_extension,Overhead Tricep Extension,"tricep_pushdown, skull_crusher, dip, bicep_curl",False,band,60,85,90,50
759671ab-9381-419f-abc1-f587153f1341,Standing Incline Bird Dog Crunch Against Wall,crunch,Crunch,"leg_raise, plank, russian_twist",True,bodyweight,70,88,95,65
75a17dd9-9f06-413e-95b1-55ebc369d12c,Seated Side Bend On A Chair,general_movement,Seated Side Bend On A Chair,,False,bodyweight,70,88,95,65
75b601b1-67c8-4dbc-86ce-ed88a1d231d5,Incline Bench Press (Dumbbell),incline_bench_press,Incline Bench Press,"bench_press, incline_fly, shoulder_press",False,dumbbell,92,90,92,90
75beb459-7a48-441d-a1ed-5a1716413e0f,Ski Runners,running,Running,,False,bodyweight,70,88,95,65
75c7166c-5740-4986-96e6-30e028d41992,Horse Stance Squat,squat,Squat,"leg_press, leg_extension, lunge, leg_curl",False,bodyweight,70,88,95,65
75ca9d3f-79a0-480f-9366-97f010af5618,Balance Board Single Leg Balance,leg_exercise,Leg Exercise,"squat, leg_press",False,bodyweight,70,88,95,65
75d317e0-949a-4078-b638-be5874f437e7,Alternate Lying Floor Leg Raise,leg_raise,Leg Raise,"crunch, plank, reverse_crunch",False,bodyweight,70,88,95,65
75d5e0e1-0f51-45dc-9bd3-205a2dd0a7a5,Bent Over Shoulder Pendulum,shoulder_exercise,Shoulder Exercise,"shoulder_press, lateral_raise",False,bodyweight,70,88,95,65
75d895d5-7722-497b-a45f-ce99d9fb1d7a,Goblet Wall Sit (Dumbbell),general_movement,Goblet Wall Sit,,False,dumbbell,92,90,92,90
75df84c5-680d-436d-871f-bdc9efd499ae,Roll Ball Outside Thigh Tractus Iliotibialis Stret,general_movement,Roll Ball Outside Thigh Tractus Iliotibialis Stret,,False,bodyweight,70,88,95,65
75e685d9-4eb0-4faf-80b9-a9c772c0e7fc,90 To 90 (Leaning),general_movement,90 To 90,,False,bodyweight,70,88,95,65
75eb938c-9f42-4da9-b55e-0da8dc72a795,Standing Trapezius Press (Resistance Band),press,Press,"bench_press, shoulder_press",False,band,60,85,90,50
75f29f6a-d317-467e-91cb-c2bdc2c78079,Front Plank Open And Close,plank,Plank,"crunch, leg_raise, russian_twist",True,bodyweight,70,88,95,65
75f62635-e5c0-4a21-9920-a0424eacb6dd,Lying Floor Negative Dragon Flag,general_movement,Lying Floor Negative Dragon Flag,,False,bodyweight,70,88,95,65
75f77bba-e7be-4e71-bb99-15c8b05b3228,Neutral Grip Kickback (Cable),back_exercise,Back Exercise,"bent_over_row, lat_pulldown",False,cable,85,88,30,92
75fc0098-40f4-42de-b176-704a52abfd68,Bent Arm Lift,arm_exercise,Arm Exercise,"bicep_curl, tricep_extension",False,bodyweight,70,88,95,65
760c3f87-a345-42bd-afeb-fe5d28e479fe,Seated Row (Resistance Band),cable_row,Cable Row,"lat_pulldown, face_pull, bicep_curl, rear_delt_fly",False,band,60,85,90,50
7615183e-421a-41f4-a122-f915a73875c6,Ring Extended Plank,plank,Plank,"crunch, leg_raise, russian_twist",True,bodyweight,70,88,95,65
761d0139-8781-492b-b998-7e9a8768521f,Low Seated Row (Cable),cable_row,Cable Row,"lat_pulldown, face_pull, bicep_curl, rear_delt_fly",True,cable,85,88,30,92
7629a565-e82b-4ecd-a052-02357c96cf8f,Weighted Full Can Exercise,general_movement,Weighted Full Can Exercise,,False,bodyweight,70,88,95,65
76487ea9-44e7-4c3b-9ccb-f09caf02e4ad,Close Grip Front Lat Pulldown (Cable),lat_pulldown,Lat Pulldown,"pull_up, bent_over_row, bicep_curl, face_pull",True,cable,85,88,30,92
76515e80-2afe-4ff9-848b-bb616c78a68c,Cambered Bar Lying Row,bent_over_row,Bent Over Row,"lat_pulldown, face_pull, bicep_curl, rear_delt_fly",False,bodyweight,70,88,95,65
765756f6-4bda-4f7f-9aab-e49dcf931835,Behind Back Finger Curl (Barbell),bicep_curl,Bicep Curl,"hammer_curl, preacher_curl, tricep_extension",False,barbell,95,80,65,95
76592892-7c4f-44ec-ba73-ad6886ec8101,Above Head Chest Stretch,chest_stretch,Chest Stretch,,False,bodyweight,70,88,95,65
766a6931-97dc-4927-803c-5733ac0e3bb0,Standing Switching Arm Stretch,general_stretch,Stretch,,False,bodyweight,70,88,95,65
768ef43f-1b43-42fe-9c2f-a83b77a34f95,Bottle Weighted Lateral Raise,lateral_raise,Lateral Raise,"shoulder_press, front_raise, rear_delt_fly",False,bodyweight,70,88,95,65
76a695d0-c487-4946-a18f-0b2e2106a941,Seated Hip Internal Rotation (Band),general_movement,Seated Hip Internal Rotation,,False,band,60,85,90,50
76b16807-c93c-4686-9081-cc399812ca9a,Seated Bent Arm Lateral Raise (Dumbbell),lateral_raise,Lateral Raise,"shoulder_press, front_raise, rear_delt_fly",True,dumbbell,92,90,92,90
76b4f2c5-57ff-4ce1-af9e-e40167c15340,Wrist Roller,general_movement,Wrist Roller,,False,bodyweight,70,88,95,65
76c5546f-e0e8-4638-95b4-ef0d835d3e28,Weighted Chin Up,chin_up,Chin Up,"lat_pulldown, bent_over_row, bicep_curl",True,bodyweight,70,88,95,65
76d448e1-eeb5-4bc0-b655-a075d9490262,Forward Wide Walk,general_movement,Forward Wide Walk,,False,bodyweight,70,88,95,65
76d8e407-c60d-4082-af94-455586bca418,Step Up (Band),step_up,Step Up,"lunge, split_squat, squat",False,band,60,85,90,50
76dd21c9-130e-42e7-8031-6131a3303fb2,Standing Straight Arm Chest Low Fly (Bodyweight),fly,Chest Fly,"bench_press, incline_fly, push_up",False,bodyweight,70,88,95,65
76e8a66a-7581-4dff-a5de-f07eb7524397,High Triceps Extension (Cable),tricep_extension,Tricep Extension,"tricep_pushdown, skull_crusher, dip, bicep_curl",False,cable,85,88,30,92
76ea188d-9e78-4e40-bd43-a65b1212dfb8,Arms Circle Marching On Spot,arm_exercise,Arm Exercise,"bicep_curl, tricep_extension",False,bodyweight,70,88,95,65
76ee5061-d6ae-43ff-8e5f-2c9a103e6fdf,Lying Bench Single Leg Curl (Cable),leg_exercise,Leg Exercise,"squat, leg_press",False,cable,85,88,30,92
76f5d6b8-a611-4a04-a6b8-2582ac5b4d20,Single Downward Dog,general_movement,Single Downward Dog,,False,bodyweight,70,88,95,65
770154a4-c124-4447-a2f5-b6c2d7f8d8b1,Prone Rear Delt Swing (Dumbbell),rear_delt_fly,Rear Delt Fly,"face_pull, lateral_raise, bent_over_row",False,dumbbell,92,90,92,90
7702439a-12b7-46b2-aa7a-0c98d855a07e,Standing Calf Stretch With Wall Supported,calf_stretch,Calf Stretch,,False,bodyweight,70,88,95,65
770981ac-9dc4-4a35-8951-338b4a6e8ffc,Decline Push Up,decline_push_up,Decline Push Up,"bench_press, fly, dip, tricep_extension",False,bodyweight,70,88,95,65
770e8628-fd99-45ed-9d49-c4229784adcd,Overhead Hit (Resistance Band),general_movement,Overhead Hit,,False,band,60,85,90,50
770f1f3c-9b20-4115-af8e-144631da7a7b,Prone Incline Curl (Kettlebell),incline_curl,Incline Curl,"bicep_curl, preacher_curl, hammer_curl",False,kettlebell,75,85,85,78
77209562-c906-46d7-a665-0c9b272396b1,Star Jump,general_movement,Star Jump,,False,bodyweight,70,88,95,65
772144da-a9e6-46e8-9583-b5277f1750eb,Standing Shoulders Full Flexion,shoulder_exercise,Shoulder Exercise,"shoulder_press, lateral_raise",False,bodyweight,70,88,95,65
7734bbd6-b962-43aa-b9f2-4d8ae48ded70,Wide Grip Pull Up On Dip Cage,dip,Dip,"bench_press, tricep_pushdown, push_up",True,bodyweight,70,88,95,65
773c67d1-8ff9-42c2-8bac-f1c46f8bee6c,Lying Around The World,general_movement,Lying Around The World,,False,bodyweight,70,88,95,65
775d642b-f000-4aec-b4cd-554da6c5658c,Standing Triple Straight Arm Chest Fly,fly,Chest Fly,"bench_press, incline_fly, push_up",False,bodyweight,70,88,95,65
775f1c3f-9972-49e4-bafa-8afbb08cea6d,Side Knee Leg Raise,leg_raise,Leg Raise,"crunch, plank, reverse_crunch",False,bodyweight,70,88,95,65
77621244-8458-459c-a598-89f682f3b3ff,Lying Single Leg Hip Flexion (Cable),leg_exercise,Leg Exercise,"squat, leg_press",False,cable,85,88,30,92
7774accb-fb87-48b0-a804-30d9cbc8e570,V Leg Raise,leg_raise,Leg Raise,"crunch, plank, reverse_crunch",False,bodyweight,70,88,95,65
777a10fe-8908-4883-afac-76bbdab32851,Side To Side Box Shuffle,general_movement,Side To Side Box Shuffle,,False,bodyweight,70,88,95,65
777a38f1-bd97-47b4-ad1b-87c21b7b7e9d,Stepback Air Bike,cycling,Cycling,,False,bodyweight,70,88,95,65
777cb274-ab70-47d3-8a44-5b5b72977e5a,Isometric Hip Flexion And Glute Stretch,hip_stretch,Hip Stretch,,False,bodyweight,70,88,95,65
77923db1-37e6-43b5-b340-5bf1696c4af4,Super Rom Lateral Raise (Dumbbell),lateral_raise,Lateral Raise,"shoulder_press, front_raise, rear_delt_fly",True,dumbbell,92,90,92,90
77a51139-9fdc-480b-8aad-8b51ca537db5,Lever Seated Crunch (chest Pad),crunch,Crunch,"leg_raise, plank, russian_twist",False,machine,80,75,20,88
77abc4fb-4601-4fc9-8caf-a1cdfbd4475e,Smith Calf Raise,calf_raise,Calf Raise,leg_press,False,smith_machine,72,70,25,80
77cc6a5b-86b4-4815-912e-6c68e318031a,Side Plank (Kettlebell),side_plank,Side Plank,"crunch, leg_raise, russian_twist",False,kettlebell,75,85,85,78
77cf9385-5010-413f-8044-51d52be4071c,Low Bar Squat (Barbell),squat,Squat,"leg_press, leg_extension, lunge, leg_curl",True,barbell,95,80,65,95
77cff82e-c904-4210-b5f9-10df1becb83c,Sitting Incline Press Calf Raise On A Chair,calf_raise,Calf Raise,leg_press,False,bodyweight,70,88,95,65
77da6b0f-ad8e-442e-87d3-fda4dc46649e,Garland Pose Malasana,general_stretch,Stretch,,False,bodyweight,70,88,95,65
77e3bf24-455a-4090-afb7-c6e29874356a,Standing Front Heel Tap,general_movement,Standing Front Heel Tap,,False,bodyweight,70,88,95,65
77f89379-6d16-455a-8846-30fe176bf0a1,Kneeling Crunch (Cable),cable_crunch,Cable Crunch,"leg_raise, plank, russian_twist",False,cable,85,88,30,92
780e41e9-8aaa-4156-8482-b6d832adf1d5,Lever Seated Calf Raise (plate Loaded),seated_calf_raise,Seated Calf Raise,leg_press,False,machine,80,75,20,88
7816045a-802c-4ebf-bfbd-2ef10fb06d21,Concentration Curl Arms,concentration_curl,Concentration Curl,"bicep_curl, preacher_curl, hammer_curl",False,bodyweight,70,88,95,65
7826bf36-0f03-4e6a-9644-7dee88200144,Lateral Raise (Cable),lateral_raise,Lateral Raise,"shoulder_press, front_raise, rear_delt_fly",False,cable,85,88,30,92
78394634-8c6c-4a52-9024-c619af122220,Standing Side Crunch,oblique_crunch,Oblique Crunch,"leg_raise, plank, russian_twist",False,bodyweight,70,88,95,65
7843503c-fd8b-47cb-95b1-4c5423ccd7ed,Invisible Chair Pose,general_stretch,Stretch,,False,bodyweight,70,88,95,65
7851f578-5d05-4485-bc4c-502e9d66c061,Triceps Pushdown (V Bar) (Cable),tricep_pushdown,Tricep Pushdown,"tricep_extension, skull_crusher, dip",True,cable,85,88,30,92
785e1ef8-22b5-4a54-9f2e-0e6323836736,Dynamic Bird Dog,general_movement,Dynamic Bird Dog,,False,bodyweight,70,88,95,65
7861f294-aa75-419f-98f2-aa4e2235ae87,Glute Bridge One Leg On Bench,glute_bridge,Glute Bridge,"hip_thrust, romanian_deadlift, leg_curl",False,bodyweight,70,88,95,65
78740577-7c26-41c0-9d8a-0d6fc8613bf5,Prayer Push,general_movement,Prayer Push,,False,bodyweight,70,88,95,65
787480da-5194-4a0c-aedc-672161464c11,Lying Leg Stretched Tap Toe To Knee Opening Knee T,general_stretch,Stretch,,False,bodyweight,70,88,95,65
787e4661-120f-49b0-988e-c536b16ff366,Kneeling Side Leg Circle,leg_exercise,Leg Exercise,"squat, leg_press",False,bodyweight,70,88,95,65
78862952-01c3-4735-b74a-0fadff67e1b9,Stick Sitting Side To Side Twist,general_movement,Stick Sitting Side To Side Twist,,False,bodyweight,70,88,95,65
78a14f3e-12fc-4f85-a351-ec30f0aa9071,Wide Walking On Spot (front Pov),general_movement,Wide Walking On Spot,,False,bodyweight,70,88,95,65
78a24b6f-62d6-4423-a14a-7688d7dd2a96,Side Step Squat Arms Lateral Raise,lateral_raise,Lateral Raise,"shoulder_press, front_raise, rear_delt_fly",False,bodyweight,70,88,95,65
78a4c9b5-69cb-47ca-b5bb-7fc7c0dbfe90,Standing Calf Raise With Arms Circle,calf_raise,Calf Raise,leg_press,False,bodyweight,70,88,95,65
78a5ca12-bc2f-4042-a7cc-c189cce37ef7,Smith Wide Grip Decline Bench Press,decline_bench_press,Decline Bench Press,"bench_press, dip, fly",False,smith_machine,72,70,25,80
78bf6441-8f75-416a-8c9d-6143aff0421e,Lying Leg Tuck Hip Stretch Wth Overhead Hands,hip_stretch,Hip Stretch,,False,bodyweight,70,88,95,65
78c64ccc-aa4a-4f90-ba11-47925d460d71,Side Lunge (Dumbbell),lateral_lunge,Lateral Lunge,"split_squat, step_up, squat, leg_press",False,dumbbell,92,90,92,90
78cb069d-f80d-4415-8782-6c57c322cd59,Seated Alternate In Out Leg Raise Over Bench,leg_raise,Leg Raise,"crunch, plank, reverse_crunch",False,bodyweight,70,88,95,65
78d22a88-ee04-428e-8e7c-688b39d40459,Walking Chest Push On Spot (front Pov),chest_exercise,Chest Exercise,"bench_press, fly",False,bodyweight,70,88,95,65
78d3791f-7f5f-4cdc-8123-ca035dac4c0e,Standing Hip Horizontal Rotation,general_movement,Standing Hip Horizontal Rotation,,False,bodyweight,70,88,95,65
78dbeeb8-ca79-4c78-8ec5-78a915d41544,Lunge Squat (Dumbbell),squat,Squat,"leg_press, leg_extension, lunge, leg_curl",False,dumbbell,92,90,92,90
78de4244-c7b9-4696-b3b2-cc584700bfd6,Weighted Bottle Side Lying Shoulder External Rotat,shoulder_exercise,Shoulder Exercise,"shoulder_press, lateral_raise",False,bodyweight,70,88,95,65
78e2d2d2-310e-4aca-b310-a827bb4f0af1,Tilt And Extend,general_movement,Tilt And Extend,,False,bodyweight,70,88,95,65
78f79eaf-af50-4402-81c7-015aa54ebf0c,Incline Curl (Dumbbell),incline_curl,Incline Curl,"bicep_curl, preacher_curl, hammer_curl",False,dumbbell,92,90,92,90
7914cbb4-7c7d-4432-b2ff-d7756332bebd,90 To 90 To Shin Box Step Through,general_movement,90 To 90 To Shin Box Step Through,,False,bodyweight,70,88,95,65
7916d4a0-9344-45ae-90f7-59815241b016,Seated Shoulder Press (Dumbbell),shoulder_press,Shoulder Press,"lateral_raise, front_raise, tricep_extension",False,dumbbell,92,90,92,90
791fb835-d25f-4905-8705-be4ee78be419,Suspender Extended Plank,plank,Plank,"crunch, leg_raise, russian_twist",True,bodyweight,70,88,95,65
7929bed9-63ad-449d-939b-ab2494531438,Safety Bar Front Squat,front_squat,Front Squat,"leg_press, leg_extension, lunge, leg_curl",False,bodyweight,70,88,95,65
792aa1ce-1c3a-4eff-8804-a7a29d5649b2,Standing Scapular External Rotation (Bodyweight),general_movement,Standing Scapular External Rotation,,False,bodyweight,70,88,95,65
7934f5d7-3097-44e8-bb95-89ea1ab9602d,Standing Wall Slide Squat,squat,Squat,"leg_press, leg_extension, lunge, leg_curl",False,bodyweight,70,88,95,65
79391e88-ff1a-46f2-881d-3d6d21f9ce97,Incline Inner Biceps Curl (Cable),incline_curl,Incline Curl,"bicep_curl, preacher_curl, hammer_curl",False,cable,85,88,30,92
79398236-3763-48c3-85b1-c8a0a623f22e,Side Lying Leg Adduction (Bodyweight),hip_adduction,Hip Adduction,"hip_abduction, sumo_squat, lunge",False,bodyweight,70,88,95,65
793bb346-6455-4c02-8193-b8bea9b2ba4c,Single Straight Leg Glute Bridge Hold,glute_bridge,Glute Bridge,"hip_thrust, romanian_deadlift, leg_curl",False,bodyweight,70,88,95,65
79428695-ec74-4b85-af49-7a194308a53d,Smith Biceps Curl,bicep_curl,Bicep Curl,"hammer_curl, preacher_curl, tricep_extension",False,smith_machine,72,70,25,80
7959411e-6274-43e4-b631-199a59a9411a,Knee Drive,general_movement,Knee Drive,,False,bodyweight,70,88,95,65
796d9dac-e883-4f05-9d30-f5ae1e314486,Leg Raise (Kettlebell),leg_raise,Leg Raise,"crunch, plank, reverse_crunch",False,kettlebell,75,85,85,78
797b76a3-c606-4661-a3da-91383a600cfe,Standing Military Press (without Rack) (Barbell),shoulder_press,Shoulder Press,"lateral_raise, front_raise, tricep_extension",True,barbell,95,80,65,95
7982b41b-3e8a-4eea-b107-0524f6056756,Mountain Climber Cross Kick,mountain_climber,Mountain Climber,"plank, burpee, high_knees",False,bodyweight,70,88,95,65
798fb604-1a5e-484d-9332-f903b4ed2d7f,Lever Seated Triceps Extension (plate Loaded),tricep_extension,Tricep Extension,"tricep_pushdown, skull_crusher, dip, bicep_curl",False,machine,80,75,20,88
79b7d429-269f-4a94-9a44-380fedda9e4c,Side Step Upright Row,upright_row,Upright Row,"lateral_raise, shrug, shoulder_press",False,bodyweight,70,88,95,65
79c15e54-8101-451d-86fb-c4a4d9cd2f92,Goblet Glute Dominant Bulgarian Split Sq (Dumbbell),glute_exercise,Glute Exercise,"hip_thrust, glute_bridge",False,dumbbell,92,90,92,90
79c48805-3f5d-40bd-8647-82403e5bf983,Lateral Shuffle Squat Tap,squat,Squat,"leg_press, leg_extension, lunge, leg_curl",False,bodyweight,70,88,95,65
79d6522d-8924-48b7-a5b8-b82285c9a44a,Weighted Front Raise,front_raise,Front Raise,"shoulder_press, lateral_raise, incline_bench_press",False,bodyweight,70,88,95,65
79d6a4f5-f823-4522-af96-69d046851707,Lever Neck Left Side Flexion (plate Loaded),general_movement,Lever Neck Left Side Flexion,,False,machine,80,75,20,88
79dff7b8-b7ed-4977-8cdb-7c5eb41519e0,Over Bench Wrist Curl (Dumbbell),general_movement,Over Bench Wrist Curl,,False,dumbbell,92,90,92,90
79e7d49c-f9ef-486f-b267-f0045d976b5c,Seated Rotating Boxing Rolls On A Chair,general_movement,Seated Rotating Boxing Rolls On A Chair,,False,bodyweight,70,88,95,65
79e9d022-cc63-4d70-a60c-e59ca4aeb584,Weighted Flutter Kicks,general_movement,Weighted Flutter Kicks,,False,bodyweight,70,88,95,65
79ed4981-b83b-4b55-8af0-262ee6846d2b,Jump Squat II,squat_jump,Squat Jump,"squat, lunge_jump, box_jump",False,bodyweight,70,88,95,65
79fc42a1-8e41-475d-8ccb-ff8e8681f3a2,Alternate Donkey Kick,general_movement,Alternate Donkey Kick,,False,bodyweight,70,88,95,65
7a09bac9-a29e-418f-be01-74869c9e9fd8,Lying Crossed Legs Twist,leg_exercise,Leg Exercise,"squat, leg_press",False,bodyweight,70,88,95,65
7a135ad7-c3f0-4900-b05d-4b6d2365a3f5,Sitting Switching Palm Row On A Chair,bent_over_row,Bent Over Row,"lat_pulldown, face_pull, bicep_curl, rear_delt_fly",False,bodyweight,70,88,95,65
7a1c2d70-4341-48b8-a663-5d2db2402110,Seated Close Grip Concentration Curl (Barbell),concentration_curl,Concentration Curl,"bicep_curl, preacher_curl, hammer_curl",False,barbell,95,80,65,95
7a248673-a954-4bca-a19e-6975f6b2c59c,Palm Up Palm Down Rotation,general_movement,Palm Up Palm Down Rotation,,False,bodyweight,70,88,95,65
7a2fec52-f1e7-4d3e-a9b0-3d76f6120493,Seated Wrist Flexors Stretch,general_stretch,Stretch,,False,bodyweight,70,88,95,65
7a41daf2-8882-4d25-842a-4290e4b0463f,Side Bend Plank,side_plank,Side Plank,"crunch, leg_raise, russian_twist",False,bodyweight,70,88,95,65
7a44260d-5fde-445c-b5da-8924a3ab7928,Bottle Weighted Romanian Deadlift,romanian_deadlift,Romanian Deadlift,"romanian_deadlift, bent_over_row, hip_thrust, squat",False,bodyweight,70,88,95,65
7a561bbe-ed1f-4de2-ac30-441a30aa373b,Lever Belt Sumo Squat,sumo_squat,Sumo Squat,"leg_press, leg_extension, lunge, leg_curl",False,machine,80,75,20,88
7a5bb663-cd83-4354-a41e-24d35a692b42,Seated Neutral Grip Shoulders Press (Band),press,Press,"bench_press, shoulder_press",False,band,60,85,90,50
7a5ccaaf-cd21-4cbe-8f22-1ef1fd71af96,Serratus Push In Side Plank Position,side_plank,Side Plank,"crunch, leg_raise, russian_twist",False,bodyweight,70,88,95,65
7a6198ed-1a80-4652-8275-4e913cfbb110,Single Arm Starfish Crunch (Dumbbell),crunch,Crunch,"leg_raise, plank, russian_twist",False,dumbbell,92,90,92,90
7a74b4cb-0732-49f4-aa5f-7e0f5b244704,Swing Clean Grip Front Squat (Kettlebell),front_squat,Front Squat,"leg_press, leg_extension, lunge, leg_curl",False,kettlebell,75,85,85,78
7a78a2dc-fa89-4052-bff4-5fb6576a2f9d,Air Squat,squat,Squat,"leg_press, leg_extension, lunge, leg_curl",False,bodyweight,70,88,95,65
7a79fe9c-a2c4-4b41-bbd7-1b7f1d4c5426,Weighted Pull Up,pull_up,Pull Up,"lat_pulldown, bent_over_row, bicep_curl",True,bodyweight,70,88,95,65
7a7a360e-4cd1-4868-8a06-520c4eab9c35,Drag Curl (Dumbbell),bicep_curl,Bicep Curl,"hammer_curl, preacher_curl, tricep_extension",True,dumbbell,92,90,92,90
7a7ce3ce-5fec-47a1-97a2-ceca1ce67836,Downward Dog Sprint,running,Running,,False,bodyweight,70,88,95,65
7a8733b6-20b4-4fe0-9ce5-828997db551c,Standing Side Bend,general_movement,Standing Side Bend,,False,bodyweight,70,88,95,65
7a885ea7-aaf2-4077-87c0-6e8499981fda,Chest Fly And Press Up,fly,Chest Fly,"bench_press, incline_fly, push_up",False,bodyweight,70,88,95,65
7a8b5151-7d1b-4e62-8149-63b09b781717,Seated Single Arm Chest Press (Cable),chest_press,Chest Press,"bench_press, fly, tricep_pushdown",False,cable,85,88,30,92
7a94afdc-3324-45db-8953-c93f8c5add24,Alternate Heel Touch Side Kick Squat,squat,Squat,"leg_press, leg_extension, lunge, leg_curl",False,bodyweight,70,88,95,65
7a9f15dd-53eb-4127-8161-fd25bd25301c,Posterior Chain Flexibility Test,general_movement,Posterior Chain Flexibility Test,,False,bodyweight,70,88,95,65
7aa531bb-4dda-4a6a-803a-cecb5c9dd5cf,Lateral Tap In Squat Position (front Pov),front_squat,Front Squat,"leg_press, leg_extension, lunge, leg_curl",False,bodyweight,70,88,95,65
7aafb864-b345-4834-8f94-38180cb25692,Swing Torso Twist,general_movement,Swing Torso Twist,,False,bodyweight,70,88,95,65
7ab4128a-af10-4385-9ef8-b616a45fc9f5,Supinated Grip Pull Apart (Resistance Band),general_movement,Supinated Grip Pull Apart,,False,band,60,85,90,50
7ab41f96-1357-49c5-a1c3-eb2c0e95d2bd,Pendulum Arms Side Leg Raise,leg_raise,Leg Raise,"crunch, plank, reverse_crunch",False,bodyweight,70,88,95,65
7ab6f4b6-e63c-4703-8579-682f29f15e98,Lever Stack Seated Incline Single Arm Chest Press,incline_chest_press,Incline Chest Press,"bench_press, fly, tricep_pushdown",False,machine,80,75,20,88
7ab99d81-8992-4476-b447-5710c162bd7b,Seated Calf Raise (Barbell),seated_calf_raise,Seated Calf Raise,leg_press,False,barbell,95,80,65,95
7abdbb50-2614-4a2e-b88c-a04fa1d056cc,Sitting Opposite Touch On A Chair,general_movement,Sitting Opposite Touch On A Chair,,False,bodyweight,70,88,95,65
7ac51e73-74fa-48df-af72-ebbbd65c4cab,Lying Knee Hugs,general_movement,Lying Knee Hugs,,False,bodyweight,70,88,95,65
7ac69595-95b1-4561-a1d1-e96fe7e98038,Frog Glute Bridge,glute_bridge,Glute Bridge,"hip_thrust, romanian_deadlift, leg_curl",False,bodyweight,70,88,95,65
7ac6eef4-1ac0-4977-895a-fb9532f78056,Lying Elbow To Knee,general_movement,Lying Elbow To Knee,,False,bodyweight,70,88,95,65
7ae6b643-7c0f-41e6-b57a-3601038b553e,Standing Wide Legged Hamstring Stretch,hamstring_stretch,Hamstring Stretch,,False,bodyweight,70,88,95,65
7ae9034f-4226-451d-8a9d-552075b474c2,Squat,squat,Squat,"leg_press, leg_extension, lunge, leg_curl",False,bodyweight,70,88,95,65
7b03034e-6536-4c3b-a561-59e74b2ae6da,Suspender Jack Knife Pike,general_movement,Suspender Jack Knife Pike,,False,bodyweight,70,88,95,65
7b0b6c7c-fb20-4703-aa20-62a0d431db43,Standing Torso Rotation (Band),general_movement,Standing Torso Rotation,,False,band,60,85,90,50
7b128a5f-550a-447c-8f97-91b6a009e184,Seated High Row With A Towel On A Padded Stool,cable_row,Cable Row,"lat_pulldown, face_pull, bicep_curl, rear_delt_fly",False,bodyweight,70,88,95,65
7b131b28-ab94-42d4-8514-3703dc894ae9,Inverted Row On Bench,inverted_row,Inverted Row,"lat_pulldown, face_pull, bicep_curl, rear_delt_fly",False,bodyweight,70,88,95,65
7b1deef6-b82c-4ae0-b4c0-57ce43e8749a,Lying Rest Pose (side Pov),general_stretch,Stretch,,False,bodyweight,70,88,95,65
7b22bae5-98d7-4578-ad51-16a617966fac,Glute Bridge (hands On Bar) (Barbell),glute_bridge,Glute Bridge,"hip_thrust, romanian_deadlift, leg_curl",False,barbell,95,80,65,95
7b23ebd4-38cf-4d63-92ed-a1b1729378eb,Alternate Forward Kick,general_movement,Alternate Forward Kick,,False,bodyweight,70,88,95,65
7b346ce6-b707-486b-aa2f-3dbfca9060a0,Walking Lunge (Dumbbell),walking_lunge,Walking Lunge,"split_squat, step_up, squat, leg_press",False,dumbbell,92,90,92,90
7b39e46f-df25-41a7-995f-6f7d03e42f00,Standing Elbow Together Scoop,general_movement,Standing Elbow Together Scoop,,False,bodyweight,70,88,95,65
7b3a1cf4-b0cf-4a58-a982-6db336ce047a,Lying Swimming Legs,leg_exercise,Leg Exercise,"squat, leg_press",False,bodyweight,70,88,95,65
7b53d0b2-c1d3-4e45-82f0-0e408aecbe2b,Serratus Wall Slide,general_movement,Serratus Wall Slide,,False,bodyweight,70,88,95,65
7b5d851f-ee2e-40de-a008-2ded2dfc525a,Seated Scapular Rotation,general_movement,Seated Scapular Rotation,,False,bodyweight,70,88,95,65
7b5f99f6-8933-4c36-82ab-7399226cd366,One Arm Floor Press (Kettlebell),press,Press,"bench_press, shoulder_press",False,kettlebell,75,85,85,78
7b6c9464-4a1d-426e-95a3-70a5bcb96a0d,Seated Pull Up (legs Elevated),pull_up,Pull Up,"lat_pulldown, bent_over_row, bicep_curl",True,bodyweight,70,88,95,65
7b6ddc70-ad90-4473-908b-a26b8040528d,Table Top Stretch On Chair,general_stretch,Stretch,,False,bodyweight,70,88,95,65
7b7283c0-64e3-498c-b35e-44781a703d17,Bridge Pose,general_stretch,Stretch,,False,bodyweight,70,88,95,65
7b7d19c6-8579-4302-9d9e-e58db29d4628,Balance Board,general_movement,Balance Board,,False,bodyweight,70,88,95,65
7b856e7a-c0f6-40a2-8af0-57ee1f9ce66c,Side Shuffle Leg Side Lift,leg_exercise,Leg Exercise,"squat, leg_press",False,bodyweight,70,88,95,65
7b89b6c6-55f5-4b88-869b-d052bcc17f8d,Glute Ham Raise,raise,Raise,"lateral_raise, front_raise",False,bodyweight,70,88,95,65
7b8d426c-784c-4c32-a54c-cff38e5163fa,Middle Back Stretch,back_stretch,Back Stretch,,False,bodyweight,70,88,95,65
7b917760-d05c-466a-8e4e-02a901b7a3ed,Pass Through (Resistance Band),general_movement,Pass Through,,False,band,60,85,90,50
7b9c98f2-7e29-48b8-930f-3c96bbac2ac2,Mountain Climber Lunge,lunge,Lunge,"split_squat, step_up, squat, leg_press",False,bodyweight,70,88,95,65
7ba6d9cd-bef0-45ea-bb16-ed62c1b09819,Stepback With Hands Raise,raise,Raise,"lateral_raise, front_raise",False,bodyweight,70,88,95,65
7baad776-b567-4fdd-bb7d-ad55c0693120,Standing Wrist Curl (Dumbbell),general_movement,Standing Wrist Curl,,False,dumbbell,92,90,92,90
7babba2e-d444-451b-af4f-48370f26e2f7,Butt Kick With Row,bent_over_row,Bent Over Row,"lat_pulldown, face_pull, bicep_curl, rear_delt_fly",False,bodyweight,70,88,95,65
7bb650af-38bd-4f30-a161-837f5a91403f,Arm Crossover Chest Out,chest_exercise,Chest Exercise,"bench_press, fly",False,bodyweight,70,88,95,65
7bc43727-8362-4f06-829b-4f76d27c3e8b,Glute Bridge Two Legs On Bench,glute_bridge,Glute Bridge,"hip_thrust, romanian_deadlift, leg_curl",False,bodyweight,70,88,95,65
7bda014a-5c62-4c48-adc4-03be135c5a39,Stiff Leg Deadlift (Dumbbell),stiff_leg_deadlift,Stiff Leg Deadlift,"romanian_deadlift, bent_over_row, hip_thrust, squat",False,dumbbell,92,90,92,90
7be40f08-948c-4005-8470-50145fc567c1,Standing Single Leg Hip Swirl With Chair Support,leg_exercise,Leg Exercise,"squat, leg_press",False,bodyweight,70,88,95,65
7bef1049-c8b8-4f18-b2e5-f9aafbd30b30,Crossed Arms Front Leg Kick,arm_exercise,Arm Exercise,"bicep_curl, tricep_extension",False,bodyweight,70,88,95,65
7bff978d-20e4-44ae-91d0-ae826b2b76fd,Overhead Forward Lunge (Bodyweight),lunge,Lunge,"split_squat, step_up, squat, leg_press",False,bodyweight,70,88,95,65
7c039315-8391-4094-a8cb-fbc842f967bd,Alternate Triceps Extension (Cable),tricep_extension,Tricep Extension,"tricep_pushdown, skull_crusher, dip, bicep_curl",False,cable,85,88,30,92
7c06e945-d66c-473b-a574-c4e2ea0fbcdf,Lying Hip Leg Raise (on Floor),leg_raise,Leg Raise,"crunch, plank, reverse_crunch",False,bodyweight,70,88,95,65
7c152950-1799-4242-b99b-1c163ca2e24f,Standing Forward Bend Uttanasana,general_movement,Standing Forward Bend Uttanasana,,False,bodyweight,70,88,95,65
7c191c05-77fe-4e30-8b7b-bab272f6b934,Single Leg Hip Thrust (Dumbbell),hip_thrust,Hip Thrust,"glute_bridge, romanian_deadlift, leg_curl",False,dumbbell,92,90,92,90
7c1b25d2-d218-4a90-bd2b-7765ccc09412,Gate Openers,general_movement,Gate Openers,,False,bodyweight,70,88,95,65
7c1c1e6d-cff5-487d-a0e7-26f94d54cd67,Straight Arm Side Plank,side_plank,Side Plank,"crunch, leg_raise, russian_twist",False,bodyweight,70,88,95,65
7c30afd6-a904-4eae-91b6-1d383040c658,Knee Raise Side Jab,leg_raise,Leg Raise,"crunch, plank, reverse_crunch",False,bodyweight,70,88,95,65
7c4634d4-7752-4bff-9682-cd61c972f8b0,Squat To Side To Front Leg (Bodyweight),front_squat,Front Squat,"leg_press, leg_extension, lunge, leg_curl",False,bodyweight,70,88,95,65
7c4ba370-66d6-4cf9-a7e6-ace2ce6ed1cc,Slow Motion Sprinter,running,Running,,False,bodyweight,70,88,95,65
7c50f5c6-d28a-4bfb-811e-e61b29b6b958,Lever Side Hip Abduction,hip_abduction,Hip Abduction,"hip_adduction, glute_kickback, hip_thrust",False,machine,80,75,20,88
7c617ef6-fb9f-4224-89a4-16414b462ceb,Reverse Grip Triceps Pushdown (SZ Bar) (Cable),tricep_pushdown,Tricep Pushdown,"tricep_extension, skull_crusher, dip",True,cable,85,88,30,92
7c6a481c-e4f1-49a0-ab11-02994927eddc,Incline One Arm Press (Dumbbell),press,Press,"bench_press, shoulder_press",False,dumbbell,92,90,92,90
7c6fb370-c4dd-4897-8d08-51576f81b842,Squat (Kettlebell),squat,Squat,"leg_press, leg_extension, lunge, leg_curl",False,kettlebell,75,85,85,78
7c760daf-f0e3-4f74-b4b9-51f7c32d9a3e,Seated Twist (Band),general_movement,Seated Twist,,False,band,60,85,90,50
7c83f84a-30b2-4e33-991b-072b4a19ba35,Good Morning Side Leg Lift,good_morning,Good Morning,"romanian_deadlift, hip_thrust, back_extension",False,bodyweight,70,88,95,65
7c867070-bb0e-47f1-a367-6fc0d631d28d,Underhand Bent Over Row (Barbell),bent_over_row,Bent Over Row,"lat_pulldown, face_pull, bicep_curl, rear_delt_fly",True,barbell,95,80,65,95
7c87af80-4d57-4dca-a6c2-6cb0609301e2,Suspender Internal Rotation,general_movement,Suspender Internal Rotation,,False,bodyweight,70,88,95,65
7c9aaa57-8cab-48eb-8e5a-0ee834aeab7a,Side Step Boxing Handroll,general_movement,Side Step Boxing Handroll,,False,bodyweight,70,88,95,65
7ca57bed-2341-4202-9fc2-9ecc22c282aa,Lying Floor 6 Inch Hold,general_movement,Lying Floor 6 Inch Hold,,False,bodyweight,70,88,95,65
7caf3d80-4a15-465e-9b0c-ea496612a698,Hanging Oblique Knee Raise On Parallel Bars,hanging_leg_raise,Hanging Leg Raise,"crunch, plank, reverse_crunch",False,bodyweight,70,88,95,65
7cb8b1cb-7ccd-405e-a3e7-2a32cbd7dd0a,Wall Sit From Deficit,general_movement,Wall Sit From Deficit,,False,bodyweight,70,88,95,65
7cb8dda5-cd4c-4643-aa2a-cac972e89e7a,Side Bridge Hip Abduction (star),hip_abduction,Hip Abduction,"hip_adduction, glute_kickback, hip_thrust",False,bodyweight,70,88,95,65
7cbb74d8-2d63-4222-9138-d9f3ebb2a181,Rope Seated Row (Cable),cable_row,Cable Row,"lat_pulldown, face_pull, bicep_curl, rear_delt_fly",True,cable,85,88,30,92
7cc4d982-cd2b-476a-a231-5d9d730341fd,Lizard Lunge (advanced),lunge,Lunge,"split_squat, step_up, squat, leg_press",False,bodyweight,70,88,95,65
7cd36faa-085a-4db1-a239-e7c9a8259548,Lever Rotary Calf,calf_raise,Calf Raise,leg_press,False,machine,80,75,20,88
7cdcb699-6bb9-4c98-bb38-e4f912c36fcd,Forward Backward Lunge (Kettlebell),lunge,Lunge,"split_squat, step_up, squat, leg_press",False,kettlebell,75,85,85,78
7cde3430-22a5-40ff-b8f2-78ca8f44737d,Smith Calf Raise,calf_raise,Calf Raise,leg_press,False,smith_machine,72,70,25,80
7ce81809-f281-493f-b9eb-be4eb272a9fe,Snatch High Pull,snatch,Snatch,"clean, overhead_squat, deadlift",False,bodyweight,70,88,95,65
7cf3c2f6-bcce-49cf-a514-1821b650f6fc,Arm Rotation Knee Lift,arm_exercise,Arm Exercise,"bicep_curl, tricep_extension",False,bodyweight,70,88,95,65
7cfe582d-fa38-40a9-851a-dc8edec2ae6e,Arm Swing Forward Heel Tap,arm_exercise,Arm Exercise,"bicep_curl, tricep_extension",False,bodyweight,70,88,95,65
7d062853-9940-4528-8751-9524b6030ea7,Pushdown (Rope) (Cable) ,tricep_pushdown,Tricep Pushdown,"tricep_extension, skull_crusher, dip",True,cable,85,88,30,92
7d0e8a3a-a66c-4080-942e-56c4d27abcda,Seated Open Wings,general_movement,Seated Open Wings,,False,bodyweight,70,88,95,65
7d11aaf8-5ad9-480b-83a8-e300eeaae7fb,Narrow Grip High Row (Band),bent_over_row,Bent Over Row,"lat_pulldown, face_pull, bicep_curl, rear_delt_fly",False,band,60,85,90,50
7d12eac1-77cf-4663-b136-a6da212a44bf,Serratus Wall Slide With Foam Roll (Resistance Band),general_movement,Serratus Wall Slide With Foam Roll,,False,band,60,85,90,50
7d14d03f-a726-43a6-bf05-1537d91c74db,Clock Push Up,push_up,Push Up,"bench_press, fly, dip, tricep_extension",True,bodyweight,70,88,95,65
7d3622ff-f0cd-4af8-a63d-a9789077b0c2,Seated Hamstring Stretch On A Chair,hamstring_stretch,Hamstring Stretch,,False,bodyweight,70,88,95,65
7d41552e-bb38-4981-a0c0-1f2f33505e7f,Low Chest Press (Cable),chest_press,Chest Press,"bench_press, fly, tricep_pushdown",False,cable,85,88,30,92
7d49b9c5-0df5-446f-ae4d-ac053929d61f,Easy Pose (hands On Face),general_stretch,Stretch,,False,bodyweight,70,88,95,65
7d5d630d-97bd-4ad7-9faa-45c20ff2d6df,Lying Seal Row On Rack (Barbell),bent_over_row,Bent Over Row,"lat_pulldown, face_pull, bicep_curl, rear_delt_fly",True,barbell,95,80,65,95
7d629135-8f8d-40f9-b48c-8cc354b61e7c,Alternating Ankle Touch,general_movement,Alternating Ankle Touch,,False,bodyweight,70,88,95,65
7d638758-3762-46f4-b6dd-b39f0e40513c,One Arm Lateral Bent Over (Cable),arm_exercise,Arm Exercise,"bicep_curl, tricep_extension",False,cable,85,88,30,92
7d654a0e-3a62-4be2-a234-474939bd9d6e,Lying Scissors Cross,general_movement,Lying Scissors Cross,,False,bodyweight,70,88,95,65
7d6f6c57-4bb9-4f46-b7a4-455142918684,Double Jerk (Kettlebell),general_movement,Double Jerk,,False,kettlebell,75,85,85,78
7d74e75e-dc3e-4dcc-90a4-b9a9b604728b,Downward Punch,general_movement,Downward Punch,,False,bodyweight,70,88,95,65
7d89b505-0c24-45bf-90d1-84120153545d,Sitting Alternating Quads Stretch,quad_stretch,Quad Stretch,,False,bodyweight,70,88,95,65
7d8a614c-82cd-4ac4-84c0-83bfae0a6dec,Alternating Band Bicycle Crunch,bicycle_crunch,Bicycle Crunch,"leg_raise, plank, russian_twist",False,bodyweight,70,88,95,65
7d8e5134-6d48-4639-abb2-c82faa192c58,Drag Curl (Dumbbell),bicep_curl,Bicep Curl,"hammer_curl, preacher_curl, tricep_extension",True,dumbbell,92,90,92,90
7d923706-a4a2-4b16-93c4-2ed2ee55b609,Standing Single Delt Row (Cable),bent_over_row,Bent Over Row,"lat_pulldown, face_pull, bicep_curl, rear_delt_fly",False,cable,85,88,30,92
7d994778-f8c4-4c81-89cd-99dc208e92d5,Assisted Chin Up (From Knee) (Band),chin_up,Chin Up,"lat_pulldown, bent_over_row, bicep_curl",False,band,60,85,90,50
7da1fdee-b505-4ced-8382-209327b25f47,Side Lying Hip Internal External Rotation,general_movement,Side Lying Hip Internal External Rotation,,False,bodyweight,70,88,95,65
7da9b517-0d99-4ace-9897-eb4d0ac1c8b0,Seated Shoulder Circle,shoulder_exercise,Shoulder Exercise,"shoulder_press, lateral_raise",False,bodyweight,70,88,95,65
7db1b4cc-51d8-4abb-b343-39bc9049726a,Lever Deadlift (plate Loaded),deadlift,Deadlift,"romanian_deadlift, bent_over_row, hip_thrust, squat",False,machine,80,75,20,88
7db8e8e8-6420-48a2-9ae9-d308b1fed445,Double Punch Front Leg Lift,leg_exercise,Leg Exercise,"squat, leg_press",False,bodyweight,70,88,95,65
7dc271a4-5d13-4320-8c71-5698945ebccb,Side To Side Step With Raise Hands,raise,Raise,"lateral_raise, front_raise",False,bodyweight,70,88,95,65
7dcce1a1-8188-4907-9e67-695654c6032b,Standing Opposite Straight Arm Clasp Raise (left O,raise,Raise,"lateral_raise, front_raise",False,bodyweight,70,88,95,65
7dce220b-fbaf-4952-9c01-d8c508885374,Feet And Ankles Stretch,general_stretch,Stretch,,False,bodyweight,70,88,95,65
7dd0cf6f-fa83-44cd-b632-8a66814af74f,Lying One Arm Supinated Triceps Extension (Dumbbell),tricep_extension,Tricep Extension,"tricep_pushdown, skull_crusher, dip, bicep_curl",False,dumbbell,92,90,92,90
7dd3c1f7-8a74-4de9-85d1-e6d7de061042,Floating Run On Chair,running,Running,,False,bodyweight,70,88,95,65
7df7ed6f-b8a3-4c95-bd13-e32db2c67cfd,Single Arm High To Low Woodchopper (Cable),woodchop,Woodchop,"russian_twist, oblique_crunch, plank",False,cable,85,88,30,92
7df8d247-bfd6-44e9-a3ac-348aee382cb7,Seated Hammer Curl (Dumbbell),hammer_curl,Hammer Curl,"bicep_curl, preacher_curl, reverse_curl",True,dumbbell,92,90,92,90
7df9ff7a-7ab7-4b96-ab32-c76d4c1cfeb1,Pull Up,pull_up,Pull Up,"lat_pulldown, bent_over_row, bicep_curl",True,bodyweight,70,88,95,65
7dff146a-ee70-4a06-84f7-40c0932af16c,Alternate Leg Lift Twist,leg_exercise,Leg Exercise,"squat, leg_press",False,bodyweight,70,88,95,65
7e03c913-db7e-4987-aedc-ead2ce1a3990,Leg Over Head Calve Stretch,general_stretch,Stretch,,False,bodyweight,70,88,95,65
7e0842b5-5713-4102-b73e-6ee70aa94c96,Squat Mobility Complex,general_stretch,Stretch,,False,bodyweight,70,88,95,65
7e0c7bd7-7707-4dc8-bfd2-519c0ebea6ee,Smith Seated Shoulder Press,shoulder_press,Shoulder Press,"lateral_raise, front_raise, tricep_extension",False,smith_machine,72,70,25,80
7e26ab7b-df56-4db6-9850-93be89c80910,Front Crossover Foot Tap,general_movement,Front Crossover Foot Tap,,False,bodyweight,70,88,95,65
7e339a39-ebb1-4e97-9e73-1cc634db3080,Wrist Push Up,push_up,Push Up,"bench_press, fly, dip, tricep_extension",True,bodyweight,70,88,95,65
7e3968ae-a5b9-47b0-9cc6-6f2805b1576a,Ez Bar Lying Straight Arms Pullover,pullover,Pullover,"lat_pulldown, straight_arm_pulldown, fly",False,bodyweight,70,88,95,65
7e48b365-950a-4559-8748-9e837e006ac2,Wide Stance Anti Rotation Chop (Resistance Band),general_movement,Wide Stance Anti Rotation Chop,,False,band,60,85,90,50
7e50679a-f77a-40f5-846e-cc8ed1ddd66f,Triceps Dip (bench Leg),dip,Dip,"bench_press, tricep_pushdown, push_up",True,bodyweight,70,88,95,65
7e5b2a8f-35df-4e9b-8b18-6a0785fc1991,Lever Reverse Vertical Hack Squat,hack_squat,Hack Squat,"leg_press, leg_extension, lunge, leg_curl",True,machine,80,75,20,88
7e69a4c4-6c12-48c8-99aa-e636af00bc66,Standing Reach Up Back Rotation Stretch,back_stretch,Back Stretch,,False,bodyweight,70,88,95,65
7e730860-f6bc-48b5-8ecb-26512593010a,Standing Bent Knee Alternating Calf Raise With A C,calf_raise,Calf Raise,leg_press,False,bodyweight,70,88,95,65
7e8e9002-40d5-4942-a4f8-03d996293e01,Diagonal Punch,general_movement,Diagonal Punch,,False,bodyweight,70,88,95,65
7e95b335-80a7-428c-b22f-16be1db617e2,Shoulder Tap Push Up,push_up,Push Up,"bench_press, fly, dip, tricep_extension",True,bodyweight,70,88,95,65
7ea17482-c694-4050-991e-720d606da8f7,Ceiling Look Stretch,general_stretch,Stretch,,False,bodyweight,70,88,95,65
7ea280bd-776e-423e-9586-2e839862d8bb,Crunch (leg Raise),crunch,Crunch,"leg_raise, plank, russian_twist",True,bodyweight,70,88,95,65
7eb84965-531a-458f-b3c8-265a5ab4c580,Romanian Deadlift Twist,romanian_deadlift,Romanian Deadlift,"romanian_deadlift, bent_over_row, hip_thrust, squat",False,bodyweight,70,88,95,65
7ebde6f1-951f-4578-ac54-014ef070f141,Lunge (Barbell),lunge,Lunge,"split_squat, step_up, squat, leg_press",False,barbell,95,80,65,95
7ec4924f-2d59-419b-9ecc-ce00c505d660,90 To 90 Side Bend Stretch,general_stretch,Stretch,,False,bodyweight,70,88,95,65
7eca30cb-bd94-428b-b60c-f2dd1b8bfa6a,Wall Supported Side Leg Swing,leg_exercise,Leg Exercise,"squat, leg_press",False,bodyweight,70,88,95,65
7ed3c852-8d8b-4b87-b9ad-c0a3f08688b8,Seated Chin Up,chin_up,Chin Up,"lat_pulldown, bent_over_row, bicep_curl",True,bodyweight,70,88,95,65
7ed6a494-da5a-4adb-97f7-e5c4ab870f1a,Head Supported Row (Kettlebell),bent_over_row,Bent Over Row,"lat_pulldown, face_pull, bicep_curl, rear_delt_fly",False,kettlebell,75,85,85,78
7edc15a9-8d25-4d8c-9fb8-1d72f4b334e7,Cocoons,general_movement,Cocoons,,False,bodyweight,70,88,95,65
7ee00e34-57c0-4a21-a747-a8b54a50e1f7,Standing Archer Alternate Arm Row,bent_over_row,Bent Over Row,"lat_pulldown, face_pull, bicep_curl, rear_delt_fly",False,bodyweight,70,88,95,65
7eefb4ee-7f1c-4a60-9734-30c151e04d34,Seated Pigeon Stretch,general_stretch,Stretch,,False,bodyweight,70,88,95,65
7ef7e5e5-a6b6-42f1-b14e-773a3c79e464,Russian Twist Punch,russian_twist,Russian Twist,"oblique_crunch, woodchop, side_plank",False,bodyweight,70,88,95,65
7f03a899-0ca7-42d1-8c51-df26618967bc,Hanging Leg Hip Raise,raise,Raise,"lateral_raise, front_raise",False,bodyweight,70,88,95,65
7f0b33a2-9b43-4aee-a459-852566537fbf,Deep Lunge Thoraic Stretch,general_stretch,Stretch,,False,bodyweight,70,88,95,65
7f0e7ae2-5435-4202-a07b-b5c096596c2f,Twist (Cable),core_exercise,Core Exercise,"crunch, plank",False,cable,85,88,30,92
7f1876fc-b889-405b-aad2-10cf7aa66a2c,Planche Press,press,Press,"bench_press, shoulder_press",False,bodyweight,70,88,95,65
7f1d9ef3-5f7e-49eb-a762-16d6ce4639b0,Bent Leg Side Kick (kneeling) (Resistance Band),leg_exercise,Leg Exercise,"squat, leg_press",False,band,60,85,90,50
7f1f1325-e1e1-4f3a-8e3b-45501d6321d2,Lever Lying Single Leg Curl,lying_leg_curl,Lying Leg Curl,"romanian_deadlift, hip_thrust, leg_extension",False,machine,80,75,20,88
7f261d89-3287-4221-8b9b-800b7ebfed1c,Close Grip Press (Dumbbell),press,Press,"bench_press, shoulder_press",False,dumbbell,92,90,92,90
7f359073-0dec-45fa-a04a-7242442b944c,Incline Fly (Dumbbell),incline_fly,Incline Fly,"fly, incline_bench_press",False,dumbbell,92,90,92,90
7f39510f-d689-4c06-bb95-e79ef41c8ef5,Behind Back Finger Curl (Dumbbell),bicep_curl,Bicep Curl,"hammer_curl, preacher_curl, tricep_extension",True,dumbbell,92,90,92,90
7f46b9ba-b66d-4246-8bb4-1461570d942f,Front Raise (Barbell),front_raise,Front Raise,"shoulder_press, lateral_raise, incline_bench_press",False,barbell,95,80,65,95
7f497736-68d6-4207-ba6f-51f089df95a1,Seated Frog Half To Full Sit Up,crunch,Crunch,"leg_raise, plank, russian_twist",True,bodyweight,70,88,95,65
7f4b49ae-d3b3-476b-91b0-813a3f43aed4,Decline Push Up (kneeling),decline_push_up,Decline Push Up,"bench_press, fly, dip, tricep_extension",False,bodyweight,70,88,95,65
7f4fc9b8-590b-4820-a8ca-eb0f1ea10545,Pull Up (neutral Grip),pull_up,Pull Up,"lat_pulldown, bent_over_row, bicep_curl",True,bodyweight,70,88,95,65
7f5d21bf-8f31-47d0-8107-cc5665b00212,Lying Side Straight Legs Reverse Crunch,reverse_crunch,Reverse Crunch,"leg_raise, plank, russian_twist",False,bodyweight,70,88,95,65
7f61c08c-c00b-4ccc-a0f2-81663e2ab31a,Lying Straight Leg Reverse Crunch,reverse_crunch,Reverse Crunch,"leg_raise, plank, russian_twist",False,bodyweight,70,88,95,65
7fa0d828-7928-45b1-a67d-585ed7c1c91a,Bent Over Neutral Grip Row (Resistance Band),bent_over_row,Bent Over Row,"lat_pulldown, face_pull, bicep_curl, rear_delt_fly",False,band,60,85,90,50
7fa61aaf-900b-4973-a889-6469154ebc23,Incline Twisted Fly (Kettlebell),incline_fly,Incline Fly,"fly, incline_bench_press",False,kettlebell,75,85,85,78
7fab8d6f-ba3a-47e1-8f0d-44cdea4fc03d,Alternating Hamstring Curl With Punches,leg_curl,Leg Curl,"romanian_deadlift, hip_thrust, leg_extension",False,bodyweight,70,88,95,65
7fc94dc6-ebbe-445e-856b-bff512e33c1b,Bent Over Reverse Raise (skier) (Barbell),raise,Raise,"lateral_raise, front_raise",False,barbell,95,80,65,95
7fd7bd68-92e0-474c-b393-2d95597bcfe3,Squat Twist (Band),squat,Squat,"leg_press, leg_extension, lunge, leg_curl",False,band,60,85,90,50
7fd92161-c90b-4318-8818-22e0b16c2c1d,Lat Lean To Cat Cow,general_movement,Lat Lean To Cat Cow,,False,bodyweight,70,88,95,65
7fe6f52c-7999-47b1-b772-14b4b65ef3d1,Low To High Lunge Pose,general_stretch,Stretch,,False,bodyweight,70,88,95,65
7fe7eaf8-72b8-4660-8bbb-9724cbeb626c,Wide Squat (Barbell),squat,Squat,"leg_press, leg_extension, lunge, leg_curl",True,barbell,95,80,65,95
7ff1ca58-c97b-40fb-926f-4b570168a34b,Calf Stretch With Rope,calf_stretch,Calf Stretch,,False,bodyweight,70,88,95,65
7ff9dc97-e783-4493-9d64-0902f54a562f,Standing Hip Flexion (Cable),core_exercise,Core Exercise,"crunch, plank",False,cable,85,88,30,92
8002ac45-605b-4cea-8a9e-46033b1e24da,Plyo Sit Squat (wall),squat,Squat,"leg_press, leg_extension, lunge, leg_curl",False,bodyweight,70,88,95,65
800c7cfc-a72b-458b-a4d9-3e055df57950,Lever Seated Neutral Grip Reverse Fly,rear_delt_fly,Rear Delt Fly,"face_pull, lateral_raise, bent_over_row",False,machine,80,75,20,88
801faae6-ad0a-4fb6-810c-72da5c6d50bc,Penguin Step,general_movement,Penguin Step,,False,bodyweight,70,88,95,65
8032eab9-0d13-4e4e-8fec-1f7ff8586b62,Runners Stretch,general_stretch,Stretch,,False,bodyweight,70,88,95,65
803a1f33-52c4-4d7c-8cec-04a99565430d,Weighted Lying Svend Press,press,Press,"bench_press, shoulder_press",False,bodyweight,70,88,95,65
803a70da-208a-49d3-aa52-7ef6998e16cc,Sumo Squat (Resistance Band),sumo_squat,Sumo Squat,"leg_press, leg_extension, lunge, leg_curl",False,band,60,85,90,50
803f0c9b-0c48-4d59-be26-246c19a76452,Lying Oblique V Up (Bodyweight),v_up,V Up,"crunch, leg_raise, plank",False,bodyweight,70,88,95,65
8045b8c6-4609-4ac9-b360-f1cf32cd0e80,Seated Crunch (Cable),cable_crunch,Cable Crunch,"leg_raise, plank, russian_twist",False,cable,85,88,30,92
80561ff1-4278-4763-9d9a-28a1cc508639,Weighted Dead Hang,general_movement,Weighted Dead Hang,,False,bodyweight,70,88,95,65
8064e88d-8ecd-4c69-9334-b0753eff6fe7,Front Step Half Circle Draw,general_movement,Front Step Half Circle Draw,,False,bodyweight,70,88,95,65
8066644e-660b-46dd-843b-a3a637b8b9d3,Rolling Bridge,general_movement,Rolling Bridge,,False,bodyweight,70,88,95,65
806c037d-a76f-46b2-a861-ba2534c7da4c,High Knee To Butt Kick,high_knees,High Knees,"mountain_climber, burpee, jumping_jack",False,bodyweight,70,88,95,65
806c3386-388c-4c9e-be35-94db1ee48359,Elbow Flexion,general_movement,Elbow Flexion,,False,bodyweight,70,88,95,65
806cc9fc-1fb0-44a2-bb75-8b8d5608d40f,Two Legs Calf Raise (band Under Both Legs) (Band),calf_raise,Calf Raise,leg_press,False,band,60,85,90,50
806d0cae-2287-47fa-8223-d53bb4520d2b,Brettzel,general_movement,Brettzel,,False,bodyweight,70,88,95,65
806d1488-be70-4917-b728-0e650843efda,Alternating Shoulder Flexion Back To Wall (Y Raise,raise,Raise,"lateral_raise, front_raise",False,bodyweight,70,88,95,65
806d2948-c8dc-4efc-9cfe-e2f20eaf9f5e,Incline Triceps Extension (Band),tricep_extension,Tricep Extension,"tricep_pushdown, skull_crusher, dip, bicep_curl",False,band,60,85,90,50
8071a1ac-676c-45bc-ac84-76500f82b97e,Two Arm Military Press (Kettlebell),shoulder_press,Shoulder Press,"lateral_raise, front_raise, tricep_extension",False,kettlebell,75,85,85,78
80727bad-d6f2-4056-add7-89b8b346297f,Elbow To Arm Open Side Step,arm_exercise,Arm Exercise,"bicep_curl, tricep_extension",False,bodyweight,70,88,95,65
80811757-d2ac-4166-ad4f-336580cee6d0,Sideward Shuffle,general_movement,Sideward Shuffle,,False,bodyweight,70,88,95,65
8085f221-7919-4cba-988e-aa97012acfb3,Seated Thumbs Up Pulse,general_movement,Seated Thumbs Up Pulse,,False,bodyweight,70,88,95,65
808feb85-477e-4460-8745-0c551b59a7c3,Lateral Step Up (Bodyweight),step_up,Step Up,"lunge, split_squat, squat",False,bodyweight,70,88,95,65
80963d54-55a1-497d-9768-249f1dbd2942,Wall Sit (narrow Stance),bent_over_row,Bent Over Row,"lat_pulldown, face_pull, bicep_curl, rear_delt_fly",False,bodyweight,70,88,95,65
80a05fed-54e3-453b-ad02-e0514c841992,High Jump Rope,general_movement,High Jump Rope,,False,bodyweight,70,88,95,65
80a4fcdb-da68-4e18-8bb4-28d372b5e23c,Quadriceps Stretch,quad_stretch,Quad Stretch,,False,bodyweight,70,88,95,65
80b7942e-2856-4482-b603-6c0fc1c9d455,Weighted Full Squat From Deficit,squat,Squat,"leg_press, leg_extension, lunge, leg_curl",False,bodyweight,70,88,95,65
80be258a-4009-4c8c-a600-dfdde2231142,Step Up On Box,step_up,Step Up,"lunge, split_squat, squat",False,bodyweight,70,88,95,65
80e28c20-f651-422d-9b58-dc51fcdb6449,Back Squat (Kettlebell),squat,Squat,"leg_press, leg_extension, lunge, leg_curl",False,kettlebell,75,85,85,78
80e2b448-54fb-41d9-92b0-c84a9a49e5f8,90 To 90 Overhead Reach,general_movement,90 To 90 Overhead Reach,,False,bodyweight,70,88,95,65
80f0b142-7fac-45c4-a212-dfa05c5039da,Easy Pose (hands Behind Interlocked And Bend Forwa,general_stretch,Stretch,,False,bodyweight,70,88,95,65
80f8c86b-5943-412a-9b18-357dcdc5642d,Hip Extension Stretch,hip_stretch,Hip Stretch,,False,bodyweight,70,88,95,65
811033e1-da30-40e3-b944-5df10d9e01a7,Chair Sit Alternate Heel Raise Against Wall,raise,Raise,"lateral_raise, front_raise",False,bodyweight,70,88,95,65
81122607-7bd9-48cc-a804-fb8741a7ce5d,Handstand Walk,general_movement,Handstand Walk,,False,bodyweight,70,88,95,65
8120a576-6baa-46e9-9821-528023e1fd4d,Decline Diamond Push Up,decline_push_up,Decline Push Up,"bench_press, fly, dip, tricep_extension",False,bodyweight,70,88,95,65
81273abf-0be2-4f13-86d7-ff8caac8f538,X Side Walk (Resistance Band),general_movement,X Side Walk,,False,band,60,85,90,50
81332997-8537-4c7e-ba28-04ed5699af1e,Standing Upright Palms Back Squeeze,back_exercise,Back Exercise,"bent_over_row, lat_pulldown",False,bodyweight,70,88,95,65
8134810b-f66f-4d2c-97f4-4edfcd827d1b,Standing Back Pulsing Raise,raise,Raise,"lateral_raise, front_raise",False,bodyweight,70,88,95,65
81352023-bd5e-4c8a-97b7-77a43ade2eed,Step Out And Side Leg Lift,leg_exercise,Leg Exercise,"squat, leg_press",False,bodyweight,70,88,95,65
8135d31f-0ad8-4f6e-88e9-6b4dd90ddaac,Rear Pulldown (Cable),lat_pulldown,Lat Pulldown,"pull_up, bent_over_row, bicep_curl, face_pull",True,cable,85,88,30,92
8139c577-9008-4d73-9d47-68be6371412f,Kneeling Single Hamstring Curl,leg_curl,Leg Curl,"romanian_deadlift, hip_thrust, leg_extension",False,bodyweight,70,88,95,65
813cd69a-0309-4fbe-b9cd-ad576aff7a02,Warrior Pose I Virabhadrasana,general_stretch,Stretch,,False,bodyweight,70,88,95,65
8147a513-d27e-4df4-99a2-b8c9fd11e614,Push Up Inside Leg Kick,push_up,Push Up,"bench_press, fly, dip, tricep_extension",True,bodyweight,70,88,95,65
814c47fd-3fb3-4af5-a0ee-02968e2dfd6f,Roll Hamstrings Sitting On Floor,hamstring_exercise,Hamstring Exercise,"leg_curl, romanian_deadlift",False,bodyweight,70,88,95,65
814cbd46-983b-4153-a72a-2201d8713081,Standing Chest Cross Stretch,chest_stretch,Chest Stretch,,False,bodyweight,70,88,95,65
8163c6f7-55f7-4ddd-9485-d9fd7e28bf3b,Standing Single Arm Lateral Shoulder (Resistance Band),shoulder_exercise,Shoulder Exercise,"shoulder_press, lateral_raise",False,band,60,85,90,50
81690397-723c-40d9-862d-513fd71a456a,Glute Bridge Hip Abduction,glute_bridge,Glute Bridge,"hip_thrust, romanian_deadlift, leg_curl",False,bodyweight,70,88,95,65
817c26f8-bc44-4b9b-9d50-cb5d31df9939,Lever Air Walk,general_movement,Lever Air Walk,,False,machine,80,75,20,88
8199f2ec-614d-4982-b389-5ff471297f18,Front Plank To Toe Tap,plank,Plank,"crunch, leg_raise, russian_twist",True,bodyweight,70,88,95,65
819ebee3-9c08-48e8-8aec-a28e1b4c96c4,Incline Powell Raise (Dumbbell),raise,Raise,"lateral_raise, front_raise",False,dumbbell,92,90,92,90
81a8ac7e-8f94-4404-b2f1-85543802c877,Suspender Single Leg Split Squat,split_squat,Split Squat,"leg_press, leg_extension, lunge, leg_curl",False,bodyweight,70,88,95,65
81abdaa9-1541-4b8e-b9f1-bebecec3de93,Weighted Chains Lying Bench Fly,fly,Chest Fly,"bench_press, incline_fly, push_up",False,bodyweight,70,88,95,65
81aee896-f7bf-4227-baab-78bffe2e66de,Bird Dog Plank,plank,Plank,"crunch, leg_raise, russian_twist",True,bodyweight,70,88,95,65
81b29fea-5621-481d-b3b8-0c4f5f3a0630,Lying One Arm Rear Lateral Raise (Dumbbell),lateral_raise,Lateral Raise,"shoulder_press, front_raise, rear_delt_fly",True,dumbbell,92,90,92,90
81b67b74-b030-4aeb-9f86-661480970f4c,Side Step Triceps Kickback,tricep_kickback,Tricep Kickback,"tricep_extension, tricep_pushdown, dip",False,bodyweight,70,88,95,65
81b6be94-4c72-4d64-aff2-fc22eb04d3ec,Lever Standing Leg Raise,leg_raise,Leg Raise,"crunch, plank, reverse_crunch",False,machine,80,75,20,88
81bde4bf-4aeb-4e8a-b9bc-6879a2d497ac,Crossover Variation (Cable),core_exercise,Core Exercise,"crunch, plank",False,cable,85,88,30,92
81d99104-d5c5-4c35-8fb7-ac311dd737c0,Arm Circle Stepback,back_exercise,Back Exercise,"bent_over_row, lat_pulldown",False,bodyweight,70,88,95,65
81df338e-984f-4c73-8241-0ccc49f84858,Lever Side Seated Single Arm Rear Delt Fly,rear_delt_fly,Rear Delt Fly,"face_pull, lateral_raise, bent_over_row",False,machine,80,75,20,88
81e438fa-224f-4982-9452-f48184681865,Standing Elbow Together Scoop,general_movement,Standing Elbow Together Scoop,,False,bodyweight,70,88,95,65
81e530d9-0c1a-4405-9b93-afd7054c769f,Seated Lats Stretch On A Chair,back_stretch,Back Stretch,,False,bodyweight,70,88,95,65
81e7154d-9a60-4e01-b4e5-d9e2371fa223,Decline Crunch,crunch,Crunch,"leg_raise, plank, russian_twist",True,bodyweight,70,88,95,65
81f2d498-0657-4ea9-9df9-2e4b1a909a1e,Incline Wide Reverse Grip Bench Press (Barbell),incline_bench_press,Incline Bench Press,"bench_press, incline_fly, shoulder_press",True,barbell,95,80,65,95
81fb4e3d-f8d4-4129-b90a-ade9d6660d93,Shoulder Tap Push Up,push_up,Push Up,"bench_press, fly, dip, tricep_extension",True,bodyweight,70,88,95,65
8200bd25-eec5-43f0-88d4-36734666e160,Cossack Squats (Dumbbell),squat,Squat,"leg_press, leg_extension, lunge, leg_curl",False,dumbbell,92,90,92,90
820b20ac-1d6f-4e4f-ac2b-e545d66a0062,2 Point Bench Press (Dumbbell),bench_press,Bench Press,"incline_bench_press, fly, tricep_pushdown, dip",False,dumbbell,92,90,92,90
821d4327-86f1-448c-a843-284a584647c1,Pullover (stability Ball) (Dumbbell),pullover,Pullover,"lat_pulldown, straight_arm_pulldown, fly",False,dumbbell,92,90,92,90
8220a3a5-40a4-48f2-a731-c06c0cf14a63,High To Side Hip Stretch,hip_stretch,Hip Stretch,,False,bodyweight,70,88,95,65
8227218f-30e1-4beb-9350-c6e869c2c1e5,Hip And Knee Flexion Squatting Stretch,hip_stretch,Hip Stretch,,False,bodyweight,70,88,95,65
82290361-3afe-43af-bb20-95e29b0c29d9,Split Stance Biceps Curl (Dumbbell),bicep_curl,Bicep Curl,"hammer_curl, preacher_curl, tricep_extension",True,dumbbell,92,90,92,90
8233f5c3-da0c-4181-b0d9-1974d4c23f07,One Leg Kickback (bent Position) (Resistance Band),back_exercise,Back Exercise,"bent_over_row, lat_pulldown",False,band,60,85,90,50
825322f8-2c36-4cbf-9a2a-3495a59a7c5d,Revolved Triangle Pose,general_stretch,Stretch,,False,bodyweight,70,88,95,65
8259c082-c21a-4842-a5d4-5155b4057736,Butt Kick With Shoulder Tap,shoulder_exercise,Shoulder Exercise,"shoulder_press, lateral_raise",False,bodyweight,70,88,95,65
82629364-3b3f-4d3a-8b64-21b05f8a038c,Squat And 5 Bounces,squat,Squat,"leg_press, leg_extension, lunge, leg_curl",False,bodyweight,70,88,95,65
82706f20-f2d0-4ba5-bbd8-976f4ab0a58d,Rear Lunge (Kettlebell),lunge,Lunge,"split_squat, step_up, squat, leg_press",False,kettlebell,75,85,85,78
8286e181-77f9-42f1-97dc-5039236a53d1,Wide Mountain Hop,general_movement,Wide Mountain Hop,,False,bodyweight,70,88,95,65
8287ec12-874f-4960-92fc-ffa5c6d8d046,Lunge Stretch,general_stretch,Stretch,,False,bodyweight,70,88,95,65
8298e85e-7307-4143-a631-2f5968e0146a,Lying Alternating Slight Bent Back Leg Raise,leg_raise,Leg Raise,"crunch, plank, reverse_crunch",False,bodyweight,70,88,95,65
82b38c53-2b27-4242-8920-d07bf8569d40,Partner Assisted Pull Up,pull_up,Pull Up,"lat_pulldown, bent_over_row, bicep_curl",True,bodyweight,70,88,95,65
82bd977a-67a3-407f-b9e1-00ac9fd6d1a6,Walking On Spot Punch,general_movement,Walking On Spot Punch,,False,bodyweight,70,88,95,65
82c53356-0ab7-40a8-8c9a-0d9003cb44f9,Back Hugs Chest Stretch,chest_stretch,Chest Stretch,,False,bodyweight,70,88,95,65
82d39e9b-c453-4fb0-8ef4-a4cdcb32c175,Standing Chest Press (Band),chest_press,Chest Press,"bench_press, fly, tricep_pushdown",False,band,60,85,90,50
82d946bd-586c-43e0-80ce-dd3bfd092c5e,Deep Lunge To Hamstring Stretch,hamstring_stretch,Hamstring Stretch,,False,bodyweight,70,88,95,65
82e38e12-e979-43b1-94e8-44c364a69023,Sitting Floor Side To Side Leg Raise In Out Crunch,oblique_crunch,Oblique Crunch,"leg_raise, plank, russian_twist",False,bodyweight,70,88,95,65
82ee70dc-676c-4b25-91d5-48f1e26ef7d9,Lying One Arm Press (Dumbbell),press,Press,"bench_press, shoulder_press",False,dumbbell,92,90,92,90
82fe3921-926b-44e8-9450-05ef91be1a60,Hundred,general_movement,Hundred,,False,bodyweight,70,88,95,65
830b2117-02e4-4a0b-9e16-720c45ad4bb3,Knee In And Out Crunch,crunch,Crunch,"leg_raise, plank, russian_twist",True,bodyweight,70,88,95,65
8310c372-00da-49ef-bd31-65da67ff4567,Side Duck Side,general_movement,Side Duck Side,,False,bodyweight,70,88,95,65
832af955-9aab-415e-9085-d964befe5311,Seated One Arm Concentration Curl (Cable),concentration_curl,Concentration Curl,"bicep_curl, preacher_curl, hammer_curl",False,cable,85,88,30,92
8333141e-71a7-4411-97bf-bfddf9e8a53e,Assisted Inverse Leg Curl (Cable),leg_exercise,Leg Exercise,"squat, leg_press",False,cable,85,88,30,92
8337d269-cf5b-441f-98fa-41ed9d6aeabf,Incline Shrug (Dumbbell),shrug,Shrug,"upright_row, deadlift, bent_over_row",False,dumbbell,92,90,92,90
833d939c-975e-4a09-86f4-088262e2aa62,Burpee Squat,squat,Squat,"leg_press, leg_extension, lunge, leg_curl",False,bodyweight,70,88,95,65
836bd182-a91d-430b-91d9-0b3af4a22178,Standing Double Crunch,crunch,Crunch,"leg_raise, plank, russian_twist",True,bodyweight,70,88,95,65
8371d644-1c65-4f1e-ab30-ef986e825f84,Standing Crossover (Cable),core_exercise,Core Exercise,"crunch, plank",False,cable,85,88,30,92
8373df9c-aa62-45f3-bb14-2ac6e10aeb4e,Spin Hook Kick,general_movement,Spin Hook Kick,,False,bodyweight,70,88,95,65
837b8c4c-0e7d-444d-a358-65212505f82a,Offset Leg Push Up,push_up,Push Up,"bench_press, fly, dip, tricep_extension",True,bodyweight,70,88,95,65
837f322d-d814-415e-82d3-938f2ba088a1,Arms Full Circle Squat,squat,Squat,"leg_press, leg_extension, lunge, leg_curl",False,bodyweight,70,88,95,65
838c6ac5-270b-4fbd-a16e-e85a89169b02,Ceiling Look Stretch,general_stretch,Stretch,,False,bodyweight,70,88,95,65
83a283a0-a10a-4b60-b292-6a25eaa9c2a3,Standing Butt Kick Side And Front Push,general_movement,Standing Butt Kick Side And Front Push,,False,bodyweight,70,88,95,65
83a78584-8452-4af1-aa18-23e72fa7837d,Lever Alternating Pullover (plate Loaded),pullover,Pullover,"lat_pulldown, straight_arm_pulldown, fly",False,machine,80,75,20,88
83b0a6a3-874a-4d13-a575-1053a0e20147,Hip Thrust (bench Or Rack) (Barbell),hip_thrust,Hip Thrust,"glute_bridge, romanian_deadlift, leg_curl",False,barbell,95,80,65,95
83ba096a-f982-442b-9fde-51614c718221,Standing Single Arm Biceps Curl (Dumbbell),bicep_curl,Bicep Curl,"hammer_curl, preacher_curl, tricep_extension",True,dumbbell,92,90,92,90
83c672df-4044-4261-9943-915d0c638d28,Supported Squat (Dumbbell),squat,Squat,"leg_press, leg_extension, lunge, leg_curl",False,dumbbell,92,90,92,90
83ca1d52-3ba5-4e3d-b952-876b7cd28219,Single Lean Back Quadriceps Stretch,quad_stretch,Quad Stretch,,False,bodyweight,70,88,95,65
83ce2b52-a1d4-467e-9045-0c07e0f2bdc4,Bicycle Crunch,bicycle_crunch,Bicycle Crunch,"leg_raise, plank, russian_twist",False,bodyweight,70,88,95,65
83cfc9a6-cbb4-460c-a7ae-519bcf823a96,One Arm Clean (Kettlebell),clean,Clean,"deadlift, front_squat, snatch, shrug",False,kettlebell,75,85,85,78
83da06ee-fe21-46e9-a099-69bc89d24931,Lateral Hops,general_movement,Lateral Hops,,False,bodyweight,70,88,95,65
83da135f-f0da-499a-9413-bfd94e4d7913,Lever Seated Reverse Fly,rear_delt_fly,Rear Delt Fly,"face_pull, lateral_raise, bent_over_row",False,machine,80,75,20,88
83ddd59f-49d3-4615-9bbb-bb1abda00434,Seated Over Head Straight Arm Stretch,general_stretch,Stretch,,False,bodyweight,70,88,95,65
83e55eaa-934b-4f9c-9666-186b9a3ad5c0,Assisted Chest Dip (kneeling),dip,Dip,"bench_press, tricep_pushdown, push_up",True,bodyweight,70,88,95,65
83e89f18-5d8c-4b61-b978-061898970870,Frog Hops,general_movement,Frog Hops,,False,bodyweight,70,88,95,65
83fbb081-7b0e-4ad1-892e-e512dada2417,Lying Straight Arm Press On Floor (Dumbbell),press,Press,"bench_press, shoulder_press",False,dumbbell,92,90,92,90
83fe6be5-70b6-40f4-a55b-e05a6a807919,Weighted Hang Chin Up,chin_up,Chin Up,"lat_pulldown, bent_over_row, bicep_curl",True,bodyweight,70,88,95,65
8401b279-eded-422c-8fb7-f741177362c2,Landmine Standing Side Bend,general_movement,Landmine Standing Side Bend,,False,bodyweight,70,88,95,65
840e04bd-c271-4871-9b73-785e37e05e01,Triceps Press (head Below Bench),press,Press,"bench_press, shoulder_press",False,bodyweight,70,88,95,65
841705c7-4522-4f45-a55f-1ee874c15cfe,Seated Side Leg Press On Chair,leg_press,Leg Press,"squat, leg_extension, leg_curl, hack_squat",False,bodyweight,70,88,95,65
8419dc0a-a79a-4331-b8c0-8110d0407acf,Prone I Stretch,general_stretch,Stretch,,False,bodyweight,70,88,95,65
841cfc22-1fee-4870-bfa0-0513b11d287d,Standing Balance Quadriceps Stretch,quad_stretch,Quad Stretch,,False,bodyweight,70,88,95,65
84241262-2a8b-4d03-abc9-f43918bfe242,Hip Raise (bent Knee),raise,Raise,"lateral_raise, front_raise",False,bodyweight,70,88,95,65
8425ed13-2ddc-4cd1-be0d-4bad8add221e,Stationary Bike Run,running,Running,,False,bodyweight,70,88,95,65
842d1d7e-05fb-4622-a100-461e73eb7f16,Lever Seated Hip Adduction,hip_adduction,Hip Adduction,"hip_abduction, sumo_squat, lunge",False,machine,80,75,20,88
843260e9-48c7-4563-8606-8ccb0da8434b,Kneeling Leg Circle,leg_exercise,Leg Exercise,"squat, leg_press",False,bodyweight,70,88,95,65
843360c1-3833-4db2-89ff-463011d0b880,Elbow Touch To Outer Throw,bent_over_row,Bent Over Row,"lat_pulldown, face_pull, bicep_curl, rear_delt_fly",False,bodyweight,70,88,95,65
843ec2ca-f9b0-46f4-b5b7-e88bfcaf828d,Smith Reverse Grip Bent Over Row,bent_over_row,Bent Over Row,"lat_pulldown, face_pull, bicep_curl, rear_delt_fly",False,smith_machine,72,70,25,80
8447048e-1090-459f-8e98-583769a73c85,Elbow Planche,general_movement,Elbow Planche,,False,bodyweight,70,88,95,65
844cad9d-09fc-421e-8470-180b69839aaa,Incline Shoulders Press (Barbell),press,Press,"bench_press, shoulder_press",False,barbell,95,80,65,95
845380bb-97d3-46c7-816a-0cfa5b0e6463,Prone Incline Seal Row (Dumbbell),bent_over_row,Bent Over Row,"lat_pulldown, face_pull, bicep_curl, rear_delt_fly",False,dumbbell,92,90,92,90
845b329a-a48e-43b9-a68f-9dc98357fbd5,Glute Bridge Chest Press (Dumbbell),chest_press,Chest Press,"bench_press, fly, tricep_pushdown",False,dumbbell,92,90,92,90
847dd54c-f201-4cab-98d3-c57979d32e77,Seated High Pulley Overhead Triceps Extension (Cable),overhead_tricep_extension,Overhead Tricep Extension,"tricep_pushdown, skull_crusher, dip, bicep_curl",False,cable,85,88,30,92
848401e2-c446-444d-b73e-f8920b49a431,Suspender Lunge Back Crossover,lunge,Lunge,"split_squat, step_up, squat, leg_press",False,bodyweight,70,88,95,65
84917865-a798-4b29-957f-7bc67a7cdff7,Stepback Row,bent_over_row,Bent Over Row,"lat_pulldown, face_pull, bicep_curl, rear_delt_fly",False,bodyweight,70,88,95,65
84a539c8-d534-4e13-bd51-6640270c9c37,Side Step Up Down Punch Twist,step_up,Step Up,"lunge, split_squat, squat",False,bodyweight,70,88,95,65
84a803de-f52a-4246-b418-45f742119431,Lever Lying Single Arm Full Chest Press (plate Loa,chest_press,Chest Press,"bench_press, fly, tricep_pushdown",True,machine,80,75,20,88
84c73a3d-8533-414b-8e62-0f3fdbbf778d,Side Lying Kickout,general_movement,Side Lying Kickout,,False,bodyweight,70,88,95,65
84d1038e-f504-4ad3-9fa4-e7b820753176,Shrug (on Parallel Bars),shrug,Shrug,"upright_row, deadlift, bent_over_row",False,bodyweight,70,88,95,65
84daa367-6ecb-4235-bc30-5a6cbbaffff3,Clean Grip Reverse Lunge (Kettlebell),reverse_lunge,Reverse Lunge,"split_squat, step_up, squat, leg_press",False,kettlebell,75,85,85,78
84db68a8-4977-44c6-a719-1d6b6f0f63f6,Sitting Chest Stretch On A Chair,chest_stretch,Chest Stretch,,False,bodyweight,70,88,95,65
84e109b0-8958-4cb7-a2f4-ab24760e8cfb,Lateral Shuffle Squat Tap,squat,Squat,"leg_press, leg_extension, lunge, leg_curl",False,bodyweight,70,88,95,65
84e44567-1652-435f-bf37-25b2cee04d67,Hands Behind Double Superman Pulse,general_movement,Hands Behind Double Superman Pulse,,False,bodyweight,70,88,95,65
84e7f1e4-ea75-4770-a53b-1d65e4186c8f,Incline Finger Press,press,Press,"bench_press, shoulder_press",False,bodyweight,70,88,95,65
84f5aae4-89d9-4a07-8b58-82325b18bcf0,Sitting Jack On A Chair,general_movement,Sitting Jack On A Chair,,False,bodyweight,70,88,95,65
84f9056d-89df-4cb2-8f88-2c94a6b16707,Lever Front Pulldown,lat_pulldown,Lat Pulldown,"pull_up, bent_over_row, bicep_curl, face_pull",False,machine,80,75,20,88
8506c0f5-df67-45b8-97e5-ce193cbc3715,Lever Decline Chest Press,chest_press,Chest Press,"bench_press, fly, tricep_pushdown",True,machine,80,75,20,88
85337f61-fcb9-415d-9245-1fe63450e090,Lying Raised Glute Abduction Around The World,hip_abduction,Hip Abduction,"hip_adduction, glute_kickback, hip_thrust",False,bodyweight,70,88,95,65
8534b76f-8782-4998-8cd3-082c9e4e7073,Low Lunge Twist,lunge,Lunge,"split_squat, step_up, squat, leg_press",False,bodyweight,70,88,95,65
85396ccd-b4a7-426f-8b8b-2473d44fa76b,Chest Out Hands Behind (hold),chest_exercise,Chest Exercise,"bench_press, fly",False,bodyweight,70,88,95,65
85398779-1bdb-4449-8faf-6e14c4d4c536,Standing Around The World (Bodyweight),general_movement,Standing Around The World,,False,bodyweight,70,88,95,65
8539cb4d-92aa-4cfa-863d-3d7b416cb1d2,Four Limbed Staff,general_movement,Four Limbed Staff,,False,bodyweight,70,88,95,65
8543ad81-3068-4162-a10b-3fe406d83fdb,Side To Side Leg Swings,leg_exercise,Leg Exercise,"squat, leg_press",False,bodyweight,70,88,95,65
855f13e1-fbc2-4336-823b-f7334a1a8630,Standing Alternate Biceps Curl (Band),bicep_curl,Bicep Curl,"hammer_curl, preacher_curl, tricep_extension",False,band,60,85,90,50
856374cc-01aa-4cd3-b882-d6b1cf317e2e,Sitting Press Up On A Chair,press,Press,"bench_press, shoulder_press",False,bodyweight,70,88,95,65
85709385-6c40-484b-a0ca-8c0a43f7a8b2,High Row With Chest Support (Cable),bent_over_row,Bent Over Row,"lat_pulldown, face_pull, bicep_curl, rear_delt_fly",False,cable,85,88,30,92
857cc5d3-47f9-4a88-898a-970026ac1a46,V Up (Dumbbell),v_up,V Up,"crunch, leg_raise, plank",False,dumbbell,92,90,92,90
857cf604-78e0-4819-835d-1b7035186abe,V Hold (beginner Level),general_movement,V Hold,,False,bodyweight,70,88,95,65
857f1b4b-4008-4a28-a599-c020ecf38337,Plank Jack (Dumbbell),plank,Plank,"crunch, leg_raise, russian_twist",False,dumbbell,92,90,92,90
85821f08-6a2d-485e-ba8f-f341cd14b44c,Decline Lying Leg Curl (Dumbbell),leg_exercise,Leg Exercise,"squat, leg_press",False,dumbbell,92,90,92,90
85833836-b497-495e-ab43-324b3657e8f2,Stepjack Back Squeeze,back_exercise,Back Exercise,"bent_over_row, lat_pulldown",False,bodyweight,70,88,95,65
858723c5-a496-434c-b522-a82dfa08fe77,Bench Dip (knees Bent),bench_dip,Bench Dip,"bench_press, tricep_pushdown, push_up",False,bodyweight,70,88,95,65
858f14d6-4361-4b89-8cc6-312380c59514,Single Starfish Crunch,crunch,Crunch,"leg_raise, plank, russian_twist",True,bodyweight,70,88,95,65
85a6826e-13eb-4409-8171-201db3bef280,Elevated Two Legs Hip Thrust,hip_thrust,Hip Thrust,"glute_bridge, romanian_deadlift, leg_curl",False,bodyweight,70,88,95,65
85b7f54f-882e-40bd-8601-1961e8f4b28e,Y Leg Squeeze And Curl,curl,Curl,"bicep_curl, hammer_curl",False,bodyweight,70,88,95,65
85bf4e3c-f4c1-4adb-8ad1-5e0745d770aa,Sideways Lifts Vertical Turn (straight Legs),leg_exercise,Leg Exercise,"squat, leg_press",False,bodyweight,70,88,95,65
85d13a4f-070a-44d8-86e2-f22b5c701903,Warrior II To Downward Facing Dog Pose,general_stretch,Stretch,,False,bodyweight,70,88,95,65
85e3c349-1d55-446e-8fd2-e6962f0b6560,Lever Single Leg Deadlift On Hack Squat Machine,hack_squat,Hack Squat,"leg_press, leg_extension, lunge, leg_curl",True,machine,80,75,20,88
85e62312-27bc-4c62-b572-8853e0ceecf4,Sitting Opposite Grab On A Chair,core_exercise,Core Exercise,"crunch, plank",False,bodyweight,70,88,95,65
85f2ed42-21b3-4df2-8e8a-949311649b53,Behind The Back Triceps Dip (Cable),dip,Dip,"bench_press, tricep_pushdown, push_up",False,cable,85,88,30,92
85f38bb8-1113-458d-85aa-b82fcf83ae9c,Prone Rear Delt Swing (Kettlebell),rear_delt_fly,Rear Delt Fly,"face_pull, lateral_raise, bent_over_row",False,kettlebell,75,85,85,78
8622d940-9797-4dbe-aa40-7d0a76b1f604,Kneeling Cobra Push Up,push_up,Push Up,"bench_press, fly, dip, tricep_extension",True,bodyweight,70,88,95,65
862a8f56-f4d8-4890-81f6-001a135b35c2,Double Knee Thrust And Swipe,general_movement,Double Knee Thrust And Swipe,,False,bodyweight,70,88,95,65
862b0f02-5577-453b-9496-7f9e44430822,Kneeling Quadriceps Stretch,quad_stretch,Quad Stretch,,False,bodyweight,70,88,95,65
862fef1c-b300-4ab1-a8dc-ca448b3f0891,Lying Alternating Legs Extension,extension,Extension,"tricep_extension, leg_extension",False,bodyweight,70,88,95,65
86495770-f1c9-4313-a852-15cc8cd2d32e,Standing Balance Ankle Rotation,general_movement,Standing Balance Ankle Rotation,,False,bodyweight,70,88,95,65
864acf62-acdb-41ff-bb6a-af25c37100ec,Side Plank Lift Against Wall,side_plank,Side Plank,"crunch, leg_raise, russian_twist",False,bodyweight,70,88,95,65
865fc8fd-1153-4e7a-85a3-1dac47255381,Kneeling Crunch (Band),crunch,Crunch,"leg_raise, plank, russian_twist",False,band,60,85,90,50
86618825-847e-4ac8-b52f-1f0885a10598,Single Arm High Row (Cable),single_arm_row,Single Arm Row,"lat_pulldown, face_pull, bicep_curl, rear_delt_fly",False,cable,85,88,30,92
86631daa-910c-4084-9237-a1f8a7a7f1af,Kneeling Hamstring Reach,hamstring_exercise,Hamstring Exercise,"leg_curl, romanian_deadlift",False,bodyweight,70,88,95,65
867fd23f-6b4c-4525-b343-802ad97a9165,Lying Butterfly Leg Raise,fly,Chest Fly,"bench_press, incline_fly, push_up",False,bodyweight,70,88,95,65
86913728-95d5-42b1-8278-c142683debc9,Burpee (Dumbbell),burpee,Burpee,"push_up, squat_jump, mountain_climber",False,dumbbell,92,90,92,90
8691fd94-20a1-47bc-a85b-853faff12924,Straight Leg Russian Twist (Dumbbell),russian_twist,Russian Twist,"oblique_crunch, woodchop, side_plank",False,dumbbell,92,90,92,90
869a7d41-a8d0-40a6-8870-383f5534438f,Triceps Dip Floor,dip,Dip,"bench_press, tricep_pushdown, push_up",True,bodyweight,70,88,95,65
869a966b-b2f1-49b0-a4c8-1b763b5ada2d,EZ (Barbell) Incline Triceps Extension,tricep_extension,Tricep Extension,"tricep_pushdown, skull_crusher, dip, bicep_curl",False,barbell,95,80,65,95
869d0351-b827-4a24-8316-ca0adeb03bd0,Standing Opposite Straight Arm Clasp (left Over Ri,arm_exercise,Arm Exercise,"bicep_curl, tricep_extension",False,bodyweight,70,88,95,65
869d8a0f-9e88-4eff-921a-13043ab43d51,Torque Tank Push,general_movement,Torque Tank Push,,False,bodyweight,70,88,95,65
86a07343-578e-4e48-a5b7-55526a1838f6,Mountain Hops,general_movement,Mountain Hops,,False,bodyweight,70,88,95,65
86ab1dba-a0f3-497a-bdf0-85c0e8622734,Standing On Bosu Ball Single Leg Abduction ( (Band),hip_abduction,Hip Abduction,"hip_adduction, glute_kickback, hip_thrust",False,band,60,85,90,50
86bb55f0-2db4-4aa9-bda6-7503b916e2fe,Front Raise (Cable),front_raise,Front Raise,"shoulder_press, lateral_raise, incline_bench_press",False,cable,85,88,30,92
86cae56f-9ee3-4f07-8142-ad63f980f44f,Crossover Kneeling Hip Flexor Stretch,hip_stretch,Hip Stretch,,False,bodyweight,70,88,95,65
86cc5e54-b17a-466f-ac07-42f75f4526b9,Sitting Delts Stretch On A Chair,general_stretch,Stretch,,False,bodyweight,70,88,95,65
86ce8e03-4b87-4fa1-9ebf-94539462e49a,Spider Plank,plank,Plank,"crunch, leg_raise, russian_twist",True,bodyweight,70,88,95,65
86d1a839-bb58-4ae8-9c16-ee1e673c5f1c,Bench Dip On Floor,bench_dip,Bench Dip,"bench_press, tricep_pushdown, push_up",False,bodyweight,70,88,95,65
86d2bacf-56f5-43a7-affd-5e726551aa05,Suspender High Row,bent_over_row,Bent Over Row,"lat_pulldown, face_pull, bicep_curl, rear_delt_fly",False,bodyweight,70,88,95,65
86deb535-c4ae-45c2-bac5-c5625aaf1509,Shoulder Rotation Twist Split Lunge Stretch,shoulder_stretch,Shoulder Stretch,,False,bodyweight,70,88,95,65
86f6e017-8b30-4665-b43a-7dd127260673,Standing Elbow Push Up And Elbow Fly,push_up,Push Up,"bench_press, fly, dip, tricep_extension",True,bodyweight,70,88,95,65
870422af-770c-49e7-aeb4-889329fb3ae9,Elbow Prayer Push Circle Draw,general_movement,Elbow Prayer Push Circle Draw,,False,bodyweight,70,88,95,65
873ab967-7b06-471c-86c4-23ae1fc9759c,Standing Wrist Rotation,general_movement,Standing Wrist Rotation,,False,bodyweight,70,88,95,65
8743089a-4af6-4933-95a9-5b043c1ed47d,Around Head Rotation (Kettlebell),general_movement,Around Head Rotation,,False,kettlebell,75,85,85,78
8765b7bf-a379-40f5-895d-5a668b084a79,Lever Assisted Neutral Grip Chin Up,chin_up,Chin Up,"lat_pulldown, bent_over_row, bicep_curl",False,machine,80,75,20,88
876b0197-d8ae-47c0-9f64-b363f3813b60,Assisted Pull Up,pull_up,Pull Up,"lat_pulldown, bent_over_row, bicep_curl",True,bodyweight,70,88,95,65
876e5fd5-cdde-4afa-886b-f5d4f798daea,Lunge (Barbell),lunge,Lunge,"split_squat, step_up, squat, leg_press",False,barbell,95,80,65,95
877a7269-da34-4d38-995e-9320aa94e3ea,Prayer Push Knee Thrust,general_movement,Prayer Push Knee Thrust,,False,bodyweight,70,88,95,65
877fb07c-e59c-4e82-8fd8-0836a4988ee1,Lever Seated Wide Pulldown (plate Loaded),lat_pulldown,Lat Pulldown,"pull_up, bent_over_row, bicep_curl, face_pull",False,machine,80,75,20,88
8780373d-eb65-4de4-a525-f2dee284754d,Floor Fly (Dumbbell),fly,Chest Fly,"bench_press, incline_fly, push_up",True,dumbbell,92,90,92,90
87840845-80cb-41b9-bac5-0fdec782dc75,Hanging Oblique Knee Raise,hanging_leg_raise,Hanging Leg Raise,"crunch, plank, reverse_crunch",False,bodyweight,70,88,95,65
87b9ad28-9bfa-4b09-a75c-484f105e78cb,Standing T Spine Press (Bodyweight),press,Press,"bench_press, shoulder_press",False,bodyweight,70,88,95,65
87cbc084-c1cf-4a40-a75e-cc55adff4cc9,Straight Leg Diagonal Kickback (Cable),back_exercise,Back Exercise,"bent_over_row, lat_pulldown",False,cable,85,88,30,92
87d2f5e0-802a-47aa-8b13-4d23950c7626,Step Over Box (Dumbbell),general_movement,Step Over Box,,False,dumbbell,92,90,92,90
87d4c9ec-9bb5-4aae-a8c4-5b1d66f79c53,Standing Leg Calf Raise (Barbell),calf_raise,Calf Raise,leg_press,False,barbell,95,80,65,95
87d56c1a-3913-4e3c-83f0-df35b844dad4,Lying Bent Leg Tuck,leg_exercise,Leg Exercise,"squat, leg_press",False,bodyweight,70,88,95,65
87d72fc0-89f4-4469-b9b3-b2296e78123f,Criss Cross Arms Outer Rotation,arm_exercise,Arm Exercise,"bicep_curl, tricep_extension",False,bodyweight,70,88,95,65
87ddd982-9f74-4ac5-99e6-b34775ee3a20,Standing Double Elbow Touch And Elbow Raise,raise,Raise,"lateral_raise, front_raise",False,bodyweight,70,88,95,65
87e779d3-4db3-4703-9e86-e037422632da,Lying Crunch Through Legs Abduction,hip_abduction,Hip Abduction,"hip_adduction, glute_kickback, hip_thrust",False,bodyweight,70,88,95,65
8802a295-4a05-4f5d-b299-ce3dc66250a9,Kneeling Side Leg To Kick,leg_exercise,Leg Exercise,"squat, leg_press",False,bodyweight,70,88,95,65
88049cae-03fd-460e-8f3f-16dd1894b52e,Standing Elbow Touches (hands On Neck) (Bodyweight),general_movement,Standing Elbow Touches,,False,bodyweight,70,88,95,65
88168fde-8103-405a-821b-da0490f2ff67,Standing Hip Circle,general_movement,Standing Hip Circle,,False,bodyweight,70,88,95,65
88172bd4-a6af-4699-98b3-b76b4ae0bc53,Sitting Triceps Extension On A Chair,tricep_extension,Tricep Extension,"tricep_pushdown, skull_crusher, dip, bicep_curl",False,bodyweight,70,88,95,65
881edc30-12c3-4c63-9606-9b1e5ec779ab,March On Spot Overhead Press (Dumbbell),shoulder_press,Shoulder Press,"lateral_raise, front_raise, tricep_extension",False,dumbbell,92,90,92,90
881f14f0-2844-46df-a8e6-b83682bc0c75,Isometric Hold Push Up,push_up,Push Up,"bench_press, fly, dip, tricep_extension",True,bodyweight,70,88,95,65
88202d6f-da98-427b-8b41-0b06cba39665,Suspender Lat Stretch,back_stretch,Back Stretch,,False,bodyweight,70,88,95,65
8828ee16-68bc-4844-a78e-b5840cb715bf,Sliding Leg Curl On Floor With Towel,leg_curl,Leg Curl,"romanian_deadlift, hip_thrust, leg_extension",False,bodyweight,70,88,95,65
882bf1dd-6d1f-4e34-ad88-9bbed51939df,Place Jog,running,Running,,False,bodyweight,70,88,95,65
88304d90-f434-46eb-90c0-b1d1c24d4d0c,Lying Anterior Pelvic Shift,general_movement,Lying Anterior Pelvic Shift,,False,bodyweight,70,88,95,65
88339d82-2e4a-4645-bdf4-1416cf96b9c9,Ballerina Side Bends,general_movement,Ballerina Side Bends,,False,bodyweight,70,88,95,65
8833de46-664c-4f28-b90e-e1ab5b3c1689,Lying Supine Single Leg Circle,leg_exercise,Leg Exercise,"squat, leg_press",False,bodyweight,70,88,95,65
88440e2d-70c2-4f65-ac26-58c94dc858dd,Siting Floor Leg Raise,leg_raise,Leg Raise,"crunch, plank, reverse_crunch",False,bodyweight,70,88,95,65
8847982a-ca3b-42fc-b77e-e5778c905207,Chest To Wall Middle Split,chest_exercise,Chest Exercise,"bench_press, fly",False,bodyweight,70,88,95,65
884954f3-3d9f-4585-be78-5509067edd7a,Suspender Supine Crunch,crunch,Crunch,"leg_raise, plank, russian_twist",True,bodyweight,70,88,95,65
884ed7fc-c02d-43c5-9c36-b39ffe74cd97,Triceps Pushdown (V Bar Attachment) (Cable),tricep_pushdown,Tricep Pushdown,"tricep_extension, skull_crusher, dip",True,cable,85,88,30,92
8863dfe8-e451-4049-9e22-102514c78a59,Sitting Side Neck Stretch,general_stretch,Stretch,,False,bodyweight,70,88,95,65
8865b0e0-a756-4df6-b022-fff6d72afdfd,Seated Hip Abduction (Resistance Band),hip_abduction,Hip Abduction,"hip_adduction, glute_kickback, hip_thrust",False,band,60,85,90,50
886845ca-4553-4686-8b33-6c0b7d7af02c,Standing One Arm Extension (Kettlebell),extension,Extension,"tricep_extension, leg_extension",False,kettlebell,75,85,85,78
8876a8fc-afed-4b4a-acd6-ba1bbd8d2121,Sitting Straight Arm Back Squeeze On A Chair,back_exercise,Back Exercise,"bent_over_row, lat_pulldown",False,bodyweight,70,88,95,65
88783bbf-6352-4f6d-ba6a-31b76ac77602,Romanian Deadlift Biceps Curl Kickback (Bodyweight),bicep_curl,Bicep Curl,"hammer_curl, preacher_curl, tricep_extension",False,bodyweight,70,88,95,65
888eb3de-b49c-4f91-b070-14d0712a9f5f,Squeeze Press On Floor (Dumbbell),press,Press,"bench_press, shoulder_press",False,dumbbell,92,90,92,90
88b05455-beae-4556-a476-b70a23c8ab4a,Ear To Knee Side Bend,general_movement,Ear To Knee Side Bend,,False,bodyweight,70,88,95,65
88b19791-9e72-46cf-ad43-78fbc2ea6094,Bent Press (Kettlebell),press,Press,"bench_press, shoulder_press",False,kettlebell,75,85,85,78
88d6dec3-154f-4717-8514-41ec3df5ebd3,Pull Through (Rope) (Cable),core_exercise,Core Exercise,"crunch, plank",False,cable,85,88,30,92
88db3851-105e-4efe-903d-e9558226b672,Toe Walk,general_movement,Toe Walk,,False,bodyweight,70,88,95,65
88fcea27-736d-4082-b033-a445b53c3014,Assisted Standing Shoulder Flexion (Resistance Band),shoulder_exercise,Shoulder Exercise,"shoulder_press, lateral_raise",False,band,60,85,90,50
89101402-74cc-46a0-9562-596c9bec5eb8,Lying Side To Side Neck Stretch,general_stretch,Stretch,,False,bodyweight,70,88,95,65
891259d0-6856-492e-b02b-097345b7df6c,Spine Stretch,general_stretch,Stretch,,False,bodyweight,70,88,95,65
891a6708-8c33-4a12-b101-b04fd9947634,Bulgarian Split Squat (Dumbbell),split_squat,Split Squat,"leg_press, leg_extension, lunge, leg_curl",False,dumbbell,92,90,92,90
8930dc63-cd6d-48d8-a336-42da20b1ada0,Lying Scissor Kick,general_movement,Lying Scissor Kick,,False,bodyweight,70,88,95,65
893315e1-7d9b-4770-956a-61dc2e04b442,Weighted Lying Neck Flexion,general_movement,Weighted Lying Neck Flexion,,False,bodyweight,70,88,95,65
89376f2d-a377-48d9-b803-515f596c85bf,Standing Alternate Leg Lift,leg_exercise,Leg Exercise,"squat, leg_press",False,bodyweight,70,88,95,65
89380eca-7195-419f-a0ff-2460b7204aef,Side Plank,side_plank,Side Plank,"crunch, leg_raise, russian_twist",False,bodyweight,70,88,95,65
893ad120-a494-478e-b9f5-9b09fd8a26df,Seated Overhead Stretch On A Chair,general_stretch,Stretch,,False,bodyweight,70,88,95,65
8948b814-a006-4bdd-980f-99411f1a306e,Sitting Swimming Knee Raise On A Chair,leg_raise,Leg Raise,"crunch, plank, reverse_crunch",False,bodyweight,70,88,95,65
8949730a-62b2-41f7-b50e-e7facc2ee0c0,Lying Rest Pose (side Pov),general_stretch,Stretch,,False,bodyweight,70,88,95,65
895eeb30-ed8b-4cc9-bf6f-b06a486ed522,Lever Elevanted Squat,squat,Squat,"leg_press, leg_extension, lunge, leg_curl",False,machine,80,75,20,88
89631873-8e27-4ba3-99c4-ba545403d6fe,Guillotine Bench Press (Barbell),bench_press,Bench Press,"incline_bench_press, fly, tricep_pushdown, dip",True,barbell,95,80,65,95
8967f8f3-c77c-43e6-a5d7-c7c59833d45a,Ring Weighted Neutral Grip Inverted Row,inverted_row,Inverted Row,"lat_pulldown, face_pull, bicep_curl, rear_delt_fly",False,bodyweight,70,88,95,65
896b8985-84c1-4fba-80cf-1d77876e0a18,Spine Stretch Forward,general_stretch,Stretch,,False,bodyweight,70,88,95,65
896f5de0-a156-4607-b9ac-16951dc82bc6,Tibialis Raise Wall Supported (Bodyweight),raise,Raise,"lateral_raise, front_raise",False,bodyweight,70,88,95,65
8973ab3f-6b2b-4e94-b1e2-15aca66a2461,45 Degree Lean Back Alternate Knee Raise,leg_raise,Leg Raise,"crunch, plank, reverse_crunch",False,bodyweight,70,88,95,65
898f31e4-2dc4-4f8c-a7f4-cf61eadbebe9,Lying Figure 8 With Nose,general_movement,Lying Figure 8 With Nose,,False,bodyweight,70,88,95,65
898fbdfd-cea1-4625-8555-da614be13f50,Pigeon Hip Stretch,hip_stretch,Hip Stretch,,False,bodyweight,70,88,95,65
8990d702-6071-4eca-83fa-9c5b2be3591b,Half Side Split Lunge Twisting Inner Thigh Tap,lateral_lunge,Lateral Lunge,"split_squat, step_up, squat, leg_press",False,bodyweight,70,88,95,65
8997320b-c2aa-4011-8923-46c39353b031,Sitting Alternating Leg Raise And Abductor On A Ch,hip_abduction,Hip Abduction,"hip_adduction, glute_kickback, hip_thrust",False,bodyweight,70,88,95,65
899b3fb9-d6b5-4757-b6a4-8469642326ed,Seated Curl (Cable),bicep_curl,Bicep Curl,"hammer_curl, preacher_curl, tricep_extension",False,cable,85,88,30,92
899d805b-1995-47fa-825d-3200812941df,Rear Delt Circle (Bodyweight),rear_delt_fly,Rear Delt Fly,"face_pull, lateral_raise, bent_over_row",False,bodyweight,70,88,95,65
89a7e7de-165a-40cd-ad0f-63e86a8a23be,Roll Forearms Standing Against Wall,arm_exercise,Arm Exercise,"bicep_curl, tricep_extension",False,bodyweight,70,88,95,65
89afd950-f229-489d-93dd-feeff1cbe720,Weighted Frog Pump,general_movement,Weighted Frog Pump,,False,bodyweight,70,88,95,65
89b79a9d-1418-4d21-980a-4b1f39a7de85,Extended Side Angle Yoga Pose,general_stretch,Stretch,,False,bodyweight,70,88,95,65
89c5b7b6-9efa-4287-967d-f62ef5539b10,Side Step Rainbow Arms,arm_exercise,Arm Exercise,"bicep_curl, tricep_extension",False,bodyweight,70,88,95,65
89cb0883-4fb8-4e68-80e3-4170654d8f2d,Forward Neck Stretch,general_stretch,Stretch,,False,bodyweight,70,88,95,65
89cc17c2-8222-4223-8b51-cc3317e49c7f,Deep Push Up On Parallel Bars,push_up,Push Up,"bench_press, fly, dip, tricep_extension",True,bodyweight,70,88,95,65
89d7f263-46d1-4780-9d30-43929cc14b97,Hammer Grip Incline Bench Two Arm Row (Dumbbell),bent_over_row,Bent Over Row,"lat_pulldown, face_pull, bicep_curl, rear_delt_fly",False,dumbbell,92,90,92,90
89da3492-6ad9-4f09-a4fc-5f29507ad06c,Ring Single Leg Curl,leg_curl,Leg Curl,"romanian_deadlift, hip_thrust, leg_extension",False,bodyweight,70,88,95,65
89dce9b8-04ce-46ca-a347-ed3d5dadae13,Bottle Weighted Bent Over Y Raise,raise,Raise,"lateral_raise, front_raise",False,bodyweight,70,88,95,65
89e19a5f-ee25-4855-baf3-747215c5e34d,Sitting Backbend On A Chair,back_exercise,Back Exercise,"bent_over_row, lat_pulldown",False,bodyweight,70,88,95,65
89e6f34b-2fa5-4f17-8849-1d1462f2c579,Lying Supine Shoulder External Rotation (Dumbbell),shoulder_exercise,Shoulder Exercise,"shoulder_press, lateral_raise",False,dumbbell,92,90,92,90
89ed34dc-1537-4378-852a-a708bc49d83e,Lever Shrug (bench Press Machine),bench_press,Bench Press,"incline_bench_press, fly, tricep_pushdown, dip",False,machine,80,75,20,88
89f99a14-8d33-43b5-9ad9-7b22ed010f10,Chest Bench Press Forearms,bench_press,Bench Press,"incline_bench_press, fly, tricep_pushdown, dip",False,bodyweight,70,88,95,65
8a0406f1-382a-481a-aeec-3678df3f8af8,Side Step Sky Punch,general_movement,Side Step Sky Punch,,False,bodyweight,70,88,95,65
8a18824e-a1f5-4840-a12e-c9ae93423e33,Alternate Butt Kick To Knee Thrust,general_movement,Alternate Butt Kick To Knee Thrust,,False,bodyweight,70,88,95,65
8a2b2261-860d-48ba-bd5e-be985f84ae9f,Roll Iliospsoas,general_movement,Roll Iliospsoas,,False,bodyweight,70,88,95,65
8a2e0412-c327-4e81-a373-584e98a434b3,Walking On Spot Hands On Shoulder (front Pov),shoulder_exercise,Shoulder Exercise,"shoulder_press, lateral_raise",False,bodyweight,70,88,95,65
8a3c3413-faa2-4530-bc44-14f4e66de8ac,Incline Biceps Curl (Dumbbell),incline_curl,Incline Curl,"bicep_curl, preacher_curl, hammer_curl",False,dumbbell,92,90,92,90
8a3cccca-70a5-477e-adf1-4ff12d67bac8,Hanging Advanced Tucked Front Lever Hold,general_movement,Hanging Advanced Tucked Front Lever Hold,,False,machine,80,75,20,88
8a488e5d-f4b2-4696-9ffa-cd68630f574a,Close Grip Pull Up,pull_up,Pull Up,"lat_pulldown, bent_over_row, bicep_curl",True,bodyweight,70,88,95,65
8a495f5c-40ed-4526-bf85-1830f0a6c372,Lever Seated Wide Squat,squat,Squat,"leg_press, leg_extension, lunge, leg_curl",False,machine,80,75,20,88
8a5dcf7c-439f-40e4-bcea-30268ec1f09c,Standing Hip Abduction,hip_abduction,Hip Abduction,"hip_adduction, glute_kickback, hip_thrust",False,bodyweight,70,88,95,65
8a60b9ef-68ae-465d-b40d-e74cba9a3978,Stick Standing Crossed Legs Twisting Bend Stretch,general_stretch,Stretch,,False,bodyweight,70,88,95,65
8a61552e-e7a8-4c67-a4c3-b4c5ea63998a,Peterson Step From Stepbox (Bodyweight),general_movement,Peterson Step From Stepbox,,False,bodyweight,70,88,95,65
8a6b1141-4b6c-444a-a5c7-43d243780a8a,Standing Opposite Straight Arm Clasp Raise (right,raise,Raise,"lateral_raise, front_raise",False,bodyweight,70,88,95,65
8a6efc7c-685a-4fcb-9198-7598ca8f8e84,Weighted Bag Wood Chop Squat,squat,Squat,"leg_press, leg_extension, lunge, leg_curl",False,bodyweight,70,88,95,65
8a7d6a65-fce4-45a1-8430-ea176b3cf179,Straight Arm Pulldown (Rope) (Cable),straight_arm_pulldown,Straight Arm Pulldown,"lat_pulldown, pullover, bent_over_row",False,cable,85,88,30,92
8a862238-6c06-49e1-843a-c5ae54de90cb,3 Leg Dog Pose,general_stretch,Stretch,,False,bodyweight,70,88,95,65
8a8d1c6b-65e5-487d-87c4-30b9ffb179ed,Elbows Back Stretch,back_stretch,Back Stretch,,False,bodyweight,70,88,95,65
8a9958ae-5823-4b4e-a6f5-bb6ab7f95a36,Seated Under Knee Crossed Arms Lean Back,back_exercise,Back Exercise,"bent_over_row, lat_pulldown",False,bodyweight,70,88,95,65
8aa8b0e0-bec2-49ae-b26a-e24d91c4a6f1,Jump Box Over,general_movement,Jump Box Over,,False,bodyweight,70,88,95,65
8ab1374c-30b1-418c-b0a6-1220b7b21624,Twist Step Stretch,general_stretch,Stretch,,False,bodyweight,70,88,95,65
8abdf75b-2c0e-40b3-bdc4-974939097ec7,Walk Burpee,burpee,Burpee,"push_up, squat_jump, mountain_climber",True,bodyweight,70,88,95,65
8ac50ea4-e17d-4ec2-b100-fc82ff1eef35,Ed Bar Back Stretch,back_stretch,Back Stretch,,False,bodyweight,70,88,95,65
8ace1fdd-924b-4cc4-a5f0-63bd3022de5d,Suspender Rollout,general_movement,Suspender Rollout,,False,bodyweight,70,88,95,65
8ae9700a-f8f5-4598-b0cd-273ce202cc6b,Ipsilateral Glute Bridge Single Arm Chest (Dumbbell),glute_bridge,Glute Bridge,"hip_thrust, romanian_deadlift, leg_curl",False,dumbbell,92,90,92,90
8af0b240-7c1d-41c9-98c6-c6c2cf487356,Weighted Crunch,crunch,Crunch,"leg_raise, plank, russian_twist",True,bodyweight,70,88,95,65
8af53642-98b2-4006-b536-3dee97eaebae,Pistol Squat To Box,pistol_squat,Pistol Squat,"leg_press, leg_extension, lunge, leg_curl",False,bodyweight,70,88,95,65
8af5ebd7-d213-4381-9124-f0790d8376ca,Bouncing Shift (Bodyweight),general_movement,Bouncing Shift,,False,bodyweight,70,88,95,65
8b25684e-c788-4568-9ada-f7abd7df6645,90 To 90 Knee Thrust,general_movement,90 To 90 Knee Thrust,,False,bodyweight,70,88,95,65
8b2a91d0-06db-49f9-bd6f-01fa9cd4a0b1,Smith Standing Behind Head Military Press,shoulder_press,Shoulder Press,"lateral_raise, front_raise, tricep_extension",False,smith_machine,72,70,25,80
8b2b8d70-d93f-4000-8ef1-357d720fa7c5,Glute Bridge March,glute_bridge,Glute Bridge,"hip_thrust, romanian_deadlift, leg_curl",False,bodyweight,70,88,95,65
8b3db99b-c2e6-4069-89cd-108cb4f9c532,EZ Bar Incline Lying Rear Delt Raise,rear_delt_fly,Rear Delt Fly,"face_pull, lateral_raise, bent_over_row",False,bodyweight,70,88,95,65
8b3e31fc-81ed-42f4-b29a-45e6ce6cf7f5,Frog Pose With Bolster,general_stretch,Stretch,,False,bodyweight,70,88,95,65
8b553b49-8ccb-404b-ade4-ce8ff3301378,Side Plank,side_plank,Side Plank,"crunch, leg_raise, russian_twist",False,bodyweight,70,88,95,65
8b5a5947-6e14-4aeb-a59c-f7d46daf632f,Lying Front Raise (Barbell),front_raise,Front Raise,"shoulder_press, lateral_raise, incline_bench_press",False,barbell,95,80,65,95
8b5cdc03-ba8e-402e-af82-264d9d7c896d,Goblet Walking Lunge (Dumbbell),walking_lunge,Walking Lunge,"split_squat, step_up, squat, leg_press",False,dumbbell,92,90,92,90
8b5e67e1-8777-4e90-90f8-e6e31976f2fb,Glued Heels Leg Extension On A Chair,leg_extension,Leg Extension,"squat, leg_press, leg_curl",False,bodyweight,70,88,95,65
8b5e75c8-fd84-4a6a-a66c-840a3c906ae9,Rear Fly (Dumbbell),fly,Chest Fly,"bench_press, incline_fly, push_up",True,dumbbell,92,90,92,90
8b61e4c8-3627-4508-bf6a-ee2e298fa541,Kneeling Straight Leg Side Slide With Towel,leg_exercise,Leg Exercise,"squat, leg_press",False,bodyweight,70,88,95,65
8b622b6e-66b8-4418-afda-fb604231cbde,Lying Incline Single Leg Kickback (Cable),back_exercise,Back Exercise,"bent_over_row, lat_pulldown",False,cable,85,88,30,92
8b715802-b8c2-42de-b249-b1addae3086c,Side Step Deep Squat,squat,Squat,"leg_press, leg_extension, lunge, leg_curl",False,bodyweight,70,88,95,65
8b71873c-3946-4da8-9de1-f69814fbf30e,Assisted Chin Up On A Bench,chin_up,Chin Up,"lat_pulldown, bent_over_row, bicep_curl",True,bodyweight,70,88,95,65
8b7d45e2-3850-4c59-a303-d57c7883bbd8,Elevated Heel Clean Grip Squat (Barbell),squat,Squat,"leg_press, leg_extension, lunge, leg_curl",True,barbell,95,80,65,95
8b8a5716-13e4-4bf8-8bba-ee7ca738f450,Lying Triceps Extension Skull Crusher (V (Dumbbell),skull_crusher,Skull Crusher,"tricep_extension, tricep_pushdown, dip",False,dumbbell,92,90,92,90
8b999b52-f5f1-4780-a659-a2db10a2b9c7,Lever Reverse Vertical Hack Squat,hack_squat,Hack Squat,"leg_press, leg_extension, lunge, leg_curl",True,machine,80,75,20,88
8b9b7499-d497-4058-933a-25108366cc62,Standing Alternate Knee Raise,leg_raise,Leg Raise,"crunch, plank, reverse_crunch",False,bodyweight,70,88,95,65
8ba3bc22-96b6-482b-969b-ec030443a4c0,Seated Forward Bend Yoga Pose,general_stretch,Stretch,,False,bodyweight,70,88,95,65
8ba9430d-c22c-42fc-9349-ae072786f860,Rear Drive (Cable),core_exercise,Core Exercise,"crunch, plank",False,cable,85,88,30,92
8bb8652d-6048-4d32-8a93-18e59dfa5d6d,Lateral Walk (Resistance Band),general_movement,Lateral Walk,,False,band,60,85,90,50
8bb9354b-fb33-4444-9ac4-caf45a458e50,Wrist Curl (Kettlebell),wrist_curl,Wrist Curl,"reverse_curl, bicep_curl",False,kettlebell,75,85,85,78
8bc12f01-f95b-4727-b281-6cf86168b8a2,Hammer Curl (Rope) (Cable),hammer_curl,Hammer Curl,"bicep_curl, preacher_curl, reverse_curl",False,cable,85,88,30,92
8bc4e700-4395-42d6-b261-bc51203a73c1,Banded Single Leg Hip Thrust (Dumbbell),hip_thrust,Hip Thrust,"glute_bridge, romanian_deadlift, leg_curl",False,dumbbell,92,90,92,90
8bd927ef-a701-4f43-8c79-6431cfd8038d,Twist (up Down) (Cable),core_exercise,Core Exercise,"crunch, plank",False,cable,85,88,30,92
8be3e330-5b42-4b97-b345-0378a0b5aa84,Weighted Counterbalanced Squat,squat,Squat,"leg_press, leg_extension, lunge, leg_curl",False,bodyweight,70,88,95,65
8be731e3-ec64-4f3d-8ea8-16c2571fd182,Weighted Sandbag Shouldering,shoulder_exercise,Shoulder Exercise,"shoulder_press, lateral_raise",False,bodyweight,70,88,95,65
8bf008b0-9fd3-485d-bb0f-ab0f946507ed,Assisted Sit Up,crunch,Crunch,"leg_raise, plank, russian_twist",True,bodyweight,70,88,95,65
8c005372-aee0-4372-8dd5-588c8fe3e883,Close Grip Push Up,diamond_push_up,Diamond Push Up,"bench_press, fly, dip, tricep_extension",False,bodyweight,70,88,95,65
8c0ab28a-6b16-4d69-a302-ca239cfa2409,Squat Mobilization,general_stretch,Stretch,,False,bodyweight,70,88,95,65
8c0dc5a3-333d-4c47-acd7-ee85d3510e0a,High Plank To Frog Squat,squat,Squat,"leg_press, leg_extension, lunge, leg_curl",False,bodyweight,70,88,95,65
8c11e496-fccb-4f92-9668-e58f01ff7df5,Skullcrusher (Bodyweight),general_movement,Skullcrusher,,False,bodyweight,70,88,95,65
8c155ccf-a1c6-4444-98e4-8bca71ef8a97,Lever Seated Twist,general_movement,Lever Seated Twist,,False,machine,80,75,20,88
8c1a68c2-4e11-4df1-a53b-8e733c0944ae,Front Plank To Push Up,push_up,Push Up,"bench_press, fly, dip, tricep_extension",True,bodyweight,70,88,95,65
8c2da258-cba7-49bb-9db7-1857ed9778e5,Circles Knee Stretch,general_stretch,Stretch,,False,bodyweight,70,88,95,65
8c35122a-a3a3-442b-9a6b-91ca6bad17b1,Bent Over External Rotation (Dumbbell),general_movement,Bent Over External Rotation,,False,dumbbell,92,90,92,90
8c3d7f54-63e9-43b0-8ac5-7eafbc3ff196,Rotational Bench Press (Dumbbell),bench_press,Bench Press,"incline_bench_press, fly, tricep_pushdown, dip",False,dumbbell,92,90,92,90
8c46069a-f612-4bdd-b1a3-704a120b2a27,Lever Incline Prone Row,machine_row,Machine Row,"lat_pulldown, face_pull, bicep_curl, rear_delt_fly",False,machine,80,75,20,88
8c4a06aa-c636-4136-9301-814ef0bccadf,Ring Leg Curl With Yoga Block And Towel,general_stretch,Stretch,,False,bodyweight,70,88,95,65
8c4f3f15-2370-468d-81b8-c83152211b09,Sitting Floor Alternating Crunch Knee Raise And T,crunch,Crunch,"leg_raise, plank, russian_twist",True,bodyweight,70,88,95,65
8c593100-1440-4b5e-993b-7a86a81e50af,Side Sitting Inner Thigh Tap,general_movement,Side Sitting Inner Thigh Tap,,False,bodyweight,70,88,95,65
8c6538f5-87e9-4987-ab7b-98a18bc378f8,Sitting Side Step Row On Chair,bent_over_row,Bent Over Row,"lat_pulldown, face_pull, bicep_curl, rear_delt_fly",False,bodyweight,70,88,95,65
8c6eadad-a121-4413-b6b4-972fc8d7b1ce,Running Plank,plank,Plank,"crunch, leg_raise, russian_twist",True,bodyweight,70,88,95,65
8c7b3bf1-c87d-47e7-aa7b-fa8b1e0788c5,Seated Neck Rotation,general_movement,Seated Neck Rotation,,False,bodyweight,70,88,95,65
8c7bd246-69b5-4d34-8f10-43f053db5c3e,Reverse Air Cycling,cycling,Cycling,,False,bodyweight,70,88,95,65
8c7f3fd5-d7b0-40a9-9a38-2b1702469a56,Alternating Tip Toe Knees,general_movement,Alternating Tip Toe Knees,,False,bodyweight,70,88,95,65
8c8ea539-76ce-4814-aaca-3c1f8d8ff41d,Seated High Row (V Bar) (Cable),cable_row,Cable Row,"lat_pulldown, face_pull, bicep_curl, rear_delt_fly",True,cable,85,88,30,92
8c936710-db75-469e-a471-4c1d7b973bd2,Lying Alternate Hip Extension,extension,Extension,"tricep_extension, leg_extension",False,bodyweight,70,88,95,65
8ca04c25-cf48-4a24-8101-525bff4ed6b8,Kneeling Chest Press (Resistance Band),chest_press,Chest Press,"bench_press, fly, tricep_pushdown",False,band,60,85,90,50
8ca309f1-314c-4658-a72c-7c071c6bfc2e,Punch March,general_movement,Punch March,,False,bodyweight,70,88,95,65
8ca7e8e2-6cbd-4365-8d3c-e8b8de881a32,Standing Pass Around (Resistance Band),general_movement,Standing Pass Around,,False,band,60,85,90,50
8cb6d615-6080-4273-a009-5b8604cb971e,Kneeling Adductor Backward Stretch,back_stretch,Back Stretch,,False,bodyweight,70,88,95,65
8cb8cf0a-0609-4f7d-bd59-9aee70c72013,Plank Alternate Anti Gravity Pull Up,pull_up,Pull Up,"lat_pulldown, bent_over_row, bicep_curl",True,bodyweight,70,88,95,65
8cc7acd5-0682-433f-80e1-e5e64b206456,Lying Hip Flexion With Knee Bent,general_movement,Lying Hip Flexion With Knee Bent,,False,bodyweight,70,88,95,65
8cca5ad2-c87b-4a92-9545-be614971f3da,Standing Shoulder Inferior Capsule Stretch,shoulder_stretch,Shoulder Stretch,,False,bodyweight,70,88,95,65
8ccebbfd-3101-4dd8-b9d3-11c9660d567b,Low Chest Press (Band),chest_press,Chest Press,"bench_press, fly, tricep_pushdown",False,band,60,85,90,50
8cd9c92f-2f3b-4f43-8e7b-f40feac7f6b3,Weighted Overhead Crunch (on Stability Ball),crunch,Crunch,"leg_raise, plank, russian_twist",True,bodyweight,70,88,95,65
8cdfae5d-ab76-479f-93d4-a1374ded9977,One Leg Squat (Barbell),squat,Squat,"leg_press, leg_extension, lunge, leg_curl",True,barbell,95,80,65,95
8ce35e0e-dbe4-4c1e-8059-5f98e2dfdadb,Side Lying Hip Adduction (left),hip_adduction,Hip Adduction,"hip_abduction, sumo_squat, lunge",False,bodyweight,70,88,95,65
8ce61050-d79b-4b9e-8c0b-284560a2b648,Standing Side Leg Lift Jack,leg_exercise,Leg Exercise,"squat, leg_press",False,bodyweight,70,88,95,65
8ce7e5c4-25eb-46af-959b-4a96ff2cf2ba,Standing 4x Back Criss Cross 4x Front Criss Cross,back_exercise,Back Exercise,"bent_over_row, lat_pulldown",False,bodyweight,70,88,95,65
8ce91582-9b1d-4d2a-a203-0752816c5833,Seated Alternate Press (Dumbbell),press,Press,"bench_press, shoulder_press",False,dumbbell,92,90,92,90
8cee1dc9-9ff4-467b-9020-67c2589e6232,Standing Close Press (Cable),press,Press,"bench_press, shoulder_press",False,cable,85,88,30,92
8cf29b51-c0b7-4267-a4e1-da1c3b3d92af,Seated Hamstring Kick Out,hamstring_exercise,Hamstring Exercise,"leg_curl, romanian_deadlift",False,bodyweight,70,88,95,65
8cf4d342-a5ee-4e1e-9262-2883ea0d6962,Plank From Knees,plank,Plank,"crunch, leg_raise, russian_twist",True,bodyweight,70,88,95,65
8d0c6216-f37e-415e-9630-4a303b625451,Squat To Leg Extension,squat,Squat,"leg_press, leg_extension, lunge, leg_curl",False,bodyweight,70,88,95,65
8d18bc9e-5cac-4dc7-870f-3fd9ad06da9d,Side Hip Raise Wall Supported,raise,Raise,"lateral_raise, front_raise",False,bodyweight,70,88,95,65
8d18e950-ca2e-4783-9a6b-df99278378a6,Knee Tuck Push Up,push_up,Push Up,"bench_press, fly, dip, tricep_extension",True,bodyweight,70,88,95,65
8d2e08d0-a3c4-4f8c-9c3d-f47a4e18831b,Sitting Floor Tibialis Press (Resistance Band),press,Press,"bench_press, shoulder_press",False,band,60,85,90,50
8d616c48-aaa8-4877-90eb-fbcd472e4ecf,Bent Over One Arm Kickback (Band),back_exercise,Back Exercise,"bent_over_row, lat_pulldown",False,band,60,85,90,50
8d67c3e8-014d-419d-9034-ba1b25826d82,Landmine Sitting 180s,general_movement,Landmine Sitting 180s,,False,bodyweight,70,88,95,65
8d69bc6b-c485-40ba-9d16-85840bec11cb,Squat Twist,squat,Squat,"leg_press, leg_extension, lunge, leg_curl",False,bodyweight,70,88,95,65
8d799f41-4899-488d-9e3c-01099b553409,Hanging Deadbug,general_movement,Hanging Deadbug,,False,bodyweight,70,88,95,65
8d7b96a0-ed2b-44c6-934e-7a791fd836db,Chest Pull Back,chest_exercise,Chest Exercise,"bench_press, fly",False,bodyweight,70,88,95,65
8d7c0d7b-588b-446d-8d2c-d8b7172e36f1,Standing Double Hand Row,bent_over_row,Bent Over Row,"lat_pulldown, face_pull, bicep_curl, rear_delt_fly",False,bodyweight,70,88,95,65
8d930555-59da-4761-b8ac-6830e6831f7a,Twist Stepback,back_exercise,Back Exercise,"bent_over_row, lat_pulldown",False,bodyweight,70,88,95,65
8d933a16-34a7-435c-a747-c6c0237fc43e,Kneeling Side Plank Raise,side_plank,Side Plank,"crunch, leg_raise, russian_twist",False,bodyweight,70,88,95,65
8d96048c-e5e8-49aa-810f-60e85185b3e9,Lever Multy Chest Press,chest_press,Chest Press,"bench_press, fly, tricep_pushdown",True,machine,80,75,20,88
8d96a55b-d5d9-4e5a-b6d5-34e6db4eaf52,Standing Single Leg Kick And Rotate,leg_exercise,Leg Exercise,"squat, leg_press",False,bodyweight,70,88,95,65
8d9a65b4-c8d3-4db2-bb9e-f063957a9b59,High Knee To Butt Kick,high_knees,High Knees,"mountain_climber, burpee, jumping_jack",False,bodyweight,70,88,95,65
8daa309e-9e27-48d1-b336-0ac48bf80dc7,Standing Balance Stepback And Glute Kickback,back_exercise,Back Exercise,"bent_over_row, lat_pulldown",False,bodyweight,70,88,95,65
8dad445c-89bb-4375-8fea-e0c64cf7ef88,Weighted Bottle Hollow Rock,general_movement,Weighted Bottle Hollow Rock,,False,bodyweight,70,88,95,65
8db25a92-e3c2-4759-8e85-ea0a6c2114cd,Suspension Close Grip Chest Press,chest_press,Chest Press,"bench_press, fly, tricep_pushdown",False,bodyweight,70,88,95,65
8dc66cb2-4039-4106-aaae-4eabaaa16241,Standing Chest Press (Resistance Band),chest_press,Chest Press,"bench_press, fly, tricep_pushdown",False,band,60,85,90,50
8dcda264-eba1-47dd-b1d6-547f81b4f47f,Crunch On A Bench,crunch,Crunch,"leg_raise, plank, russian_twist",True,bodyweight,70,88,95,65
8ddab0a5-9355-4c69-a97b-72d757cf6550,Standing Ladder Climb,general_movement,Standing Ladder Climb,,False,bodyweight,70,88,95,65
8df29a29-732d-4484-a168-ae46d65a461d,Squat Lunges Jump Complex (Dumbbell),squat_jump,Squat Jump,"squat, lunge_jump, box_jump",False,dumbbell,92,90,92,90
8e0f02b5-2140-49fd-9476-1c052b2a40d5,Roll Ball Pectoralis Major Sternal,general_movement,Roll Ball Pectoralis Major Sternal,,False,bodyweight,70,88,95,65
8e0fd04a-36d0-4754-8e32-c716e68829d6,Split Squat Front Foot Elevanted (Dumbbell),front_squat,Front Squat,"leg_press, leg_extension, lunge, leg_curl",False,dumbbell,92,90,92,90
8e12876d-29ff-458b-83b3-919366e69d30,Hopping High Knee Tap,high_knees,High Knees,"mountain_climber, burpee, jumping_jack",False,bodyweight,70,88,95,65
8e3e4faa-0f2a-4f54-844c-93087aa3449d,Chest Press On Stability Ball (Barbell),chest_press,Chest Press,"bench_press, fly, tricep_pushdown",False,barbell,95,80,65,95
8e430de4-bb9c-4d7d-9338-f3ea9ad93f88,Split Stance Bent Over Row (Dumbbell),bent_over_row,Bent Over Row,"lat_pulldown, face_pull, bicep_curl, rear_delt_fly",False,dumbbell,92,90,92,90
8e46b29e-202d-4eb3-9894-005f78b8e150,Z Press (Dumbbell),press,Press,"bench_press, shoulder_press",False,dumbbell,92,90,92,90
8e6c3d2b-1168-45a2-8d28-7e779f157d5e,Burpee With Push Up,push_up,Push Up,"bench_press, fly, dip, tricep_extension",True,bodyweight,70,88,95,65
8e795b5c-6427-4cb1-86fc-dbdb1357d9fc,Seated Forward Reach Arms Interlock,arm_exercise,Arm Exercise,"bicep_curl, tricep_extension",False,bodyweight,70,88,95,65
8e7eafd9-97c6-40ee-8996-d722562ba6c5,Standing Side Bend (bent Arm),arm_exercise,Arm Exercise,"bicep_curl, tricep_extension",False,bodyweight,70,88,95,65
8e825540-9411-43a2-963b-08b0a607e013,Sitting Shoulder Stretch On A Chair,shoulder_stretch,Shoulder Stretch,,False,bodyweight,70,88,95,65
8e96b5ba-37af-4e4f-8942-3dfd56da6e87,EZ Bar Incline Pronated Grip Front Raise,front_raise,Front Raise,"shoulder_press, lateral_raise, incline_bench_press",False,bodyweight,70,88,95,65
8e97e6a5-4e4f-4ed7-9ebc-813723140674,Lying Single Bent Leg Opposite Reach,leg_exercise,Leg Exercise,"squat, leg_press",False,bodyweight,70,88,95,65
8e9fff91-18e2-485e-97f1-4cb073745cee,Squat Side Shuffle (Bodyweight),squat,Squat,"leg_press, leg_extension, lunge, leg_curl",False,bodyweight,70,88,95,65
8eaef8e2-5d89-4435-a095-6dc0454223a8,Elbows Back Stretch,back_stretch,Back Stretch,,False,bodyweight,70,88,95,65
8ebf6cbd-a0fa-41ae-9af0-049cb741a501,Neutral Grip Wide Pulldown (Cable),lat_pulldown,Lat Pulldown,"pull_up, bent_over_row, bicep_curl, face_pull",True,cable,85,88,30,92
8ecdbb9f-e13f-4c4d-9d06-e52f2c823ee9,Round The World Curtsey,general_movement,Round The World Curtsey,,False,bodyweight,70,88,95,65
8ed57102-3269-43d8-9c40-3ec19fe7207b,Roll Ball Scapula Levator,general_movement,Roll Ball Scapula Levator,,False,bodyweight,70,88,95,65
8eea268b-7515-4320-a356-70b2f15b8fe2,Seated Pronation Supination Foot,general_movement,Seated Pronation Supination Foot,,False,bodyweight,70,88,95,65
8f0b469a-d528-4805-a782-65cc8831abc6,Frog Hip Thrust,hip_thrust,Hip Thrust,"glute_bridge, romanian_deadlift, leg_curl",False,bodyweight,70,88,95,65
8f116ca9-368e-4513-ad54-e10dfe61b0ac,Walking Toe Touch,general_movement,Walking Toe Touch,,False,bodyweight,70,88,95,65
8f122fc3-3a41-4c9c-97f2-02a4a1c119b9,Half Boat Pose Ardha Navasana,general_stretch,Stretch,,False,bodyweight,70,88,95,65
8f207f34-ecd4-4f6d-817b-048c3d81b3f1,Hollow Body Tuck,general_movement,Hollow Body Tuck,,False,bodyweight,70,88,95,65
8f227a49-2065-46db-984b-643bc1d7fe45,Bicycle Twisting Crunch,bicycle_crunch,Bicycle Crunch,"leg_raise, plank, russian_twist",False,bodyweight,70,88,95,65
8f2fe43b-62e6-4000-95cb-bcde9b221bae,Fist Push Up,push_up,Push Up,"bench_press, fly, dip, tricep_extension",True,bodyweight,70,88,95,65
8f34a752-c6dd-4155-87af-9761b02a0559,Side To Side Squat,squat,Squat,"leg_press, leg_extension, lunge, leg_curl",False,bodyweight,70,88,95,65
8f37854e-ae92-441b-a40d-1f6038802af0,Standing Double Crunch Knee Drive,crunch,Crunch,"leg_raise, plank, russian_twist",True,bodyweight,70,88,95,65
8f3ae505-ba91-4560-850b-c1eecebd2ead,Lever Kneeling Leg Curl (plate Loaded),leg_curl,Leg Curl,"romanian_deadlift, hip_thrust, leg_extension",True,machine,80,75,20,88
8f4e26c8-ce2f-454c-aebf-761941b0f56f,Weighted V Up Passes With Pad,v_up,V Up,"crunch, leg_raise, plank",False,bodyweight,70,88,95,65
8f57f97d-4df0-4f60-bc52-a8bb1d08a2bb,Standing Shoulders Roll,shoulder_exercise,Shoulder Exercise,"shoulder_press, lateral_raise",False,bodyweight,70,88,95,65
8f666be5-9ffa-4b98-9baf-498af65470f8,Leg Raise (bent Knee),leg_raise,Leg Raise,"crunch, plank, reverse_crunch",False,bodyweight,70,88,95,65
8f6b6bc3-75b5-46a3-9412-a7654cc582c7,Atomic Sit Up,crunch,Crunch,"leg_raise, plank, russian_twist",True,bodyweight,70,88,95,65
8f7034a7-161a-4e01-8a35-0e8cdba7e25d,Front Raise And Pullover (Barbell),front_raise,Front Raise,"shoulder_press, lateral_raise, incline_bench_press",False,barbell,95,80,65,95
8f7ff585-57d8-499c-9432-d094a64495db,Kicks Leg Bent,leg_exercise,Leg Exercise,"squat, leg_press",False,bodyweight,70,88,95,65
8f990154-8691-4ca3-b6b4-60a54de7bf55,Criss Cross Jump,general_movement,Criss Cross Jump,,False,bodyweight,70,88,95,65
8fa17482-83ee-4256-9c9d-cf11af4bd37d,Shoulder Tap Jack Plank,plank,Plank,"crunch, leg_raise, russian_twist",True,bodyweight,70,88,95,65
8fa709ab-ede8-4060-8b0a-40ccb6c37fd0,Jumping Split Jack,general_movement,Jumping Split Jack,,False,bodyweight,70,88,95,65
8faadcf7-bf4a-4c1d-85e5-0ab86348e75f,90 To 90 Hip Leans,general_movement,90 To 90 Hip Leans,,False,bodyweight,70,88,95,65
8fb5d340-e77d-4e71-b0f9-ff397f5f5e87,Rowing Straight Back (with Rowing Machine),machine_row,Machine Row,"lat_pulldown, face_pull, bicep_curl, rear_delt_fly",False,machine,80,75,20,88
8fb9b525-f3b4-4b7f-bd7a-b886abe98c0a,Seated Single Leg Hamstring Stretch,hamstring_stretch,Hamstring Stretch,,False,bodyweight,70,88,95,65
8fbc37b6-0b00-4808-a528-9ab3c7ec1bce,Double Pulse Elbow Fly,fly,Chest Fly,"bench_press, incline_fly, push_up",False,bodyweight,70,88,95,65
8fbd257c-240f-4dfc-93d4-c40f49149488,Lizard Lunge,lunge,Lunge,"split_squat, step_up, squat, leg_press",False,bodyweight,70,88,95,65
8fc4f209-9c2b-4741-b870-e93f10fff94f,Seated Neutral Wrist Curl (Dumbbell),general_movement,Seated Neutral Wrist Curl,,False,dumbbell,92,90,92,90
8fc76607-5730-4077-8da3-a125b3dfe213,Side Step Overhead Swing Side Leg Raise,leg_raise,Leg Raise,"crunch, plank, reverse_crunch",False,bodyweight,70,88,95,65
8fcae1cf-6a10-4741-bbb7-d48c0ba7aac9,Squat Bounce,squat,Squat,"leg_press, leg_extension, lunge, leg_curl",False,bodyweight,70,88,95,65
8fce4fa1-bd49-4ace-8bf6-91d232726f40,Front Raise (Band),front_raise,Front Raise,"shoulder_press, lateral_raise, incline_bench_press",False,band,60,85,90,50
8fe00d2f-4675-47ad-8021-2ad5267ff8e3,Medicine Ball Pullover Catch,pullover,Pullover,"lat_pulldown, straight_arm_pulldown, fly",False,bodyweight,70,88,95,65
8fe6da8d-4b04-4d5a-a778-b817f143aa6a,Superman Lift And Lat Pulldown,lat_pulldown,Lat Pulldown,"pull_up, bent_over_row, bicep_curl, face_pull",False,bodyweight,70,88,95,65
8fece065-71c3-4734-9571-7882e7444b81,Lever Stepper,general_movement,Lever Stepper,,False,machine,80,75,20,88
8fef14d6-5617-4c4c-ac44-0fab9fc39866,Split Stance Sigle Arm Overhead Press (Dumbbell),shoulder_press,Shoulder Press,"lateral_raise, front_raise, tricep_extension",False,dumbbell,92,90,92,90
8ff4a3e9-7c75-4581-a86f-d35e09d47622,Child Pose,general_stretch,Stretch,,False,bodyweight,70,88,95,65
900c0aef-d47d-4243-8c2d-ad85b3b2a3f8,Slight Squat Back Shoulder Rotation,squat,Squat,"leg_press, leg_extension, lunge, leg_curl",False,bodyweight,70,88,95,65
90214bd9-ddaa-4347-825d-20cbd5b303f1,Lying Extension (Barbell),extension,Extension,"tricep_extension, leg_extension",False,barbell,95,80,65,95
904aed60-cb6e-46c4-881e-76eb03d268e6,Triceps Kickback Heel Tap,tricep_kickback,Tricep Kickback,"tricep_extension, tricep_pushdown, dip",False,bodyweight,70,88,95,65
904d0f9d-072d-41fb-baa0-13984058dff1,Low Fly (Kettlebell),fly,Chest Fly,"bench_press, incline_fly, push_up",False,kettlebell,75,85,85,78
905597c0-ae73-47f8-9412-48241804f90c,Plank Leg Raises,leg_raise,Leg Raise,"crunch, plank, reverse_crunch",False,bodyweight,70,88,95,65
90733a1c-9695-44d0-9895-378175634ccf,Lever Seated Single Arm Wide Lat Pulldown,lat_pulldown,Lat Pulldown,"pull_up, bent_over_row, bicep_curl, face_pull",False,machine,80,75,20,88
907bbe18-6908-45d5-b76c-a68c65cc3dea,Quadruped Shoulder Cars,shoulder_exercise,Shoulder Exercise,"shoulder_press, lateral_raise",False,bodyweight,70,88,95,65
90835329-5d51-4369-8707-2d6db0ed540b,Middle Fly (Cable),fly,Chest Fly,"bench_press, incline_fly, push_up",False,cable,85,88,30,92
908ebc18-a12c-4336-ba72-8982b5d25989,Hands Release Push Up,push_up,Push Up,"bench_press, fly, dip, tricep_extension",True,bodyweight,70,88,95,65
909890c3-197d-49d5-aaa9-2c59382ccee7,Standing Straight Arm Chest Fly (Bodyweight),fly,Chest Fly,"bench_press, incline_fly, push_up",False,bodyweight,70,88,95,65
909b4708-6c13-4255-b2e3-154cf257c294,Glute Bridge Side Tap (Resistance Band),glute_bridge,Glute Bridge,"hip_thrust, romanian_deadlift, leg_curl",False,band,60,85,90,50
90b1d30c-edb8-4b90-89e2-9471c4212856,Weighted Plate Lying Crunch,crunch,Crunch,"leg_raise, plank, russian_twist",True,bodyweight,70,88,95,65
90b73dae-7e7b-4c50-a544-6f13417b3e70,Walking On Spot Side Punch,general_movement,Walking On Spot Side Punch,,False,bodyweight,70,88,95,65
90bc7011-4920-4d35-aa07-b0d458a3e31d,Deep Squat Reach Forward Reach Up,squat,Squat,"leg_press, leg_extension, lunge, leg_curl",False,bodyweight,70,88,95,65
90c310ad-57e7-4962-a48d-7fef910956b2,Double Plank Jack To 4 Mountain Climber,plank,Plank,"crunch, leg_raise, russian_twist",True,bodyweight,70,88,95,65
90cd9665-e40f-451c-a16b-47d01fffbed2,Tree Pose Vrksasana,general_stretch,Stretch,,False,bodyweight,70,88,95,65
90d9c709-3a6d-4885-8f87-366b66ccbe1e,Power Clean Thruster,power_clean,Power Clean,"deadlift, front_squat, snatch, shrug",False,bodyweight,70,88,95,65
90e54289-691d-4145-af37-66a4c37c423e,Triceps Dip (bench Leg),dip,Dip,"bench_press, tricep_pushdown, push_up",True,bodyweight,70,88,95,65
90e9e342-3056-4152-9df5-58c107b725c2,Lying Alternate Toe Touch,general_movement,Lying Alternate Toe Touch,,False,bodyweight,70,88,95,65
90fbcdf0-9a1c-4928-9e2c-0a2e00ce9f9f,Leaning Forward Shrug (Dumbbell),shrug,Shrug,"upright_row, deadlift, bent_over_row",False,dumbbell,92,90,92,90
90fcb1e5-969b-4872-90b8-0d1714a20f02,Sitting Lotus Pose Hip Horizontal Rotation Side Be,hip_stretch,Hip Stretch,,False,bodyweight,70,88,95,65
9114cc2e-0104-4939-b901-537bbc8dc737,Lying Floor Slide,general_movement,Lying Floor Slide,,False,bodyweight,70,88,95,65
9120ca04-29b7-42d2-9711-8749f1533760,Lever Seated Hip Abduction,hip_abduction,Hip Abduction,"hip_adduction, glute_kickback, hip_thrust",False,machine,80,75,20,88
91428318-d46e-4f5b-b925-b59864c4a587,Sitting Air Bike On A Padded Stool,cycling,Cycling,,False,bodyweight,70,88,95,65
9144967c-647f-4441-a981-3efd9938c67e,Side Lying Side Thigh Push,general_movement,Side Lying Side Thigh Push,,False,bodyweight,70,88,95,65
914c7cd5-fae5-42fe-bae7-54094ebb5b26,Glute Bridge Single Arm Chest Press (Dumbbell),chest_press,Chest Press,"bench_press, fly, tricep_pushdown",False,dumbbell,92,90,92,90
914f13e6-b2f8-4b3c-b2d8-b67f887f7db2,Celebratory Hip Thrust,hip_thrust,Hip Thrust,"glute_bridge, romanian_deadlift, leg_curl",False,bodyweight,70,88,95,65
9151099c-b667-427b-9db9-481bc2861d23,Suspension Triceps Extension,tricep_extension,Tricep Extension,"tricep_pushdown, skull_crusher, dip, bicep_curl",False,bodyweight,70,88,95,65
915eb2ec-f465-4545-9f47-4c03e6d1dce1,Walking Front Kick Reach Front,general_movement,Walking Front Kick Reach Front,,False,bodyweight,70,88,95,65
9161740a-afdd-4988-bd80-67b2aa0a6213,Standing Behind Head Crossover And Back Squeeze,back_exercise,Back Exercise,"bent_over_row, lat_pulldown",False,bodyweight,70,88,95,65
917e7c92-4abd-4f2b-8068-3a3dad510463,Seated Alternate Knee Tuck,general_movement,Seated Alternate Knee Tuck,,False,bodyweight,70,88,95,65
9188b471-7f9c-4140-9025-e660d599ae37,Oblique V Up On Floor,v_up,V Up,"crunch, leg_raise, plank",False,bodyweight,70,88,95,65
919b0bc7-b304-40b4-9633-a74179e29183,Sleepers Stretch,general_stretch,Stretch,,False,bodyweight,70,88,95,65
91a79b03-63ba-4eb3-854f-94ef9f4bd149,Crunch Floor,crunch,Crunch,"leg_raise, plank, russian_twist",True,bodyweight,70,88,95,65
91ac86ff-d523-4dff-83bc-9e03ab0265b6,Standing Front Elbow Touch To Overhead Cross,general_movement,Standing Front Elbow Touch To Overhead Cross,,False,bodyweight,70,88,95,65
91b5199d-5efd-4a2e-9640-15dad35821ae,Superman Pulse,general_movement,Superman Pulse,,False,bodyweight,70,88,95,65
91bac256-699f-4586-8135-279916e6e773,Sphinx Push Up,push_up,Push Up,"bench_press, fly, dip, tricep_extension",True,bodyweight,70,88,95,65
91dfa962-c490-4892-9b48-e9b89a271d31,Shoulder Stretch Behind The Back (Resistance Band),shoulder_stretch,Shoulder Stretch,,False,band,60,85,90,50
91e2495c-a416-4a12-b085-b516309ed2f5,Kneeling Shoulder Internal Rotation (Cable),shoulder_exercise,Shoulder Exercise,"shoulder_press, lateral_raise",False,cable,85,88,30,92
91e2b8cb-5b12-41c1-8672-d4a8e8f17895,Scapular Slide Back To Wall,back_exercise,Back Exercise,"bent_over_row, lat_pulldown",False,bodyweight,70,88,95,65
91ee3191-070f-404a-baf3-514124f2857e,Lying Elbow Press (Dumbbell),press,Press,"bench_press, shoulder_press",False,dumbbell,92,90,92,90
9203d873-9b29-4674-9e0e-dc8522d94703,Ball Sit Up (stability Ball),crunch,Crunch,"leg_raise, plank, russian_twist",True,bodyweight,70,88,95,65
92059e0a-6f0f-480f-8ceb-0b9ce101f7a9,Lunge With Internal Rotation,lunge,Lunge,"split_squat, step_up, squat, leg_press",False,bodyweight,70,88,95,65
92079772-fcf0-47d5-9087-d0c408744864,Wide Plank Side Tap,side_plank,Side Plank,"crunch, leg_raise, russian_twist",False,bodyweight,70,88,95,65
9212b6ef-ecc1-4e73-b431-891881b1d7e5,Side Bend (stability Ball),core_exercise,Core Exercise,"crunch, plank",False,bodyweight,70,88,95,65
92189384-b592-4d5c-b026-78a39b7ea84e,Swimmer Kicks,general_movement,Swimmer Kicks,,False,bodyweight,70,88,95,65
923ae4e6-cbf5-4e27-9ead-0db43f6c4109,Standing Archer Butt Kick,general_movement,Standing Archer Butt Kick,,False,bodyweight,70,88,95,65
923c2663-eb22-4fac-9913-9940431e2814,Incline Inner Biceps Curl (Kettlebell),incline_curl,Incline Curl,"bicep_curl, preacher_curl, hammer_curl",False,kettlebell,75,85,85,78
923ec624-54f3-4d35-89e2-500306b1ae9d,Side To Side Hamstring Stretch,hamstring_stretch,Hamstring Stretch,,False,bodyweight,70,88,95,65
92474e43-c98a-452b-a1f8-34f2c12816fb,Reverse Hyper (stability Ball) (Resistance Band),core_exercise,Core Exercise,"crunch, plank",False,band,60,85,90,50
9250025c-9b9a-4808-99d0-710212a11dd7,Lunge With Jump,lunge_jump,Lunge Jump,"split_squat, step_up, squat, leg_press",False,bodyweight,70,88,95,65
925433ce-c578-49bc-a291-72a0ca41b1d9,Iron Cross (Dumbbell),general_movement,Iron Cross,,False,dumbbell,92,90,92,90
92551fe2-de34-44c8-a4f5-2524fefa87fd,Standing Close Grip Curl (Barbell),bicep_curl,Bicep Curl,"hammer_curl, preacher_curl, tricep_extension",False,barbell,95,80,65,95
9272b766-48c6-4535-a191-29a09150ea95,Forward Backward Hop,back_exercise,Back Exercise,"bent_over_row, lat_pulldown",False,bodyweight,70,88,95,65
92757933-82e6-4318-94c6-472295937e57,Standing Hands Torsion (Dumbbell),general_movement,Standing Hands Torsion,,False,dumbbell,92,90,92,90
927c3747-4709-49dc-9068-2cc26ad6bc30,Glute Bridge From Bench,glute_bridge,Glute Bridge,"hip_thrust, romanian_deadlift, leg_curl",False,bodyweight,70,88,95,65
927e9261-226e-4726-b5ca-086114a4bc56,Rear Lunge From Step (Dumbbell),lunge,Lunge,"split_squat, step_up, squat, leg_press",False,dumbbell,92,90,92,90
928b015f-5b20-4ab0-adf6-55750fa42344,Dumbell One Arm Side Lying Bench Press,bench_press,Bench Press,"incline_bench_press, fly, tricep_pushdown, dip",False,bodyweight,70,88,95,65
928f03ea-1f95-49e0-b0ae-4cadc18c5cbc,Side Step Front Plank,side_plank,Side Plank,"crunch, leg_raise, russian_twist",False,bodyweight,70,88,95,65
9290159a-e9f6-4a6d-8b5d-0fd00274de64,Palm Press Back,press,Press,"bench_press, shoulder_press",False,bodyweight,70,88,95,65
9296b718-e510-49f3-889e-ad9e91e6f9d7,Wide Chin Up,chin_up,Chin Up,"lat_pulldown, bent_over_row, bicep_curl",True,bodyweight,70,88,95,65
92a86d8d-1259-4f66-99a6-27dc23021486,Lever Standing Hip Thrust,hip_thrust,Hip Thrust,"glute_bridge, romanian_deadlift, leg_curl",False,machine,80,75,20,88
92b03ab7-3cbf-4b61-b353-f8e41f8c0528,Rear Delt Raise (Bodyweight),rear_delt_fly,Rear Delt Fly,"face_pull, lateral_raise, bent_over_row",False,bodyweight,70,88,95,65
92b04257-759d-4fa1-955a-62826fc12d9b,45 Degrees Single Leg Reverse Hyperextension,back_extension,Back Extension,"romanian_deadlift, good_morning, glute_bridge",False,bodyweight,70,88,95,65
92ba3127-6b2a-4997-b915-a448552e8025,Suspender Pike,general_movement,Suspender Pike,,False,bodyweight,70,88,95,65
92bbe0f6-60f9-4e83-a538-3e530e4dab8e,Kneeling Butterfly With Towels (Bodyweight),fly,Chest Fly,"bench_press, incline_fly, push_up",False,bodyweight,70,88,95,65
92c0eff7-decc-44d3-9974-be358cb2781f,Sitting Rest Pose (front Pov),general_stretch,Stretch,,False,bodyweight,70,88,95,65
92c1589d-055b-4d5d-a881-228d6900492d,Seated Lateral Neck Stretch On A Chair,back_stretch,Back Stretch,,False,bodyweight,70,88,95,65
92cb9a15-b319-44ef-8485-08df22a3c39d,90 To 90 (Stretch),general_stretch,Stretch,,False,bodyweight,70,88,95,65
92ddc81f-f9dc-402a-b42f-7fadca9b6768,Reverse Grip Skullcrusher (Barbell),general_movement,Reverse Grip Skullcrusher,,False,barbell,95,80,65,95
92e13751-36b5-4e9f-9dad-90a10b00ee7e,Behind The Back Clap,back_exercise,Back Exercise,"bent_over_row, lat_pulldown",False,bodyweight,70,88,95,65
92e82d74-0c30-4721-abee-c2fd9f1154e2,Standing Around World Wall Supported (Bodyweight),general_movement,Standing Around World Wall Supported,,False,bodyweight,70,88,95,65
92ef855c-c43b-4a7a-b7f9-a7423c5f6657,Burpee,burpee,Burpee,"push_up, squat_jump, mountain_climber",True,bodyweight,70,88,95,65
92f28f45-52db-4262-b722-8a88f961a835,Hurdle Hops,general_movement,Hurdle Hops,,False,bodyweight,70,88,95,65
9306ed4e-ee12-41c3-8c78-12534c023f2a,Rotation Back Swing,back_exercise,Back Exercise,"bent_over_row, lat_pulldown",False,bodyweight,70,88,95,65
9327086b-d31d-44f1-8e2b-6b927c8d54a3,Deadlift From Deficit (Barbell),deadlift,Deadlift,"romanian_deadlift, bent_over_row, hip_thrust, squat",True,barbell,95,80,65,95
93394dc0-14e5-4f95-8bdf-38f8513d6867,High Pull With Rope Attachment (Cable),core_exercise,Core Exercise,"crunch, plank",False,cable,85,88,30,92
9343cc6f-09b6-4537-8ca5-fc0365bd882c,Standing Alternating Double Elbow Knee Touch,general_movement,Standing Alternating Double Elbow Knee Touch,,False,bodyweight,70,88,95,65
9365e7fc-8f8e-429f-8496-d0e45dca035a,Front Plank,plank,Plank,"crunch, leg_raise, russian_twist",True,bodyweight,70,88,95,65
93852e4c-076a-4d83-9e1e-24762e738a50,Alternate Front Step Knee Drive,general_movement,Alternate Front Step Knee Drive,,False,bodyweight,70,88,95,65
938ab0da-e4bb-4e8c-abd1-06462baf2f89,Standing Switching Vertical Stacked Hand,general_movement,Standing Switching Vertical Stacked Hand,,False,bodyweight,70,88,95,65
93928df9-638d-4a57-af37-c3622b939658,Standing Lateral Leg Circle With A Chair,leg_exercise,Leg Exercise,"squat, leg_press",False,bodyweight,70,88,95,65
93969ee3-f6a4-4f42-8201-63bb61b5c662,Underhand Circle Draw,general_movement,Underhand Circle Draw,,False,bodyweight,70,88,95,65
939d4bb8-decf-4afd-94f5-c296bcebcd93,Kneeling One Arm Cross Body Stretch,general_stretch,Stretch,,False,bodyweight,70,88,95,65
93b74150-d2db-4616-8b0f-1e28d605a2da,Standing Shoulder Medial And Lateral Rotation,shoulder_exercise,Shoulder Exercise,"shoulder_press, lateral_raise",False,bodyweight,70,88,95,65
93b9840f-2f30-4d96-a4a5-0e94970ec06c,Lying Reverse Abdominal Press,press,Press,"bench_press, shoulder_press",False,bodyweight,70,88,95,65
93bbfc98-190b-4dcb-ab31-12440b30fad2,Standing Single Arm Chest Fly (Band),fly,Chest Fly,"bench_press, incline_fly, push_up",False,band,60,85,90,50
93c7ef5c-ebcd-432e-8355-3f7f6ff6dbc8,Dip On Floor With Chair,dip,Dip,"bench_press, tricep_pushdown, push_up",True,bodyweight,70,88,95,65
93dd055b-ae73-40ee-8e6d-c3e92bfe64c8,Jefferson Curl (Dumbbell),bicep_curl,Bicep Curl,"hammer_curl, preacher_curl, tricep_extension",True,dumbbell,92,90,92,90
93dd2a97-3574-4011-865f-813f05937b52,Crossover Heel Touch Squat,squat,Squat,"leg_press, leg_extension, lunge, leg_curl",False,bodyweight,70,88,95,65
93e77020-f34c-42d8-8a94-36effb0bda38,Seated Single Leg Raise,leg_raise,Leg Raise,"crunch, plank, reverse_crunch",False,bodyweight,70,88,95,65
93f5373b-06df-4ee1-8841-a134b4dd14f5,Full Swing (Kettlebell),kettlebell_swing,Kettlebell Swing,"hip_thrust, deadlift, clean",False,kettlebell,75,85,85,78
93f55abd-2733-4464-b31e-b082d1f45cb7,Fly (Dumbbell),fly,Chest Fly,"bench_press, incline_fly, push_up",True,dumbbell,92,90,92,90
93f5980a-52a4-41eb-926c-6c4c18ec9b6a,Pull Apart (Resistance Band),general_movement,Pull Apart,,False,band,60,85,90,50
9404d7a1-e38c-4c80-9126-b1b82d559827,Kneeling Cat Cow Diagonal Reach Stretch,general_stretch,Stretch,,False,bodyweight,70,88,95,65
940b569b-e783-4fc8-b293-66f5ad64a6e8,Single Leg Dip On Floor,dip,Dip,"bench_press, tricep_pushdown, push_up",True,bodyweight,70,88,95,65
941099b2-a0eb-4030-b1a7-0ff4dbc2c9fd,Uneven Pull Up,pull_up,Pull Up,"lat_pulldown, bent_over_row, bicep_curl",True,bodyweight,70,88,95,65
9413e260-03c2-4425-a730-dcea47063679,Sitting Side Circle Draw On A Chair,general_movement,Sitting Side Circle Draw On A Chair,,False,bodyweight,70,88,95,65
94200c40-d8bc-49ff-b320-2886da589576,Revolved Side Angle Pose Parivrtta Parsvakonasana,general_stretch,Stretch,,False,bodyweight,70,88,95,65
9421b342-66e9-4be3-ba05-83137be94ab5,Seated Alternate In Out Leg Raise On Floor,leg_raise,Leg Raise,"crunch, plank, reverse_crunch",False,bodyweight,70,88,95,65
9424bbf9-6449-453a-a106-5340a6fa664c,Walk Wave Machine,general_movement,Walk Wave Machine,,False,machine,80,75,20,88
942a07c8-1757-4030-a375-edbe0bc182d1,Spinal Stretch (on Stability Ball),general_stretch,Stretch,,False,bodyweight,70,88,95,65
942dc0e5-4c63-4103-a398-79ef138779a9,Ring Self Assisted Chin Up,chin_up,Chin Up,"lat_pulldown, bent_over_row, bicep_curl",True,bodyweight,70,88,95,65
9431e0d5-65eb-484d-940d-3ef9bff1db5c,Roll Shoulder Back Rotation Lying On Floor,back_exercise,Back Exercise,"bent_over_row, lat_pulldown",False,bodyweight,70,88,95,65
9436a1b3-fbe6-4994-841f-4b943fd5bc50,Biceps Curl Front Step,bicep_curl,Bicep Curl,"hammer_curl, preacher_curl, tricep_extension",False,bodyweight,70,88,95,65
943e694a-b997-4859-91a0-9f524961be5e,Seated Shoulder Circle,shoulder_exercise,Shoulder Exercise,"shoulder_press, lateral_raise",False,bodyweight,70,88,95,65
944bd410-6625-4c31-a414-1da4805cd644,Lying Triceps Extension (Dumbbell),skull_crusher,Skull Crusher,"tricep_extension, tricep_pushdown, dip",False,dumbbell,92,90,92,90
94522455-63dc-468b-a654-99096db45bed,Glute Ham Developer Full Sit Up,crunch,Crunch,"leg_raise, plank, russian_twist",True,bodyweight,70,88,95,65
94526692-4423-4d08-8775-c267316bb0b1,Standing Alternating Front Feet Tap To Knee Tuck (,general_movement,Standing Alternating Front Feet Tap To Knee Tuck,,False,bodyweight,70,88,95,65
94583a50-72c7-442d-a848-a1967091f887,45 Degree One Leg Hyperextension,back_extension,Back Extension,"romanian_deadlift, good_morning, glute_bridge",False,bodyweight,70,88,95,65
946676ca-3160-4653-a0ad-8d208d144ce7,Downward Dog To Chest Press,chest_press,Chest Press,"bench_press, fly, tricep_pushdown",False,bodyweight,70,88,95,65
9467d183-6bf7-478b-8844-3e269d47bd52,Shin Box Switch,general_movement,Shin Box Switch,,False,bodyweight,70,88,95,65
9469f7ca-9cd1-467e-bfed-fb8ed221b9a5,Mountain Climbers Shoulder Tap,mountain_climber,Mountain Climber,"plank, burpee, high_knees",False,bodyweight,70,88,95,65
946d3af2-3f1c-4433-9293-bb749a792596,Standing Upper Back And Shoulder Stretch,shoulder_stretch,Shoulder Stretch,,False,bodyweight,70,88,95,65
9482d823-d3b9-4ea3-98af-8f64da708d48,Sumo Squat (Dumbbell),sumo_squat,Sumo Squat,"leg_press, leg_extension, lunge, leg_curl",False,dumbbell,92,90,92,90
9483303e-a6a5-4162-9463-639a48aff330,Kneeling Twist Down Up Raise (Dumbbell),raise,Raise,"lateral_raise, front_raise",False,dumbbell,92,90,92,90
94834211-6590-41d3-8713-f2524c29ccb2,Single Leg Bridge (Resistance Band),leg_exercise,Leg Exercise,"squat, leg_press",False,band,60,85,90,50
948a70c9-9819-4cd6-862c-a253ac804c55,Rear Delt Row (Dumbbell),rear_delt_fly,Rear Delt Fly,"face_pull, lateral_raise, bent_over_row",False,dumbbell,92,90,92,90
948de31a-259f-48be-a288-070219e76eab,Deep Push Up And Renegade Row (Dumbbell),push_up,Push Up,"bench_press, fly, dip, tricep_extension",False,dumbbell,92,90,92,90
949161d1-b2fe-405b-ba94-da547290f8fe,Pushdown (Cable),tricep_pushdown,Tricep Pushdown,"tricep_extension, skull_crusher, dip",True,cable,85,88,30,92
94a30459-d135-40ff-8fab-8233f57ea1a7,Standing Balance Quadriceps Stretch,quad_stretch,Quad Stretch,,False,bodyweight,70,88,95,65
94b75bfd-3d22-47a7-8cda-5369a26c24e5,Straight Arm Pulldown (Cable),straight_arm_pulldown,Straight Arm Pulldown,"lat_pulldown, pullover, bent_over_row",False,cable,85,88,30,92
94c9eceb-9ff1-4324-aa4e-c78f92f5ac46,Stepback Russian Twist,russian_twist,Russian Twist,"oblique_crunch, woodchop, side_plank",False,bodyweight,70,88,95,65
94cb91b0-c568-479d-8dc3-cdaade053654,Twist Squat,squat,Squat,"leg_press, leg_extension, lunge, leg_curl",False,bodyweight,70,88,95,65
94de53ac-f3b5-43c7-a758-419aac00c34f,Standing Scissors Jump,general_movement,Standing Scissors Jump,,False,bodyweight,70,88,95,65
94df9e09-05b1-4b39-b06d-9f9f6659d559,Seated To Intense Plantar Flexion,general_movement,Seated To Intense Plantar Flexion,,False,bodyweight,70,88,95,65
94e2844d-15a0-4ea5-a955-08723d2e78ad,Seated Single Leg Half Circle,leg_exercise,Leg Exercise,"squat, leg_press",False,bodyweight,70,88,95,65
94fe9407-09cf-4aed-9235-2ff395299c69,Broad Long Jump,general_movement,Broad Long Jump,,False,bodyweight,70,88,95,65
950372b1-6474-405c-a5b9-5c844a0c6189,Stick Shoulders Stretch,shoulder_stretch,Shoulder Stretch,,False,bodyweight,70,88,95,65
95078b2b-9b78-4cb4-873e-13408dbe2d31,Lever Alternate Leg Press (plate Loaded),leg_press,Leg Press,"squat, leg_extension, leg_curl, hack_squat",True,machine,80,75,20,88
9507dff2-7c76-41d2-8132-33d8eb182888,Incline Single Arm Lat Pulldown (Cable),lat_pulldown,Lat Pulldown,"pull_up, bent_over_row, bicep_curl, face_pull",True,cable,85,88,30,92
950f7d0c-896d-4107-b884-547afafeaab0,Hanging Toes To Bar,general_movement,Hanging Toes To Bar,,False,bodyweight,70,88,95,65
9513da7d-9ec8-4074-9e48-fec9527221df,Incline Hip Raise,raise,Raise,"lateral_raise, front_raise",False,bodyweight,70,88,95,65
95295fdc-9f49-4cb5-baa5-29cd1646b494,Across Chest Shoulder Stretch,shoulder_stretch,Shoulder Stretch,,False,bodyweight,70,88,95,65
9533cdc9-b414-4a55-bc8b-82e2996359a5,Single Stiff Leg Deadlift (Dumbbell),stiff_leg_deadlift,Stiff Leg Deadlift,"romanian_deadlift, bent_over_row, hip_thrust, squat",False,dumbbell,92,90,92,90
954058e2-b50f-472b-b0d3-944c875534f3,45 Degrees Hyperextension (Resistance Band),back_extension,Back Extension,"romanian_deadlift, good_morning, glute_bridge",False,band,60,85,90,50
955493bc-aaca-47f2-b7f1-fbfeef6a2f95,Paused Sumo Deadlift (Barbell),sumo_deadlift,Sumo Deadlift,"romanian_deadlift, bent_over_row, hip_thrust, squat",False,barbell,95,80,65,95
9554bda5-dd15-4536-bc72-eb11f3ee22c5,Run And Half Knee Bend,running,Running,,False,bodyweight,70,88,95,65
955c9256-3c7d-43ba-a47a-0925e0e343a2,Overhead Sit Up With Legs On Bench (Dumbbell),crunch,Crunch,"leg_raise, plank, russian_twist",False,dumbbell,92,90,92,90
95684d57-9655-42f3-9887-fbb6611af145,Dead Bug (stability Ball),core_exercise,Core Exercise,"crunch, plank",False,bodyweight,70,88,95,65
956ee6ac-7f5f-4564-8b9c-937b72482f45,Medicine Ball Sit Up Slam,crunch,Crunch,"leg_raise, plank, russian_twist",True,bodyweight,70,88,95,65
9575787e-dd4a-4910-9187-fa1e8171fb6d,Split Squat (Kettlebell),split_squat,Split Squat,"leg_press, leg_extension, lunge, leg_curl",False,kettlebell,75,85,85,78
958afd77-ac7b-441f-bd7b-72f8b883e0f9,Front Plank To Downward Dog (Bodyweight),plank,Plank,"crunch, leg_raise, russian_twist",True,bodyweight,70,88,95,65
95914e8e-1dfd-4097-9f93-292435a1b2fe,Press Under,press,Press,"bench_press, shoulder_press",False,bodyweight,70,88,95,65
9592562d-74e0-4c4d-96c5-3ecf852200e8,Seated Chest Press (Cable),chest_press,Chest Press,"bench_press, fly, tricep_pushdown",False,cable,85,88,30,92
95a9ea80-df4c-4144-bf33-dec997bf7071,Lever Glute Abductors Press,hip_abduction,Hip Abduction,"hip_adduction, glute_kickback, hip_thrust",False,machine,80,75,20,88
95ad03fc-61c9-44ff-8224-ea247a9d8fc6,Side Lying Diagonal Backward Leg Raise,leg_raise,Leg Raise,"crunch, plank, reverse_crunch",False,bodyweight,70,88,95,65
95b284de-2042-47db-9191-d60dee2b837a,Long Distance Lunge (low Lunge),lunge,Lunge,"split_squat, step_up, squat, leg_press",False,bodyweight,70,88,95,65
95b40119-8f15-484c-863e-d52aa650acc4,Lying Calf Stretch,calf_stretch,Calf Stretch,,False,bodyweight,70,88,95,65
95b6f1b9-7656-40ae-8ca6-97e0e55ad2ee,Lever Angled Leg Press,leg_press,Leg Press,"squat, leg_extension, leg_curl, hack_squat",True,machine,80,75,20,88
95b909bc-b872-4a8a-a902-e2ebcef55468,Lever Seated Squat Calf Raise On Leg Press Machine,squat,Squat,"leg_press, leg_extension, lunge, leg_curl",False,machine,80,75,20,88
95bd13d1-1c96-430d-bab3-5ad60e9d2eaf,Lying Side Bend,general_movement,Lying Side Bend,,False,bodyweight,70,88,95,65
95c62ac2-cb4c-4b4a-8a63-cb5b4053707b,Stability Ball Single Leg Squat,squat,Squat,"leg_press, leg_extension, lunge, leg_curl",False,bodyweight,70,88,95,65
95dbc6e6-d5cb-4e63-9402-68eea5f9bf02,Ring Weighted Vest Decline Push Up,decline_push_up,Decline Push Up,"bench_press, fly, dip, tricep_extension",False,bodyweight,70,88,95,65
95f66a8f-19f9-426a-a850-5c7700b8f687,Standing Top Clap Back Clap,back_exercise,Back Exercise,"bent_over_row, lat_pulldown",False,bodyweight,70,88,95,65
95fd1971-596d-417c-8938-b4dbafdb8fb5,45 Degree Hip Extension Glute Focused,extension,Extension,"tricep_extension, leg_extension",False,bodyweight,70,88,95,65
96035b74-ee44-4b3f-916e-41dee43234bd,High Knee Walk,high_knees,High Knees,"mountain_climber, burpee, jumping_jack",False,bodyweight,70,88,95,65
9610dd8c-f9a5-463a-a570-30500ce9fa70,Shoulder Press (Cable),shoulder_press,Shoulder Press,"lateral_raise, front_raise, tricep_extension",False,cable,85,88,30,92
9613ae35-79f4-4e63-8d35-05ff7f592990,Prisoner High Knee,high_knees,High Knees,"mountain_climber, burpee, jumping_jack",False,bodyweight,70,88,95,65
963848c3-0e17-4326-9380-12667a8d360c,Cheat Curl,curl,Curl,"bicep_curl, hammer_curl",False,bodyweight,70,88,95,65
96417d7b-b989-4299-8f55-29a25ebfdb49,Lying Prone Ys (Bodyweight),general_movement,Lying Prone Ys,,False,bodyweight,70,88,95,65
964fcfe8-cea2-4606-a73c-efcac7ea06df,Incline Front Raise (Barbell),front_raise,Front Raise,"shoulder_press, lateral_raise, incline_bench_press",False,barbell,95,80,65,95
96520736-0e73-49ce-a83f-4ab29c6fe16d,Upright Row (Cable),upright_row,Upright Row,"lateral_raise, shrug, shoulder_press",False,cable,85,88,30,92
96528e82-9fb5-4854-a068-b5ebfbd8b2a9,Standing Inner Curl (Cable),bicep_curl,Bicep Curl,"hammer_curl, preacher_curl, tricep_extension",False,cable,85,88,30,92
96591785-cff4-4a25-a4d0-1308fe4ab090,Deadlift (Band),deadlift,Deadlift,"romanian_deadlift, bent_over_row, hip_thrust, squat",False,band,60,85,90,50
965e936f-88e3-42d7-b194-34f8ea62db98,Seated Alternate Back Rotation On A Chair,back_exercise,Back Exercise,"bent_over_row, lat_pulldown",False,bodyweight,70,88,95,65
965f77b6-25a4-4f72-b864-66655f56be5e,Stick Subscapularis Muscle Relax,general_movement,Stick Subscapularis Muscle Relax,,False,bodyweight,70,88,95,65
9674d345-647b-4d10-a858-008033db5ded,Standing Front Triple Arm Cross And Top Triple Arm,arm_exercise,Arm Exercise,"bicep_curl, tricep_extension",False,bodyweight,70,88,95,65
967ebe98-2b6d-4096-ad40-ea666a98c180,Bird Of Paradise Pose Svarga Dvijasana,general_stretch,Stretch,,False,bodyweight,70,88,95,65
96973851-8484-4c08-a757-e6b5e93251b6,EZ Bar Incline Front Raise,front_raise,Front Raise,"shoulder_press, lateral_raise, incline_bench_press",False,bodyweight,70,88,95,65
96a612cc-4dab-438c-a7e3-9d1ff74151cc,One Arm Low Fly (Dumbbell),fly,Chest Fly,"bench_press, incline_fly, push_up",True,dumbbell,92,90,92,90
96aee11a-461d-44d1-9f32-b64e12fac65e,Assisted Chin Tuck,general_movement,Assisted Chin Tuck,,False,bodyweight,70,88,95,65
96cd5394-36f1-4d41-8f53-95b5d34d7aec,Scorpion Stretch,general_stretch,Stretch,,False,bodyweight,70,88,95,65
96db7c13-f25c-40e5-a323-28aa16edbd0c,Elbow Closed Arms Pulse,arm_exercise,Arm Exercise,"bicep_curl, tricep_extension",False,bodyweight,70,88,95,65
96df4a03-c3d5-4262-b572-38e014510a91,Sit Squat,squat,Squat,"leg_press, leg_extension, lunge, leg_curl",False,bodyweight,70,88,95,65
96e17ccb-6070-4326-bdec-0307b16f089f,Lying Around The World,general_movement,Lying Around The World,,False,bodyweight,70,88,95,65
96e93817-ba89-4461-8df1-6e638af97776,Seated Internal And External Shoulder Rotation,shoulder_exercise,Shoulder Exercise,"shoulder_press, lateral_raise",False,bodyweight,70,88,95,65
96f3ad61-e51f-4ac4-ad94-5bca25a52717,Lever Standing Rear Kick,general_movement,Lever Standing Rear Kick,,False,machine,80,75,20,88
96f7e8d4-c33a-40bc-a373-97a67a99baa3,Shoulder Bridge,shoulder_exercise,Shoulder Exercise,"shoulder_press, lateral_raise",False,bodyweight,70,88,95,65
96fa8c86-0487-42ad-a8a8-31587f262bf9,Rotational Jacks,general_movement,Rotational Jacks,,False,bodyweight,70,88,95,65
97082040-52c0-484a-9406-2f7ee1331136,Dips Between Chairs,dip,Dip,"bench_press, tricep_pushdown, push_up",True,bodyweight,70,88,95,65
970b3c10-e014-4f04-8512-e4b5ef23a9b7,Stepback With Hands Raise,raise,Raise,"lateral_raise, front_raise",False,bodyweight,70,88,95,65
971ed370-72ac-4285-acd0-f72d7ca50cb5,Overhead Triceps Extension (Kettlebell),overhead_tricep_extension,Overhead Tricep Extension,"tricep_pushdown, skull_crusher, dip, bicep_curl",False,kettlebell,75,85,85,78
9720a6e4-5746-4de5-b60b-befc818cc880,Half Moon Pose Ardha Chandrasana,general_stretch,Stretch,,False,bodyweight,70,88,95,65
972230b3-1bf5-4c10-be11-da0a868f2635,Elevated Heel Front Squat (Dumbbell),front_squat,Front Squat,"leg_press, leg_extension, lunge, leg_curl",False,dumbbell,92,90,92,90
972410e1-1a6f-4cd2-88fb-46a07c01f252,Lying Alternate Knee Flexion,general_movement,Lying Alternate Knee Flexion,,False,bodyweight,70,88,95,65
9732d5ad-314e-4760-9da6-d91bee460020,Twist Knee Up Punch,general_movement,Twist Knee Up Punch,,False,bodyweight,70,88,95,65
973b4cbf-c3b0-482a-8701-ab21f182acf9,Lever Incline Chest Press,incline_chest_press,Incline Chest Press,"bench_press, fly, tricep_pushdown",False,machine,80,75,20,88
973d1e19-2524-48d1-8abc-c0413f105f94,Bear Squat,squat,Squat,"leg_press, leg_extension, lunge, leg_curl",False,bodyweight,70,88,95,65
9745bf54-a2fb-43c5-87bc-040053db98ca,Smith Back Shrug,shrug,Shrug,"upright_row, deadlift, bent_over_row",False,smith_machine,72,70,25,80
9746580d-1c43-48c5-a7cd-28fef2d99ef0,Side Squat Jack,squat,Squat,"leg_press, leg_extension, lunge, leg_curl",False,bodyweight,70,88,95,65
9749fab0-e037-4fb2-99b6-94b2727cc346,90 To 90 (Alternating),general_movement,90 To 90,,False,bodyweight,70,88,95,65
97560c77-e4d1-42e3-a818-2f3026967db2,Kneeling Stay Forward Wheel Rollout,general_movement,Kneeling Stay Forward Wheel Rollout,,False,bodyweight,70,88,95,65
97569a37-9c7b-42b5-a60e-7e1fe7c6728a,Straight Back Seated Row (Cable),cable_row,Cable Row,"lat_pulldown, face_pull, bicep_curl, rear_delt_fly",True,cable,85,88,30,92
97667586-94d4-49a4-ab6a-63eaefc00265,High Bar Incline Push Up,incline_push_up,Incline Push Up,"bench_press, fly, dip, tricep_extension",False,bodyweight,70,88,95,65
97711700-b2a1-4bca-b4df-2daa9b77d2b7,Incline Reverse Raise With Chest Supported (skier) (Dumbbell),raise,Raise,"lateral_raise, front_raise",False,dumbbell,92,90,92,90
9773e12c-7223-466b-bc37-bc51bf4cb8bf,Rowing (with Rowing Machine),machine_row,Machine Row,"lat_pulldown, face_pull, bicep_curl, rear_delt_fly",False,machine,80,75,20,88
97742fb0-06a6-4505-87fc-83ed684bbac0,Lying Crossed Stacked Arms Stretch,general_stretch,Stretch,,False,bodyweight,70,88,95,65
97774049-5f68-45b1-a02a-ef8da9b6e13c,Weighted Twisting Crunch (on Bench),crunch,Crunch,"leg_raise, plank, russian_twist",True,bodyweight,70,88,95,65
97826d5f-ea07-4e2e-a60f-f33dff64ae88,Suspender Reverse Fly,rear_delt_fly,Rear Delt Fly,"face_pull, lateral_raise, bent_over_row",False,bodyweight,70,88,95,65
97870918-95de-48f5-9dd3-f25238698572,Sitting Single Chest Stretch On A Chair,chest_stretch,Chest Stretch,,False,bodyweight,70,88,95,65
978991d4-9710-4d83-a51b-55b4b76bced3,Downward Dog Leg Raise,leg_raise,Leg Raise,"crunch, plank, reverse_crunch",False,bodyweight,70,88,95,65
97942e66-bb2a-4a22-a15a-02a25746134c,Smith Close Grip Bench Press,close_grip_bench_press,Close Grip Bench Press,"bench_press, tricep_extension, dip",False,smith_machine,72,70,25,80
979b6aff-2a4f-4dca-9120-5ada9379be4f,Figure 8 March,general_movement,Figure 8 March,,False,bodyweight,70,88,95,65
979f07b6-372c-4c3f-99d3-9ff0cf2a2f0b,Alternate Knee Raise Side Reach,leg_raise,Leg Raise,"crunch, plank, reverse_crunch",False,bodyweight,70,88,95,65
97af26e3-2e0d-4109-b265-e30262991c17,Shoulder Abduction,hip_abduction,Hip Abduction,"hip_adduction, glute_kickback, hip_thrust",False,bodyweight,70,88,95,65
97b1da14-e266-4ef3-8764-d8aa1bf92ef4,Bent Over Row (Resistance Band),bent_over_row,Bent Over Row,"lat_pulldown, face_pull, bicep_curl, rear_delt_fly",False,band,60,85,90,50
97ba0ee0-50db-457a-a172-96155e5f8b22,Seated Shoulder Internal Rotation (Cable),shoulder_exercise,Shoulder Exercise,"shoulder_press, lateral_raise",False,cable,85,88,30,92
97bc23f5-8575-4251-b013-1574a1905eb2,Standing Triple Arm Cross,arm_exercise,Arm Exercise,"bicep_curl, tricep_extension",False,bodyweight,70,88,95,65
97bfd5f3-adb4-4c32-993b-2f7a103c4106,Lying Shoulder External Rotation (Bodyweight),shoulder_exercise,Shoulder Exercise,"shoulder_press, lateral_raise",False,bodyweight,70,88,95,65
97c1d2b5-0cf1-46a7-9e02-b626c055b5b1,Cobra Pose (stability Ball),general_stretch,Stretch,,False,bodyweight,70,88,95,65
97c9691e-e408-4c5d-b73d-8a6fccd9a9a9,Seated Forward Bend Stretch On A Chair,general_stretch,Stretch,,False,bodyweight,70,88,95,65
97d43e20-fd01-494f-85e4-6ba97a3f8895,Standing Switching Palm Squeezes,general_movement,Standing Switching Palm Squeezes,,False,bodyweight,70,88,95,65
97d5ae37-400b-4c9f-a0d0-242a90830b92,Sitting Corkscrew On A Chair,general_movement,Sitting Corkscrew On A Chair,,False,bodyweight,70,88,95,65
97dd40e7-cc72-47a8-94e6-575e2a2977a0,Kneeling Cat Cow Look Back,back_exercise,Back Exercise,"bent_over_row, lat_pulldown",False,bodyweight,70,88,95,65
97dd62ba-65de-4a84-9db0-55eb95d860d0,Standing Balance Glute Kickback (V (Resistance Band),back_exercise,Back Exercise,"bent_over_row, lat_pulldown",False,band,60,85,90,50
97e15e29-105a-42cf-8613-cb865b633d76,Sitting Neck Stretch,general_stretch,Stretch,,False,bodyweight,70,88,95,65
97e60226-e848-4b2a-87c6-a5640743ec48,Over Bench One Arm Neutral Wrist Curl (Dumbbell),arm_exercise,Arm Exercise,"bicep_curl, tricep_extension",False,dumbbell,92,90,92,90
97ea81ea-9aab-476a-b89d-c417ba785b3d,Squat To Side Leg (Bodyweight),squat,Squat,"leg_press, leg_extension, lunge, leg_curl",False,bodyweight,70,88,95,65
97eb4ce4-242a-4d5c-9c0d-4eebc20c3f1c,Frog Crunch,crunch,Crunch,"leg_raise, plank, russian_twist",True,bodyweight,70,88,95,65
97ebb6ae-09d9-48ed-bb79-2d616ac7ed7e,Front Lateral Raise (Band),lateral_raise,Lateral Raise,"shoulder_press, front_raise, rear_delt_fly",False,band,60,85,90,50
9803f3a6-96f7-42bd-bd51-9ecfcad5f904,Sitting Side Crunch On A Padded Stool,oblique_crunch,Oblique Crunch,"leg_raise, plank, russian_twist",False,bodyweight,70,88,95,65
981b10b0-225c-4854-a2fa-3c9493465ede,Incline Biceps Curl (Band),incline_curl,Incline Curl,"bicep_curl, preacher_curl, hammer_curl",False,band,60,85,90,50
9837d5f6-3f33-463a-bd8f-8ed38fadf3c0,Ring Pullover,pullover,Pullover,"lat_pulldown, straight_arm_pulldown, fly",False,bodyweight,70,88,95,65
9844e0db-ca1b-4e33-b672-efe4a23ea8d1,Crab Knee To Elbow,core_exercise,Core Exercise,"crunch, plank",False,bodyweight,70,88,95,65
984cc155-b721-49e5-9066-f3b4f109df0f,Stepback Diagonal Punch,back_exercise,Back Exercise,"bent_over_row, lat_pulldown",False,bodyweight,70,88,95,65
9854e887-60af-4dec-a640-193bc11e115e,Reverse Fly (Kettlebell),rear_delt_fly,Rear Delt Fly,"face_pull, lateral_raise, bent_over_row",False,kettlebell,75,85,85,78
98559454-cfb4-462e-b278-e6c7eda37c2a,Seated 8 Leg Crunch With Chair,crunch,Crunch,"leg_raise, plank, russian_twist",True,bodyweight,70,88,95,65
9861ac98-6608-41e8-8171-24041ac446c5,Low Cross Front Leg Lift,leg_exercise,Leg Exercise,"squat, leg_press",False,bodyweight,70,88,95,65
988ac888-f6bf-4a01-91a7-29f24e646288,Weighted Plate Standing Front Raise Drive,front_raise,Front Raise,"shoulder_press, lateral_raise, incline_bench_press",False,bodyweight,70,88,95,65
9894b81b-0099-42a9-83e4-b59772dcebc0,Seated In Out Leg Raise Over Bench,leg_raise,Leg Raise,"crunch, plank, reverse_crunch",False,bodyweight,70,88,95,65
98a077fb-7a56-4229-b814-018bedb7bdb7,Preacher Curl (Barbell),preacher_curl,Preacher Curl,"bicep_curl, hammer_curl, concentration_curl",False,barbell,95,80,65,95
98a43084-04d7-4e61-8e28-62ac0e856bec,Deadlift (Dumbbell),deadlift,Deadlift,"romanian_deadlift, bent_over_row, hip_thrust, squat",False,dumbbell,92,90,92,90
98a5d1d6-4845-40a5-9254-0bbd0c1c9ed8,Seated Palms Up Wrist Curl (Dumbbell),general_movement,Seated Palms Up Wrist Curl,,False,dumbbell,92,90,92,90
98bcce70-f2e3-4c92-8671-602ecd550e51,Farmers Walk,farmers_walk,Farmer Walk,"shrug, deadlift, lunge",False,bodyweight,70,88,95,65
98e97db6-d6cc-4528-ab90-f5f05f96dad4,Standing Alternate Chest Press (Band),chest_press,Chest Press,"bench_press, fly, tricep_pushdown",False,band,60,85,90,50
98ee9f25-39eb-4acd-b482-a62fa05add3d,Shoulder External Rotation In Support (Dumbbell),shoulder_exercise,Shoulder Exercise,"shoulder_press, lateral_raise",False,dumbbell,92,90,92,90
98fed3bc-ff8f-4375-b015-36f788214645,Side Two Front Toe Touching,general_movement,Side Two Front Toe Touching,,False,bodyweight,70,88,95,65
98ff14c5-2c12-4b8c-a571-ab3075fee708,Standing Iron Eagle,general_movement,Standing Iron Eagle,,False,bodyweight,70,88,95,65
9912a247-964c-4c34-a369-00353dfd9b16,Seated Face Pull (Rope) (Cable),face_pull,Face Pull,"rear_delt_fly, lateral_raise, bent_over_row",True,cable,85,88,30,92
9921e161-72ca-4e4e-ba09-201ad13a416f,Body Slide,general_movement,Body Slide,,False,bodyweight,70,88,95,65
993183d4-5e3a-4717-ae54-85908ede38d8,Weighted Plate Lying Crunch,crunch,Crunch,"leg_raise, plank, russian_twist",True,bodyweight,70,88,95,65
9941c12a-8deb-445c-901b-2c1e85f31699,Lying Double Glute Lift Heel Tap,glute_exercise,Glute Exercise,"hip_thrust, glute_bridge",False,bodyweight,70,88,95,65
994d132f-9963-4bea-98bf-8f5bb9825bbd,Side Crow Yoga Pose,general_stretch,Stretch,,False,bodyweight,70,88,95,65
995bad94-0398-46c0-9fd9-84fdee5dfa0f,Peacher Hammer Curl (Dumbbell),hammer_curl,Hammer Curl,"bicep_curl, preacher_curl, reverse_curl",True,dumbbell,92,90,92,90
995e7ca5-6824-41f3-88a2-bafcbc6c5c62,Sitting Neck Rotation On A Chair,general_movement,Sitting Neck Rotation On A Chair,,False,bodyweight,70,88,95,65
997daa8c-7c7e-4862-b860-ac890d7ddcfa,Seated Knee Up Extended Rotation Stretch,general_stretch,Stretch,,False,bodyweight,70,88,95,65
997f1ef7-4331-4354-a0d2-a9ae4d240a06,Seated Behind Back Raise,raise,Raise,"lateral_raise, front_raise",False,bodyweight,70,88,95,65
9981a610-d865-405c-a02d-b701142c9d65,Standing Arms Out Twist,arm_exercise,Arm Exercise,"bicep_curl, tricep_extension",False,bodyweight,70,88,95,65
99852e7c-b093-431d-aa60-6c0f737b4c82,Leg Curl (stability Ball),leg_curl,Leg Curl,"romanian_deadlift, hip_thrust, leg_extension",False,bodyweight,70,88,95,65
9996995a-ca81-4b2e-908e-d11105d3164c,Lying Woodchop (Dumbbell),woodchop,Woodchop,"russian_twist, oblique_crunch, plank",False,dumbbell,92,90,92,90
99978bbd-929f-49af-9ed0-2fe4c88e3cfa,Lying Around The World (side Pov),general_movement,Lying Around The World,,False,bodyweight,70,88,95,65
9998d8f7-43fe-442b-8399-ab3564efa838,Squat Air Bike,squat,Squat,"leg_press, leg_extension, lunge, leg_curl",False,bodyweight,70,88,95,65
99aa784e-35b5-44ee-9a75-9036ecf4c3fe,Double Punch Knee Raise,leg_raise,Leg Raise,"crunch, plank, reverse_crunch",False,bodyweight,70,88,95,65
99afb5e5-d361-4104-93eb-64f716a0f922,Lying Floor Single Leg Negative Dragon Flag,leg_exercise,Leg Exercise,"squat, leg_press",False,bodyweight,70,88,95,65
99affae0-1460-4cfe-9e0b-423a67328a2e,Star Squat,squat,Squat,"leg_press, leg_extension, lunge, leg_curl",False,bodyweight,70,88,95,65
99b6a7ba-5d1e-41ce-a2f4-3350131f4043,Wide Squat (Dumbbell),squat,Squat,"leg_press, leg_extension, lunge, leg_curl",False,dumbbell,92,90,92,90
99b74ae4-a47b-41a4-b1e2-3e441e732843,Standing Lift (Cable),core_exercise,Core Exercise,"crunch, plank",False,cable,85,88,30,92
99b81765-2b94-4239-a2be-b6d6af7a3215,Side Plank Raise (Dumbbell),side_plank,Side Plank,"crunch, leg_raise, russian_twist",False,dumbbell,92,90,92,90
99d72b5d-8c10-4731-891a-d1ee21c5d5bf,Forward Lunge (Kettlebell),lunge,Lunge,"split_squat, step_up, squat, leg_press",False,kettlebell,75,85,85,78
99d9f496-a3a4-4522-8d3d-49569373f884,Seated Side Neck Stretch On A Padded Stool,general_stretch,Stretch,,False,bodyweight,70,88,95,65
99eeb441-111a-43f9-94aa-50fde3676f89,Lever Seated Calf Press,seated_calf_raise,Seated Calf Raise,leg_press,False,machine,80,75,20,88
99f93004-eb84-4973-9017-a7010bc25934,Lever Seated Leg Curl,seated_leg_curl,Seated Leg Curl,"romanian_deadlift, hip_thrust, leg_extension",False,machine,80,75,20,88
9a02800c-1816-4824-b9e2-d6f9bce7f980,Roll Ball Biceps Brachii,arm_exercise,Arm Exercise,"bicep_curl, tricep_extension",False,bodyweight,70,88,95,65
9a06d655-77cb-42ae-9231-81a33e3b5061,Glute Ham Sit Up,crunch,Crunch,"leg_raise, plank, russian_twist",True,bodyweight,70,88,95,65
9a1821a5-8a87-4e5e-9b9b-efe2e038ed3c,Goblet Lateral Step Up (Kettlebell),step_up,Step Up,"lunge, split_squat, squat",False,kettlebell,75,85,85,78
9a1f65c9-58e3-4a9e-b90b-69616a5bb348,Burpee (Kettlebell),burpee,Burpee,"push_up, squat_jump, mountain_climber",False,kettlebell,75,85,85,78
9a248a59-c0ae-4a7f-8ef9-364d3677c46b,Standing Arms And Hip Circle,arm_exercise,Arm Exercise,"bicep_curl, tricep_extension",False,bodyweight,70,88,95,65
9a3077ad-7334-4e47-a543-c64560a0cc04,Squat Abductors,squat,Squat,"leg_press, leg_extension, lunge, leg_curl",False,bodyweight,70,88,95,65
9a310672-d0c9-46b1-9657-63cc1645ded9,Sitting Swimming Knee Raise On A Chair,leg_raise,Leg Raise,"crunch, plank, reverse_crunch",False,bodyweight,70,88,95,65
9a3ae403-b1ea-4aba-a9dd-ed4943efb618,Standing Top Clap And Prayer Push,general_movement,Standing Top Clap And Prayer Push,,False,bodyweight,70,88,95,65
9a42fae0-dd7d-49e1-a1a3-4e3184cb0cd9,One Arm Floor Press (Barbell),press,Press,"bench_press, shoulder_press",False,barbell,95,80,65,95
9a5275ff-4c84-454e-891e-8a40e3749399,Old School Reverse Extensions,extension,Extension,"tricep_extension, leg_extension",False,bodyweight,70,88,95,65
9a5ab70c-9303-409c-9a3d-95102369414c,Side Lunge Stretch (Resistance Band),general_stretch,Stretch,,False,band,60,85,90,50
9a6077c3-37fb-4418-8918-5d589468a5b8,Side To Side Punches,general_movement,Side To Side Punches,,False,bodyweight,70,88,95,65
9a6fee5b-25e0-46d5-a969-1d49893dae30,Squat To Straddle,squat,Squat,"leg_press, leg_extension, lunge, leg_curl",False,bodyweight,70,88,95,65
9a735f9b-b225-4ea5-9dfe-a1d505e69592,Fly (Kettlebell),fly,Chest Fly,"bench_press, incline_fly, push_up",False,kettlebell,75,85,85,78
9a7620f5-d9a1-4554-a812-7e63142fe9a5,Front Elbow Plank,plank,Plank,"crunch, leg_raise, russian_twist",True,bodyweight,70,88,95,65
9a782daa-0823-446c-a37d-d5ad24caf062,Sitting Side Neck Stretch On A Chair,general_stretch,Stretch,,False,bodyweight,70,88,95,65
9a873dfd-2b11-4fa7-9b0a-072d2fc773d1,Dynamic Knee Drop,general_movement,Dynamic Knee Drop,,False,bodyweight,70,88,95,65
9a940513-4738-4ea0-b6ec-7a3dc7f6508c,Suspended Push Up,push_up,Push Up,"bench_press, fly, dip, tricep_extension",True,bodyweight,70,88,95,65
9ab1880d-d8d2-47c9-bf0e-428a9192fb5d,Single Arm Shoulder Press (Band),shoulder_press,Shoulder Press,"lateral_raise, front_raise, tricep_extension",False,band,60,85,90,50
9ab526fd-b36d-4247-acc4-a1ef66d7f294,Plank Jack,plank,Plank,"crunch, leg_raise, russian_twist",True,bodyweight,70,88,95,65
9ac525b7-e6fc-4601-b171-6539cbaa440d,Bench Front Squat (Barbell),front_squat,Front Squat,"leg_press, leg_extension, lunge, leg_curl",False,barbell,95,80,65,95
9ae88830-f440-4db8-9b41-7b66e6db3d3e,High Knee Squat,squat,Squat,"leg_press, leg_extension, lunge, leg_curl",False,bodyweight,70,88,95,65
9aec2b26-5c2d-40ef-93d2-69cdb1224fd2,Standing United Biceps Curl,bicep_curl,Bicep Curl,"hammer_curl, preacher_curl, tricep_extension",False,bodyweight,70,88,95,65
9aff9c93-a25e-40d6-aba2-2a3f6965bc5f,Sprinter Skip,running,Running,,False,bodyweight,70,88,95,65
9b1a0ece-fe4d-4ccc-ac19-998cd2bbebe7,Box Jump Through The Arms,box_jump,Box Jump,"squat_jump, lunge_jump, squat",False,bodyweight,70,88,95,65
9b342eb4-2c02-4396-95ea-54aa22e7f61e,Hanging Pike,general_movement,Hanging Pike,,False,bodyweight,70,88,95,65
9b37433a-7847-4b00-a217-e430f62267b4,High Lunge,lunge,Lunge,"split_squat, step_up, squat, leg_press",False,bodyweight,70,88,95,65
9b38e168-4319-49db-b125-e84451612945,Incline Bench Press (Cable),incline_bench_press,Incline Bench Press,"bench_press, incline_fly, shoulder_press",False,cable,85,88,30,92
9b4d82bd-e46f-4056-bcfb-f056a2b512ef,Good Morning (Bodyweight),good_morning,Good Morning,"romanian_deadlift, hip_thrust, back_extension",False,bodyweight,70,88,95,65
9b515ff4-571a-43b1-9259-3b5c6962d189,Squat Press Up,squat,Squat,"leg_press, leg_extension, lunge, leg_curl",False,bodyweight,70,88,95,65
9b74bca9-6ce7-48a6-838e-09db6468ef18,Squat 2 Sec Hold (Barbell),squat,Squat,"leg_press, leg_extension, lunge, leg_curl",True,barbell,95,80,65,95
9b7ad2aa-70d7-420a-b2d0-d4ffbeaf606c,Standing Hip Extension (Cable),extension,Extension,"tricep_extension, leg_extension",False,cable,85,88,30,92
9b7f4abb-ba5a-4d24-b17d-a53f21072345,Surrender Side Bend,general_movement,Surrender Side Bend,,False,bodyweight,70,88,95,65
9b9e6abd-b8cc-4290-ab72-988a41424e87,Side To Side Quick Step,general_movement,Side To Side Quick Step,,False,bodyweight,70,88,95,65
9bac0871-40d1-4107-9dff-7a64219f70db,Cross Body One Arm Chest Press (Band),chest_press,Chest Press,"bench_press, fly, tricep_pushdown",False,band,60,85,90,50
9bc5a4e9-e85e-43f1-ae8c-3abc4cd1f4d5,Lever Reverse Grip High Row (plate Loaded),machine_row,Machine Row,"lat_pulldown, face_pull, bicep_curl, rear_delt_fly",False,machine,80,75,20,88
9bd18d37-bab7-43ca-8d07-97f242d5e3c8,Kneeling Straight Leg Circle,leg_exercise,Leg Exercise,"squat, leg_press",False,bodyweight,70,88,95,65
9bd7d48d-fe98-4e92-b49b-9e669502b117,Walk In And Out Arm Swing,arm_exercise,Arm Exercise,"bicep_curl, tricep_extension",False,bodyweight,70,88,95,65
9bf1111b-248f-4e2b-b08e-77ec9cff7c5d,Seated Quick Step On A Chair,general_movement,Seated Quick Step On A Chair,,False,bodyweight,70,88,95,65
9bf62556-feac-4f74-9ce1-ae74ab4b43d1,Sitting Underhand Crossover On A Chair,general_movement,Sitting Underhand Crossover On A Chair,,False,bodyweight,70,88,95,65
9c01beca-8c2a-4579-9a4d-0c7a8ccd8372,Butterfly Pose Forward,general_stretch,Stretch,,False,bodyweight,70,88,95,65
9c08d30d-06a3-4ac9-8fa8-2a4a1c30f6d5,Goblet Squat (Cable),goblet_squat,Goblet Squat,"leg_press, leg_extension, lunge, leg_curl",False,cable,85,88,30,92
9c0c2058-77a7-40ee-8a18-86b1bcedb18d,Wide Kneeling Hip Thrust,hip_thrust,Hip Thrust,"glute_bridge, romanian_deadlift, leg_curl",False,bodyweight,70,88,95,65
9c0d52f6-63df-4478-888a-29870c6ca479,Single Leg Lift On A Chair,leg_exercise,Leg Exercise,"squat, leg_press",False,bodyweight,70,88,95,65
9c0ea63b-6ce6-4076-8fa2-0bbc32b8e9a5,Self Assisted Inverse Leg Curl,leg_curl,Leg Curl,"romanian_deadlift, hip_thrust, leg_extension",False,bodyweight,70,88,95,65
9c0fd20b-a46f-491f-88f5-baeddfe1a909,Iron Cross (Dumbbell),general_movement,Iron Cross,,False,dumbbell,92,90,92,90
9c15c200-a6e0-43ca-a1f3-c4144eb4aeae,Sitting Lotus Pose Twisting Front Back Tap,back_stretch,Back Stretch,,False,bodyweight,70,88,95,65
9c1f84aa-3355-42a5-aa65-21fdf0db0cd6,Puppy Pose,general_stretch,Stretch,,False,bodyweight,70,88,95,65
9c20f514-1816-4c2a-89dd-18cf592bf0e3,Plank Pass Through (Dumbbell),plank,Plank,"crunch, leg_raise, russian_twist",False,dumbbell,92,90,92,90
9c25f66b-7d2d-4b2b-aab2-1261efefe113,Lying Bent Knee Side Roll,general_movement,Lying Bent Knee Side Roll,,False,bodyweight,70,88,95,65
9c290fa0-f0e7-45d6-8491-67036df2a3dd,Full Squat (side Pov) (Barbell),squat,Squat,"leg_press, leg_extension, lunge, leg_curl",True,barbell,95,80,65,95
9c31c4df-6c2f-4527-ab4c-1825cd68ec3f,Lever Seated Single Leg Press,leg_press,Leg Press,"squat, leg_extension, leg_curl, hack_squat",True,machine,80,75,20,88
9c3baa55-3aee-4385-ba01-756b86a58623,Lever Bent Over Neutral Grip Row (with Chest Support),machine_row,Machine Row,"lat_pulldown, face_pull, bicep_curl, rear_delt_fly",False,machine,80,75,20,88
9c44478e-7728-4117-9d88-b2ec145999db,Push Up On Forearms,push_up,Push Up,"bench_press, fly, dip, tricep_extension",True,bodyweight,70,88,95,65
9c505554-87b4-4617-b8b9-7dd48ec9d881,Judo Flip (Cable),core_exercise,Core Exercise,"crunch, plank",False,cable,85,88,30,92
9c577624-31ec-4521-ab76-c45190c81632,Elbow To Knee Sit Up,crunch,Crunch,"leg_raise, plank, russian_twist",True,bodyweight,70,88,95,65
9c584671-db08-4743-9c24-2e28763dd7b2,Change Lateral Raise Curtsey Lunge (Dumbbell),lateral_raise,Lateral Raise,"shoulder_press, front_raise, rear_delt_fly",True,dumbbell,92,90,92,90
9c5dc239-29a8-4ca1-bd9c-441b73ce27b2,Jackknife,general_movement,Jackknife,,False,bodyweight,70,88,95,65
9c68c5fd-8bcf-4cc6-b246-ecba3de8ac5d,Weighted Backpack Walking,back_exercise,Back Exercise,"bent_over_row, lat_pulldown",False,bodyweight,70,88,95,65
9c6c5f58-88bf-49bb-87e7-33d2104bb830,Row With Chest Supported (Dumbbell),bent_over_row,Bent Over Row,"lat_pulldown, face_pull, bicep_curl, rear_delt_fly",False,dumbbell,92,90,92,90
9c729907-925c-4d1d-9448-a1eae923e3fe,Decline Bench Press (Dumbbell),decline_bench_press,Decline Bench Press,"bench_press, dip, fly",False,dumbbell,92,90,92,90
9c90bbd7-04cb-40ce-8041-227939d78326,Elbow Touch And Lift,general_movement,Elbow Touch And Lift,,False,bodyweight,70,88,95,65
9c945218-1554-4a77-8189-dae934fe7252,One Arm Twisting Seated Row (Band),cable_row,Cable Row,"lat_pulldown, face_pull, bicep_curl, rear_delt_fly",False,band,60,85,90,50
9c9f9d3f-3087-4be2-8b95-a43724dada87,Step Up (Dumbbell),step_up,Step Up,"lunge, split_squat, squat",False,dumbbell,92,90,92,90
9ca3ca17-ce14-475f-8496-b4e432ffc877,Seated I And T Raise On Chair,raise,Raise,"lateral_raise, front_raise",False,bodyweight,70,88,95,65
9cab1bcb-8e0b-4f3e-99d1-392404e26e76,Sitting Lumbar Spine Extension,extension,Extension,"tricep_extension, leg_extension",False,bodyweight,70,88,95,65
9cad1f3b-12bc-4446-881f-dca7f2342cd2,Weighted Sandbag Carry (bear Hug),farmers_walk,Farmer Walk,"shrug, deadlift, lunge",False,bodyweight,70,88,95,65
9cc7af30-da92-4dd9-a7ba-6c62af282b63,Kneeling Leg Out Side Walk,leg_exercise,Leg Exercise,"squat, leg_press",False,bodyweight,70,88,95,65
9cdb01e7-be71-441f-86ec-407ab11e7583,Standing Side Crunch Elbow To Knee,oblique_crunch,Oblique Crunch,"leg_raise, plank, russian_twist",False,bodyweight,70,88,95,65
9cee085d-3ebd-455d-b25a-e5493718b2dd,Rotator Cuff Stretch,general_stretch,Stretch,,False,bodyweight,70,88,95,65
9cfe129a-8bed-46e5-8abe-7a20e94a6e9d,Front Seated Row (Cable),cable_row,Cable Row,"lat_pulldown, face_pull, bicep_curl, rear_delt_fly",True,cable,85,88,30,92
9d0a7455-2827-4a99-a7bc-f8dd3ff8bb73,Roll Ball Pectoralis Major Clavicular Stretch,chest_stretch,Chest Stretch,,False,bodyweight,70,88,95,65
9d0c635d-dace-4a39-8f95-843e1203367d,Front Kick Twist,general_movement,Front Kick Twist,,False,bodyweight,70,88,95,65
9d0d6db4-88e9-48ee-8eda-53a8a93d74ad,Alternating Arm Thruster (Dumbbell),thruster,Thruster,"front_squat, shoulder_press, clean",False,dumbbell,92,90,92,90
9d14957d-4ab4-40dc-a9f7-23bec5837ba9,Seated Skater On A Chair,general_movement,Seated Skater On A Chair,,False,bodyweight,70,88,95,65
9d18d4c9-228f-4a02-95fe-d9006948f4d1,Weighted Dumbbell Table Top Bridge,core_exercise,Core Exercise,"crunch, plank",False,dumbbell,92,90,92,90
9d1cb792-2f45-4e86-bd36-5c865132d85e,Roll Glutes Sitting On Floor,glute_exercise,Glute Exercise,"hip_thrust, glute_bridge",False,bodyweight,70,88,95,65
9d1e61a3-6ea1-42ee-9769-ea757d4b05f6,Straigh Arm Pulldown (Cable),lat_pulldown,Lat Pulldown,"pull_up, bent_over_row, bicep_curl, face_pull",True,cable,85,88,30,92
9d1fe53b-14d0-46e5-afc8-1d2ba7a986fe,Duck Walk (Resistance Band),general_movement,Duck Walk,,False,band,60,85,90,50
9d24a98b-510a-439a-9dc8-9e05effc4f45,Kneeling Leg Half Circle On Bench (Resistance Band),leg_exercise,Leg Exercise,"squat, leg_press",False,band,60,85,90,50
9d279b94-6147-43e9-99cd-c9b2a6056158,Split Squat Front Foot Elevanted (Barbell),front_squat,Front Squat,"leg_press, leg_extension, lunge, leg_curl",False,barbell,95,80,65,95
9d2f31d7-830d-45c9-8930-45aaa4bef86f,Split Squats,split_squat,Split Squat,"leg_press, leg_extension, lunge, leg_curl",False,bodyweight,70,88,95,65
9d32cf5e-13db-49a0-8e9e-80702f1c8e15,Incline Rear Delt Row (Barbell),rear_delt_fly,Rear Delt Fly,"face_pull, lateral_raise, bent_over_row",False,barbell,95,80,65,95
9d39b8a0-3a48-4d40-a1ea-587c3c9bf4ac,Sitting Overhead Lats Stretch,back_stretch,Back Stretch,,False,bodyweight,70,88,95,65
9d3b1c14-3aae-4438-8232-737b90c22865,Step Up On Chair,step_up,Step Up,"lunge, split_squat, squat",False,bodyweight,70,88,95,65
9d3be109-dc60-4082-b43a-5135f06b3688,Overhead Crunch (on Stability Ball) (Kettlebell),crunch,Crunch,"leg_raise, plank, russian_twist",False,kettlebell,75,85,85,78
9d43dfeb-1074-4104-a31d-9bc0ad5b53ea,Side Step Crossover Arms,arm_exercise,Arm Exercise,"bicep_curl, tricep_extension",False,bodyweight,70,88,95,65
9d58a3cc-7654-4d7b-8b15-ae70ba7a7c5f,Seated Quadriceps Stretch,quad_stretch,Quad Stretch,,False,bodyweight,70,88,95,65
9d725382-ac4c-48eb-aaa6-7da14daec281,Upright Row (Barbell),upright_row,Upright Row,"lateral_raise, shrug, shoulder_press",False,barbell,95,80,65,95
9d73c09f-5d0d-4359-82f5-272ea7d5b34f,Zottman Preacher Curl (Dumbbell),preacher_curl,Preacher Curl,"bicep_curl, hammer_curl, concentration_curl",False,dumbbell,92,90,92,90
9dad5f00-d8f4-488b-bd55-286bf86aa2cc,Svend Press (Bodyweight),press,Press,"bench_press, shoulder_press",False,bodyweight,70,88,95,65
9db0364e-09d5-4fc7-8cba-260d62bfb954,Hands Up Knee Drive,general_movement,Hands Up Knee Drive,,False,bodyweight,70,88,95,65
9dbee17f-bb64-4b40-957d-854e1551ed2d,Twist (down Up) (Band),general_movement,Twist,,False,band,60,85,90,50
9dc1f51e-8715-481a-9fcf-06fa53224038,Stick Side To Front Bend Stretch,general_stretch,Stretch,,False,bodyweight,70,88,95,65
9ded2dec-ec60-4bf5-a854-18fa6b38423e,Alternating Ankle Touch,general_movement,Alternating Ankle Touch,,False,bodyweight,70,88,95,65
9dee5005-279d-4544-8aa3-064f9a55db4a,Knees And Toes Point In Squat Slide Wall,squat,Squat,"leg_press, leg_extension, lunge, leg_curl",False,bodyweight,70,88,95,65
9df683ef-874b-4438-9fd2-d647eb582bf9,Front Plank To Side Plank,side_plank,Side Plank,"crunch, leg_raise, russian_twist",False,bodyweight,70,88,95,65
9e00990e-c95b-4610-abc0-e0d1b308ac48,Double Twist Knee Up,general_movement,Double Twist Knee Up,,False,bodyweight,70,88,95,65
9e0183a8-f19e-416a-a662-6cae7882a469,Lever Seated Reverse Fly (Parallel Grip),rear_delt_fly,Rear Delt Fly,"face_pull, lateral_raise, bent_over_row",False,machine,80,75,20,88
9e0616c3-2332-4aa2-8728-376a6f297174,Standing Archer Alternate 45 Degrees Arm Row,bent_over_row,Bent Over Row,"lat_pulldown, face_pull, bicep_curl, rear_delt_fly",False,bodyweight,70,88,95,65
9e0b9b05-6c6b-42f1-9c25-a73f74d67dc7,Alternating Row (Kettlebell),bent_over_row,Bent Over Row,"lat_pulldown, face_pull, bicep_curl, rear_delt_fly",False,kettlebell,75,85,85,78
9e162e3a-dfe0-4b9e-a77c-2b036dc2bb52,Arm Raise Back Leg Swing,raise,Raise,"lateral_raise, front_raise",False,bodyweight,70,88,95,65
9e17954a-e789-4d6f-9a82-bb5ab18865ab,Lever Preacher Curl,preacher_curl,Preacher Curl,"bicep_curl, hammer_curl, concentration_curl",False,machine,80,75,20,88
9e212e25-b7af-4aa3-b2a2-5c50882560bf,Spider Crawl Push Up,push_up,Push Up,"bench_press, fly, dip, tricep_extension",True,bodyweight,70,88,95,65
9e21467b-0ded-47c0-9143-69ba4d9e1cbd,Standing Scapular Rotation (back Pov),back_exercise,Back Exercise,"bent_over_row, lat_pulldown",False,bodyweight,70,88,95,65
9e22742d-42d0-4a71-abdd-25dbd7a185dd,Reverse Preacher Curl (Barbell),preacher_curl,Preacher Curl,"bicep_curl, hammer_curl, concentration_curl",False,barbell,95,80,65,95
9e270799-c4b9-4fb0-8b9b-bb5e6dc74801,Shoulder Level Test,shoulder_exercise,Shoulder Exercise,"shoulder_press, lateral_raise",False,bodyweight,70,88,95,65
9e2c6818-1889-4f45-9611-5cd0330af2d2,Seated Shoulder Press (Dumbbell),shoulder_press,Shoulder Press,"lateral_raise, front_raise, tricep_extension",False,dumbbell,92,90,92,90
9e30a9cd-b087-4e88-b377-582817bc7e0a,Torso Scissors (stability Ball),core_exercise,Core Exercise,"crunch, plank",False,bodyweight,70,88,95,65
9e36ad23-c154-4254-92e1-058b02ff3d81,Sled 45 Degrees Leg Press,leg_press,Leg Press,"squat, leg_extension, leg_curl, hack_squat",False,bodyweight,70,88,95,65
9e409b7d-29a3-4c50-aff0-991f699375c2,Weighted Decline Twist Sit Up,crunch,Crunch,"leg_raise, plank, russian_twist",True,bodyweight,70,88,95,65
9e4569be-2d79-4050-9ed0-c084b2ca277a,Pike Push Up With Parallettes,push_up,Push Up,"bench_press, fly, dip, tricep_extension",True,bodyweight,70,88,95,65
9e486906-b000-4722-97b7-704d428f1b47,Sumo Deadlift (Dumbbell),sumo_deadlift,Sumo Deadlift,"romanian_deadlift, bent_over_row, hip_thrust, squat",False,dumbbell,92,90,92,90
9e4d3f73-1d81-46d4-a5ef-376c94fd4815,Lever Squat (plate Loaded),squat,Squat,"leg_press, leg_extension, lunge, leg_curl",False,machine,80,75,20,88
9e4d41a5-0988-437e-a31a-1e5f611ab26f,Arms Straight Russian Twist (stability Ball),russian_twist,Russian Twist,"oblique_crunch, woodchop, side_plank",False,bodyweight,70,88,95,65
9e5409c0-30ee-44fa-afe1-5374d0044de7,Squat And Tip Toes,squat,Squat,"leg_press, leg_extension, lunge, leg_curl",False,bodyweight,70,88,95,65
9e6b3e9d-3faf-4832-aa79-06eba2841ed4,Lying Elbow Touch,general_movement,Lying Elbow Touch,,False,bodyweight,70,88,95,65
9e9f1a21-c6cc-4143-bfd4-744841ef25f7,Alternating Hamstring Curl Kick,leg_curl,Leg Curl,"romanian_deadlift, hip_thrust, leg_extension",False,bodyweight,70,88,95,65
9ea8527f-7548-4eaa-a79c-fa5ea2ec66c0,Standing Hip Frontal Rotation Curl,curl,Curl,"bicep_curl, hammer_curl",False,bodyweight,70,88,95,65
9eb2569f-830d-4273-bb26-443e189ada0c,Smith Decline Bench Press,decline_bench_press,Decline Bench Press,"bench_press, dip, fly",False,smith_machine,72,70,25,80
9eb467b2-1b03-4e3a-855c-6724b4ec799f,Bent Arm Pullover (Barbell),pullover,Pullover,"lat_pulldown, straight_arm_pulldown, fly",False,barbell,95,80,65,95
9eb79cc9-45d6-413b-b1c9-b55296db2881,Flutter Kicks,general_movement,Flutter Kicks,,False,bodyweight,70,88,95,65
9ed697c4-b9e5-4c92-8e90-625be85edfbf,Lying Prone Y Raise,raise,Raise,"lateral_raise, front_raise",False,bodyweight,70,88,95,65
9edb0dcc-a530-443c-a4f1-f6404583c2a0,Bar Biceps Curl,bicep_curl,Bicep Curl,"hammer_curl, preacher_curl, tricep_extension",False,bodyweight,70,88,95,65
9edbdf79-eb1a-4288-a8ac-6ae4757258ef,Bottle Weighted Bent Over Reverse Fly,rear_delt_fly,Rear Delt Fly,"face_pull, lateral_raise, bent_over_row",False,bodyweight,70,88,95,65
9ef6626a-1b14-43c9-9d73-9730e2590756,Incline Twisting Sit Up,crunch,Crunch,"leg_raise, plank, russian_twist",True,bodyweight,70,88,95,65
9ef776d8-3c55-4937-bf08-a8c95fffdb5a,Sumo Squat Floor Tap,sumo_squat,Sumo Squat,"leg_press, leg_extension, lunge, leg_curl",False,bodyweight,70,88,95,65
9ef934aa-6473-47b6-b5f8-ae1b0b80edf0,Lying Hammer Press (Dumbbell),press,Press,"bench_press, shoulder_press",False,dumbbell,92,90,92,90
9f07c17b-655c-4095-a061-69eee86a08f7,Incline Reverse Hyperextension (Resistance Band),back_extension,Back Extension,"romanian_deadlift, good_morning, glute_bridge",False,band,60,85,90,50
9f09e460-29bc-487e-ab29-b17e90079a49,Wide Forward Fold Twist,general_movement,Wide Forward Fold Twist,,False,bodyweight,70,88,95,65
9f263689-46be-4295-8c9e-2ddf8c5f3b4f,Quick Sumo Squat,sumo_squat,Sumo Squat,"leg_press, leg_extension, lunge, leg_curl",False,bodyweight,70,88,95,65
9f31ea2c-39d3-4d96-bf4d-7071b34187c2,Lying Alternating Knee Tuck,general_movement,Lying Alternating Knee Tuck,,False,bodyweight,70,88,95,65
9f3e43a1-695a-4243-aec3-89eeeb012509,Plank Pike To Climber,plank,Plank,"crunch, leg_raise, russian_twist",True,bodyweight,70,88,95,65
9f441df9-0760-42d2-b0b1-db33ce4b3880,Incline One Arm Lateral Raise (Dumbbell),lateral_raise,Lateral Raise,"shoulder_press, front_raise, rear_delt_fly",True,dumbbell,92,90,92,90
9f6369cc-d89d-4fae-8186-de8fa3d0f353,Half Plyo Squat Jack,squat,Squat,"leg_press, leg_extension, lunge, leg_curl",False,bodyweight,70,88,95,65
9f750c18-971c-450d-a4be-3ff720bea169,Run,running,Running,,False,bodyweight,70,88,95,65
9f831a27-9226-4e90-827d-db16cb272ab7,Twist And Side Crunch,oblique_crunch,Oblique Crunch,"leg_raise, plank, russian_twist",False,bodyweight,70,88,95,65
9f87f1be-05e6-4089-a300-56cf2e313b05,Incline Twist Press (Dumbbell),press,Press,"bench_press, shoulder_press",False,dumbbell,92,90,92,90
9f944d7f-fbeb-454a-b3cc-1e73fdd7e273,Incline Twisted Fly (Dumbbell),incline_fly,Incline Fly,"fly, incline_bench_press",False,dumbbell,92,90,92,90
9f952916-a552-4ab7-aec7-1459b8979403,Thruster (Dumbbell),thruster,Thruster,"front_squat, shoulder_press, clean",False,dumbbell,92,90,92,90
9f9b2f9f-8a85-4e71-9f45-64ad59d285b8,Deadlift Jump,deadlift,Deadlift,"romanian_deadlift, bent_over_row, hip_thrust, squat",False,bodyweight,70,88,95,65
9fbddf35-9e5b-4dfb-b72d-39edf359c97e,RKC Plank,plank,Plank,"crunch, leg_raise, russian_twist",True,bodyweight,70,88,95,65
9fc0e2f4-c3af-438e-a25d-c66b9365b7bb,Stick Side Bend Stretch,general_stretch,Stretch,,False,bodyweight,70,88,95,65
9fc26456-b345-4be3-8abf-16873c992aaa,Single Leg Sliding Floor Bridge Curl On Towel,curl,Curl,"bicep_curl, hammer_curl",False,bodyweight,70,88,95,65
9fc35022-e4cf-4181-ba57-3dce9b1b06ff,Lying Prone Y To T To W,general_movement,Lying Prone Y To T To W,,False,bodyweight,70,88,95,65
9fe2971c-5628-4082-a7e4-baa866e3a0bc,Hammer Curl (Dumbbell),hammer_curl,Hammer Curl,"bicep_curl, preacher_curl, reverse_curl",True,dumbbell,92,90,92,90
9fe60802-d1b5-425b-8782-9cc5947ad6f8,Seated Triceps Stretch On A Chair,tricep_stretch,Tricep Stretch,,False,bodyweight,70,88,95,65
9fe7a733-c104-40bb-aa96-753c62dc3ea3,Incline Triceps Extension (Cable),tricep_extension,Tricep Extension,"tricep_pushdown, skull_crusher, dip, bicep_curl",False,cable,85,88,30,92
9fec4a89-0dff-452f-8c4a-1fb44affcb06,Lever Standing Calf Raise,calf_raise,Calf Raise,leg_press,False,machine,80,75,20,88
9ffb253b-3f7f-45bc-9ea0-5fc5e107f137,Bent Over Lat Pulldown (Band),lat_pulldown,Lat Pulldown,"pull_up, bent_over_row, bicep_curl, face_pull",False,band,60,85,90,50
a00ff4f0-4ea4-4c27-99d7-7c02895cac65,One Arm Revers Wrist Curl (Dumbbell),arm_exercise,Arm Exercise,"bicep_curl, tricep_extension",False,dumbbell,92,90,92,90
a010125b-ed35-4d79-8c31-2680e661ef8d,Glute Bridge Alternating Straight Leg Circle,glute_bridge,Glute Bridge,"hip_thrust, romanian_deadlift, leg_curl",False,bodyweight,70,88,95,65
a0318cb6-07b8-4177-ba00-80782b5e38e8,Standing Wheel Rollout,general_movement,Standing Wheel Rollout,,False,bodyweight,70,88,95,65
a039386c-366a-4143-b5d4-acc61e6ce573,Standing Quadriceps Stretch With A Chair,quad_stretch,Quad Stretch,,False,bodyweight,70,88,95,65
a0399f38-7247-4bed-89db-0973ddf6bd22,Standing Lean Forward Hamstring Stretch,hamstring_stretch,Hamstring Stretch,,False,bodyweight,70,88,95,65
a0497937-c5c4-4645-8bd0-5b2a0c5f82eb,Lever Ab Swing,core_exercise,Core Exercise,"crunch, plank",False,machine,80,75,20,88
a04a19be-ccc6-49f1-a278-5965088476c3,Standing Air Bike,cycling,Cycling,,False,bodyweight,70,88,95,65
a05e03a0-902a-4be5-8c6c-481980b06379,Sitting Opposite Grab On A Chair,core_exercise,Core Exercise,"crunch, plank",False,bodyweight,70,88,95,65
a061ea18-5d22-40fb-a09e-e4333750794b,Ring Eccentric Leg Curl With Yoga Block And Towel,general_stretch,Stretch,,False,bodyweight,70,88,95,65
a06d6706-a84e-4a60-87cf-68dc7f2e7fb6,Standing Backhand And Forehand Push,back_exercise,Back Exercise,"bent_over_row, lat_pulldown",False,bodyweight,70,88,95,65
a06ef8fd-351b-4c6b-a6e9-190b568d33ef,Seated Leg Extension (Band),leg_extension,Leg Extension,"squat, leg_press, leg_curl",False,band,60,85,90,50
a0775edb-ade0-4396-94f4-34718bed9e39,Shrimp Slight Squat Supported Wall,squat,Squat,"leg_press, leg_extension, lunge, leg_curl",False,bodyweight,70,88,95,65
a093ba04-b02c-4302-8ba1-6e2b585bc5cb,Weighted Bar Standing Lateral Raise,lateral_raise,Lateral Raise,"shoulder_press, front_raise, rear_delt_fly",False,bodyweight,70,88,95,65
a0a3f5eb-6ad6-47d0-b097-5fe6d8d5d685,Seated Rotation Stretch,general_stretch,Stretch,,False,bodyweight,70,88,95,65
a0ad30cb-da91-452d-a0f7-0dac02e98544,Standing Balance Hip Rotation,general_movement,Standing Balance Hip Rotation,,False,bodyweight,70,88,95,65
a0b4fd15-c19f-46d2-83ed-c1859baf84ff,Side To Side Knee Tuck,general_movement,Side To Side Knee Tuck,,False,bodyweight,70,88,95,65
a0b5a27b-e302-4b19-811f-cc578da8009f,Bent Over Reverse Fly To Hammer Curl (Dumbbell),rear_delt_fly,Rear Delt Fly,"face_pull, lateral_raise, bent_over_row",False,dumbbell,92,90,92,90
a0bb7ba9-d520-4e22-bd4a-7bfc8ef27e15,Zercher Squat Hold (Barbell),squat,Squat,"leg_press, leg_extension, lunge, leg_curl",True,barbell,95,80,65,95
a0be3128-e1a8-494a-b905-9c40e9f62306,Suspender Face Pull,face_pull,Face Pull,"rear_delt_fly, lateral_raise, bent_over_row",False,bodyweight,70,88,95,65
a0c6925f-d05c-498e-b3ee-121504066537,Full Squat With Overhead Press (Bodyweight),shoulder_press,Shoulder Press,"lateral_raise, front_raise, tricep_extension",False,bodyweight,70,88,95,65
a0c769e7-5b38-42a9-9f29-e36773e0e618,Overhead Knee Raise,leg_raise,Leg Raise,"crunch, plank, reverse_crunch",False,bodyweight,70,88,95,65
a0cfaa58-30a8-48f7-bcae-538802ddca22,Sitting Opposite Touch On A Chair,general_movement,Sitting Opposite Touch On A Chair,,False,bodyweight,70,88,95,65
a0d0d212-134b-4bf3-9143-56bf4e5ea1a6,Side Lying Hip Circle,general_movement,Side Lying Hip Circle,,False,bodyweight,70,88,95,65
a0d5af26-d459-414c-a4c4-60b16e863fb2,Short Pendulum Side Leg Lift,leg_exercise,Leg Exercise,"squat, leg_press",False,bodyweight,70,88,95,65
a0e26050-879a-44dd-afdb-2f22a85a5a14,Sitting Fly On A Padded Stool,fly,Chest Fly,"bench_press, incline_fly, push_up",False,bodyweight,70,88,95,65
a0e54bf2-6052-4725-ba0e-82987b8615a1,Standing Lat Pushdown (Rope) (Cable),tricep_pushdown,Tricep Pushdown,"tricep_extension, skull_crusher, dip",True,cable,85,88,30,92
a0e5bb2e-c33a-4eee-a6cd-51f782bbded6,Ski Runners,running,Running,,False,bodyweight,70,88,95,65
a0f2cd12-6d14-40c1-a73e-c8da7483587b,Reverse Grip Row (Dumbbell),bent_over_row,Bent Over Row,"lat_pulldown, face_pull, bicep_curl, rear_delt_fly",False,dumbbell,92,90,92,90
a108e7e0-b0c0-4d8b-b245-358a7c8c53cb,Suspender Y Raise,raise,Raise,"lateral_raise, front_raise",False,bodyweight,70,88,95,65
a110668e-791b-49ab-820f-45485bdbcf18,Lever Glute Abductors Press,hip_abduction,Hip Abduction,"hip_adduction, glute_kickback, hip_thrust",False,machine,80,75,20,88
a12b2dbc-b9e1-4d68-9c32-850e18de9db5,Forward Fold And Rock,general_movement,Forward Fold And Rock,,False,bodyweight,70,88,95,65
a12b348e-020c-4547-82b8-e55e5e7073f6,Inverted Chin Curl With Bent Knee Between Chairs ,curl,Curl,"bicep_curl, hammer_curl",False,bodyweight,70,88,95,65
a13911a1-9bc1-4a60-8bef-ff78aecb14b6,Side Wall Plank,side_plank,Side Plank,"crunch, leg_raise, russian_twist",False,bodyweight,70,88,95,65
a13bc400-ba84-4b90-b78f-d0c1975b3180,Deep Breathe Flaps Plyo Squat,squat,Squat,"leg_press, leg_extension, lunge, leg_curl",False,bodyweight,70,88,95,65
a155533f-7f32-4e78-a6d7-7e70eea94d70,Lever Horizontal One Leg Press,leg_press,Leg Press,"squat, leg_extension, leg_curl, hack_squat",True,machine,80,75,20,88
a15f5e2e-1de0-4506-a165-33920ca5de24,Walking Arms Circle,arm_exercise,Arm Exercise,"bicep_curl, tricep_extension",False,bodyweight,70,88,95,65
a16d88f0-f137-484d-bb5f-a76dce0951f4,Power Clean (Barbell),power_clean,Power Clean,"deadlift, front_squat, snatch, shrug",False,barbell,95,80,65,95
a178de99-2bc8-4adc-927e-75b7d30a2bf4,Goblet Squat (Kettlebell),goblet_squat,Goblet Squat,"leg_press, leg_extension, lunge, leg_curl",False,kettlebell,75,85,85,78
a17e7331-7724-489f-b49f-00eff26c18d3,Lying Close Grip Curl (Cable),bicep_curl,Bicep Curl,"hammer_curl, preacher_curl, tricep_extension",False,cable,85,88,30,92
a181ae8e-e273-4dbb-b851-a4b11f676acf,Partner Shuffle,general_movement,Partner Shuffle,,False,bodyweight,70,88,95,65
a1834d6f-9d10-4d8c-b8a1-7c01dd71ae9c,Lying Side To Side Roll (stability Ball),core_exercise,Core Exercise,"crunch, plank",False,bodyweight,70,88,95,65
a18fd1a2-5b84-458a-ae5d-0c5274daa271,Air Punches March,general_movement,Air Punches March,,False,bodyweight,70,88,95,65
a1a45fed-9715-43ae-9429-a52a9e7d3b6e,Plyo Side Lunge Stretch,general_stretch,Stretch,,False,bodyweight,70,88,95,65
a1b54e6b-86d2-4070-afac-20064097334a,One Leg Hip Thrust (Barbell),hip_thrust,Hip Thrust,"glute_bridge, romanian_deadlift, leg_curl",False,barbell,95,80,65,95
a1b77f3f-822a-4e19-8a6b-6f82849e486f,Seated Single Arm Chest Press (Cable),chest_press,Chest Press,"bench_press, fly, tricep_pushdown",False,cable,85,88,30,92
a1b983ab-715e-4e46-b8b7-17cc626341b1,Incline One Arm Press (Dumbbell),press,Press,"bench_press, shoulder_press",False,dumbbell,92,90,92,90
a1e178da-2724-4569-8fa1-b7393a0140bb,Tiger Yoga Pose,general_stretch,Stretch,,False,bodyweight,70,88,95,65
a1e1b6f6-09c7-4036-9d76-14eb9af44ddb,Kneeling Hip Flexor Frontal,general_movement,Kneeling Hip Flexor Frontal,,False,bodyweight,70,88,95,65
a1e31510-4b5c-4958-9b5c-35185b917959,Side To Side Skandasana Yoga Pose,general_stretch,Stretch,,False,bodyweight,70,88,95,65
a1ece54d-5468-457e-8cc0-4cce75bba8b4,EZ (Barbell) Seated Triceps Extension,tricep_extension,Tricep Extension,"tricep_pushdown, skull_crusher, dip, bicep_curl",False,barbell,95,80,65,95
a1f5df00-bb50-404b-9b8b-e4ae4017cd94,Sitting Russian Twist On A Chair,russian_twist,Russian Twist,"oblique_crunch, woodchop, side_plank",False,bodyweight,70,88,95,65
a203fb54-9683-40b1-b0ca-1fb34fe5b9d6,Pull Through (Resistance Band),general_movement,Pull Through,,False,band,60,85,90,50
a2093edc-eb53-47ac-90ec-b796aadad071,Floor Fly (Dumbbell),fly,Chest Fly,"bench_press, incline_fly, push_up",True,dumbbell,92,90,92,90
a21829a7-2b2c-4a96-84b9-014cf8828d06,Twisted Leg Raise,leg_raise,Leg Raise,"crunch, plank, reverse_crunch",False,bodyweight,70,88,95,65
a229469e-df3b-4b46-9fd3-6a1a839efa40,Floor Hyperextension,back_extension,Back Extension,"romanian_deadlift, good_morning, glute_bridge",False,bodyweight,70,88,95,65
a22c4e89-2f30-41af-83ec-821857fdc3f8,Lying Alternate Feet Open And Close,general_movement,Lying Alternate Feet Open And Close,,False,bodyweight,70,88,95,65
a233350f-4ca0-42b8-a025-bd6bf01dc3bb,Spine Imbalance And Forward Head Posture Hold,general_movement,Spine Imbalance And Forward Head Posture Hold,,False,bodyweight,70,88,95,65
a23b5eb6-2afb-404e-aab7-5f8ac42f3a47,Side To Side Garland Pose,general_stretch,Stretch,,False,bodyweight,70,88,95,65
a23cefd9-f866-4afe-9b90-1a09f7a9f0e7,Crossed Legs Hip Stretch,hip_stretch,Hip Stretch,,False,bodyweight,70,88,95,65
a23d323b-654b-4344-a20c-d48864fa6b6e,Side Step L Pose,general_stretch,Stretch,,False,bodyweight,70,88,95,65
a24a5c9f-47b7-43d1-8bb0-59a4dbc75617,Standing Shoulder Medial And Lateral Rotation,shoulder_exercise,Shoulder Exercise,"shoulder_press, lateral_raise",False,bodyweight,70,88,95,65
a255e269-e161-4904-8ffc-9d85a001e256,Deadlift (front Pov) (Barbell),deadlift,Deadlift,"romanian_deadlift, bent_over_row, hip_thrust, squat",True,barbell,95,80,65,95
a25aa0c7-f74c-4865-8208-c553353d8aed,Sitting Core Twist On A Chair,core_exercise,Core Exercise,"crunch, plank",False,bodyweight,70,88,95,65
a26803a1-c148-4578-9994-5f270009edbd,Hip Circle With Hula Hoop,general_movement,Hip Circle With Hula Hoop,,False,bodyweight,70,88,95,65
a26aa0af-24af-4fd4-b2e1-ca96ed5bbe7a,Shuffle Leg Lift,leg_exercise,Leg Exercise,"squat, leg_press",False,bodyweight,70,88,95,65
a27e739b-05ed-4d81-842d-a78fe8eca11c,Smith Deadlift,deadlift,Deadlift,"romanian_deadlift, bent_over_row, hip_thrust, squat",False,smith_machine,72,70,25,80
a27fdb5b-d365-401c-a0c7-f7409341710f,Learning Front Raise (Dumbbell),front_raise,Front Raise,"shoulder_press, lateral_raise, incline_bench_press",True,dumbbell,92,90,92,90
a29aabb4-8387-44fc-8b31-4729bee2b4d6,Seated Biceps Curl (Dumbbell),bicep_curl,Bicep Curl,"hammer_curl, preacher_curl, tricep_extension",True,dumbbell,92,90,92,90
a29b5108-9ce7-4c18-9b40-27b59b00b365,Standing Triple Pec Dec Pulse (Bodyweight),general_movement,Standing Triple Pec Dec Pulse,,False,bodyweight,70,88,95,65
a2a4e9b3-5ac9-4569-adc9-5ec9542dc5f3,Sicilian Roll Up,general_movement,Sicilian Roll Up,,False,bodyweight,70,88,95,65
a2ab9328-9196-422b-a89b-85065292dc78,Kneeling Clock Push Up,push_up,Push Up,"bench_press, fly, dip, tricep_extension",True,bodyweight,70,88,95,65
a2adb826-f511-4223-b42c-0a6fa372ce54,Sled Calf Press On Leg Press,leg_press,Leg Press,"squat, leg_extension, leg_curl, hack_squat",False,bodyweight,70,88,95,65
a2bd7120-0dea-41d8-b71a-05e62cdd6977,Wall Split,general_movement,Wall Split,,False,bodyweight,70,88,95,65
a2bf611f-fe66-4d2d-a569-5d3992dc6280,Incline Rear Delt Fly With Back Support (Cable),rear_delt_fly,Rear Delt Fly,"face_pull, lateral_raise, bent_over_row",False,cable,85,88,30,92
a2c125a2-7fe1-4f54-a151-202b528ca87a,Incline One Arm Hammer Press On Exercise (Dumbbell),press,Press,"bench_press, shoulder_press",False,dumbbell,92,90,92,90
a2c3d696-6823-406e-8fec-d081b306030f,Upper Chest Crossovers (Cable),chest_exercise,Chest Exercise,"bench_press, fly",False,cable,85,88,30,92
a2caefd3-1634-435c-ae28-620058b2b765,Deep Squat Head To Floor,squat,Squat,"leg_press, leg_extension, lunge, leg_curl",False,bodyweight,70,88,95,65
a2cb12db-1714-4750-a33c-d5b3f7b79fae,Standing Alternate Overhead Press (Dumbbell),shoulder_press,Shoulder Press,"lateral_raise, front_raise, tricep_extension",False,dumbbell,92,90,92,90
a2f06bbc-4ff5-4e50-865e-d799ad5ec867,Weighted Sandbag Over The Shoulder Toss,shoulder_exercise,Shoulder Exercise,"shoulder_press, lateral_raise",False,bodyweight,70,88,95,65
a2f79d58-9c02-48e1-9a2f-4327d92ba9e2,Elbow To Elbow,general_movement,Elbow To Elbow,,False,bodyweight,70,88,95,65
a2ff933c-f0be-4ac6-9ba9-43ba6910a8f8,Sitting Alternating Row On A Chair,bent_over_row,Bent Over Row,"lat_pulldown, face_pull, bicep_curl, rear_delt_fly",False,bodyweight,70,88,95,65
a3130ef0-4f49-48ac-97d7-93775f47a580,Inversion Bench Crunch,crunch,Crunch,"leg_raise, plank, russian_twist",True,bodyweight,70,88,95,65
a31d8b80-38a6-4851-84e2-5be94b499ab3,Squat Side Power Kick,squat,Squat,"leg_press, leg_extension, lunge, leg_curl",False,bodyweight,70,88,95,65
a3270583-54db-4f4a-a361-9e5558ba2095,Bottle Weighted Deadlift,deadlift,Deadlift,"romanian_deadlift, bent_over_row, hip_thrust, squat",False,bodyweight,70,88,95,65
a33ca817-84a7-4b19-9782-c309fce455db,Eagle Arms,arm_exercise,Arm Exercise,"bicep_curl, tricep_extension",False,bodyweight,70,88,95,65
a3579fb1-6a5e-4c1e-899e-467d5d43acbf,Kneeling Hip Flexor Transverse,general_movement,Kneeling Hip Flexor Transverse,,False,bodyweight,70,88,95,65
a362b68e-dc11-4fa5-910c-df19973d1461,Strict Curl (Dumbbell),bicep_curl,Bicep Curl,"hammer_curl, preacher_curl, tricep_extension",True,dumbbell,92,90,92,90
a38d9831-9336-4e8a-9e71-b1c36900b66b,Seated Diagonal Knee Raise On Bench,leg_raise,Leg Raise,"crunch, plank, reverse_crunch",False,bodyweight,70,88,95,65
a39ef7ac-5690-4b7f-8c19-26c6954e30f3,Single Arm Low Scapular Row (Cable),single_arm_row,Single Arm Row,"lat_pulldown, face_pull, bicep_curl, rear_delt_fly",False,cable,85,88,30,92
a3a00ab6-b29c-4722-b21d-70e18df90111,Clap Push Up_plyometrics,push_up,Push Up,"bench_press, fly, dip, tricep_extension",True,bodyweight,70,88,95,65
a3a24a79-e330-4fe1-b704-a23da4c088b1,PVC External Rotation,general_movement,PVC External Rotation,,False,bodyweight,70,88,95,65
a3ac7d59-9aff-4651-83cd-8df6f5307c94,Standing Spine Imbalance And Pelvic Imbalance Hold,general_movement,Standing Spine Imbalance And Pelvic Imbalance Hold,,False,bodyweight,70,88,95,65
a3b75bca-60df-4251-8430-afcf9c1aa69b,Squat Hold (Bodyweight),squat,Squat,"leg_press, leg_extension, lunge, leg_curl",False,bodyweight,70,88,95,65
a3c02946-a1b5-48da-8cf0-03d6f6e46b2a,Jack Knife Sit Up,crunch,Crunch,"leg_raise, plank, russian_twist",True,bodyweight,70,88,95,65
a3cd767e-35d6-44b6-a61a-4f50b5555aee,One Arm Decline Chest Fly (Cable),fly,Chest Fly,"bench_press, incline_fly, push_up",False,cable,85,88,30,92
a3d1ee86-beb6-4e84-b8df-8e9c83ac3371,Lying Close Grip Underhand Row On Rack (Barbell),bent_over_row,Bent Over Row,"lat_pulldown, face_pull, bicep_curl, rear_delt_fly",True,barbell,95,80,65,95
a3e5bf49-6814-420e-a9f6-738ce9ce2537,Wrist Radial Deviation With Elbow Support (Bodyweight),general_movement,Wrist Radial Deviation With Elbow Support,,False,bodyweight,70,88,95,65
a3e72214-4499-4075-b5db-1bad7c2d8a3f,Hip Circle Rotation,general_movement,Hip Circle Rotation,,False,bodyweight,70,88,95,65
a3e78821-ad06-4d46-a0b0-225bdb1c6560,Tree Yoga Pose Open Chest,chest_stretch,Chest Stretch,,False,bodyweight,70,88,95,65
a3e81864-f81c-4964-8190-e6a22ea80436,Lying Frog Pulse,general_movement,Lying Frog Pulse,,False,bodyweight,70,88,95,65
a40358c3-c0bd-4f6c-a449-351372e98d9a,Incline Skull Crusher (Cable),skull_crusher,Skull Crusher,"tricep_extension, tricep_pushdown, dip",False,cable,85,88,30,92
a4062998-271b-488c-9991-28922a4e10f0,Planche Dip On Parallel Bars,dip,Dip,"bench_press, tricep_pushdown, push_up",True,bodyweight,70,88,95,65
a4138da0-f36c-400b-a962-fe346b380ab7,Seated Elbow Chest Fly On A Chair,fly,Chest Fly,"bench_press, incline_fly, push_up",False,bodyweight,70,88,95,65
a4353d6c-ba0b-456b-b400-a973a301a90d,Incline Alternate Hammer Curl (Dumbbell),hammer_curl,Hammer Curl,"bicep_curl, preacher_curl, reverse_curl",True,dumbbell,92,90,92,90
a438f0fc-a16e-4868-9cf6-524266df54bc,Brettzel,general_movement,Brettzel,,False,bodyweight,70,88,95,65
a43ead37-d45a-4664-a427-dda87d5c50d0,Weighted Russian Twist (Kettlebell),russian_twist,Russian Twist,"oblique_crunch, woodchop, side_plank",False,kettlebell,75,85,85,78
a459595e-ddf5-4df1-8b05-b2f4fa06bc14,One Leg Star Balance,leg_exercise,Leg Exercise,"squat, leg_press",False,bodyweight,70,88,95,65
a45c8265-94a6-4d56-be3c-8c80f7f993ec,Single Leg Stand,leg_exercise,Leg Exercise,"squat, leg_press",False,bodyweight,70,88,95,65
a466a316-15ae-41a5-bd49-dea2c4b29051,Lying Triceps Extension (Dumbbell),skull_crusher,Skull Crusher,"tricep_extension, tricep_pushdown, dip",False,dumbbell,92,90,92,90
a469d736-491e-419f-a4c4-9d63e6917e22,Bent Over Row (Dumbbell),bent_over_row,Bent Over Row,"lat_pulldown, face_pull, bicep_curl, rear_delt_fly",False,dumbbell,92,90,92,90
a46a0f48-4078-4f4a-9cca-9eb955172e4a,Alternate Single Leg Glute Bridge,glute_bridge,Glute Bridge,"hip_thrust, romanian_deadlift, leg_curl",False,bodyweight,70,88,95,65
a470b505-8b26-4a8a-ae57-e118afdb0f65,Front Toe Touching,general_movement,Front Toe Touching,,False,bodyweight,70,88,95,65
a475b2b8-755c-4871-87b2-c176a12f3f11,Lying Butt Curl,curl,Curl,"bicep_curl, hammer_curl",False,bodyweight,70,88,95,65
a47d14cd-acb8-49fd-8c36-eb377afb5f7f,Side Lunge (Resistance Band),lateral_lunge,Lateral Lunge,"split_squat, step_up, squat, leg_press",False,band,60,85,90,50
a48a892f-0a67-4392-93bd-30cc98ab9869,Toe Walk (Resistance Band),general_movement,Toe Walk,,False,band,60,85,90,50
a48d102b-e559-41d0-ba80-b6778b50a9c0,Jack Step,general_movement,Jack Step,,False,bodyweight,70,88,95,65
a48d8ebd-13e3-41ad-a95e-0df521f1758d,Standing Alternating 5 Arm Cross And Elbow Lift,arm_exercise,Arm Exercise,"bicep_curl, tricep_extension",False,bodyweight,70,88,95,65
a4954818-2bf8-4e28-909e-d7bcf7b25514,Lying Floor Svend Press,press,Press,"bench_press, shoulder_press",False,bodyweight,70,88,95,65
a4a31d2c-f459-4a5d-9e53-87b5addb2973,Lever Leg Extension (plate Loaded),leg_extension,Leg Extension,"squat, leg_press, leg_curl",True,machine,80,75,20,88
a4af61f0-daaf-4bc6-b2cd-877f9dc210b9,Lateral Step And Squat (Resistance Band),squat,Squat,"leg_press, leg_extension, lunge, leg_curl",False,band,60,85,90,50
a4cd66ba-a2e4-42c4-a742-8e10eb85be86,Flutter On A Chair,general_movement,Flutter On A Chair,,False,bodyweight,70,88,95,65
a4cf4ae1-af67-4869-a462-adeb2005c6de,Lying Back Contraction,back_exercise,Back Exercise,"bent_over_row, lat_pulldown",False,bodyweight,70,88,95,65
a4d9b639-16d9-4dc3-956a-cd3a97e70678,Standing Balance Single Leg Lifts,leg_exercise,Leg Exercise,"squat, leg_press",False,bodyweight,70,88,95,65
a4e178f1-86f5-418e-a101-d4a6dc4a4937,Front Squat (Arms Crossed) (Barbell),front_squat,Front Squat,"leg_press, leg_extension, lunge, leg_curl",False,barbell,95,80,65,95
a4e5c7db-054d-4b36-971c-341635b496b7,Pushdown (Rope) (Cable),tricep_pushdown,Tricep Pushdown,"tricep_extension, skull_crusher, dip",True,cable,85,88,30,92
a4f3a0a6-7cb7-4651-8668-56fd4212aa2f,Overhand Grip Swing (Kettlebell),kettlebell_swing,Kettlebell Swing,"hip_thrust, deadlift, clean",False,kettlebell,75,85,85,78
a5019d23-edf1-402c-b84f-cde6e995b055,Lever Lying T Bar Row,machine_row,Machine Row,"lat_pulldown, face_pull, bicep_curl, rear_delt_fly",False,machine,80,75,20,88
a5050a6e-10f9-438a-a1e5-88b9c3d6672f,Standing Scapular External Rotation (back Pov) (Dumbbell),back_exercise,Back Exercise,"bent_over_row, lat_pulldown",False,dumbbell,92,90,92,90
a5055df8-54bb-49fd-b1b0-8418d31e67f1,Hamstring Stretch,hamstring_stretch,Hamstring Stretch,,False,bodyweight,70,88,95,65
a50c1248-1372-4921-a6b0-0909a40aa361,Box Drop Split Stance Land,general_movement,Box Drop Split Stance Land,,False,bodyweight,70,88,95,65
a51775fa-37f1-4b77-85f2-9937cdb7117d,Assisted Single Arm Pull Up,pull_up,Pull Up,"lat_pulldown, bent_over_row, bicep_curl",True,bodyweight,70,88,95,65
a51bdedc-46cd-48e7-b562-8059b06a1fb0,Sitting Side Bend On A Padded Stool,general_movement,Sitting Side Bend On A Padded Stool,,False,bodyweight,70,88,95,65
a5210c89-82a7-4f9b-be6a-58c0270a1a85,Bent Over Single Arm Row (Dumbbell),single_arm_row,Single Arm Row,"lat_pulldown, face_pull, bicep_curl, rear_delt_fly",False,dumbbell,92,90,92,90
a5243f94-f3eb-4d3d-a13c-26c93e584c8d,Push Press,press,Press,"bench_press, shoulder_press",False,bodyweight,70,88,95,65
a52e54eb-4779-446d-87d1-c619edc2a3f2,Kneeling Rotation Torso Thread Through,general_movement,Kneeling Rotation Torso Thread Through,,False,bodyweight,70,88,95,65
a52ff5a1-8c2a-4270-89fc-a93da5b100a4,Dynamic Splits Side Bend Yoga Pose,general_stretch,Stretch,,False,bodyweight,70,88,95,65
a532ca10-1e3b-4d8b-b1f8-99150447b904,Drag Curl (Barbell),bicep_curl,Bicep Curl,"hammer_curl, preacher_curl, tricep_extension",False,barbell,95,80,65,95
a53753bf-9f3f-4b49-b7e8-281e6f654b6b,Single Russian Twist,russian_twist,Russian Twist,"oblique_crunch, woodchop, side_plank",False,bodyweight,70,88,95,65
a53a0e47-193e-409a-a46e-47833bfe0c25,Plank Jack On Elbows,plank,Plank,"crunch, leg_raise, russian_twist",True,bodyweight,70,88,95,65
a53b585a-234b-4426-850e-09212296da30,Ab Twist Toe Tap,core_exercise,Core Exercise,"crunch, plank",False,bodyweight,70,88,95,65
a5416906-0e69-4755-b348-9f459a24b2aa,21s (Dumbbell),general_movement,21s,,False,dumbbell,92,90,92,90
a5468fc5-357c-454c-b7a9-670871d3d24a,Lever Shrug (plate Loaded),shrug,Shrug,"upright_row, deadlift, bent_over_row",False,machine,80,75,20,88
a54bf54a-d23e-4add-a240-b03ef22365e1,Lever Back Extension,back_extension,Back Extension,"romanian_deadlift, good_morning, glute_bridge",False,machine,80,75,20,88
a5539dad-0c7e-49c8-a728-462d1c56c749,Lever Gripper Hands (plate Loaded),general_movement,Lever Gripper Hands,,False,machine,80,75,20,88
a5623ff9-f0e1-4792-8d19-2f19e69865a0,Suspender External Rotation,general_movement,Suspender External Rotation,,False,bodyweight,70,88,95,65
a56a64b9-371b-4e04-9b99-fcbfb86b0c51,Seated Curl (Dumbbell),bicep_curl,Bicep Curl,"hammer_curl, preacher_curl, tricep_extension",True,dumbbell,92,90,92,90
a56da280-ae92-4652-9aea-8af784bb1779,Sitting Bent Over Back Stretch,back_stretch,Back Stretch,,False,bodyweight,70,88,95,65
a573b224-c7a5-4667-b6ed-ac6ca40dea0c,Overhead Lunge (Kettlebell),lunge,Lunge,"split_squat, step_up, squat, leg_press",False,kettlebell,75,85,85,78
a574cc64-c9c4-4f60-bac3-80e23041de6c,Lying External Shoulder Rotation (Dumbbell),shoulder_exercise,Shoulder Exercise,"shoulder_press, lateral_raise",False,dumbbell,92,90,92,90
a5780492-5fb0-4a0d-a8f2-1a62062f6e65,Half Happy Baby,core_exercise,Core Exercise,"crunch, plank",False,bodyweight,70,88,95,65
a579b31a-e87c-42b1-9e0c-97ed95b8db09,V Up With Clap,v_up,V Up,"crunch, leg_raise, plank",False,bodyweight,70,88,95,65
a5823893-5190-43b6-bf21-7c312076716b,Lever Chest Press,chest_press,Chest Press,"bench_press, fly, tricep_pushdown",True,machine,80,75,20,88
a5826cdf-0073-4d2e-880d-846d42c5bf86,Single Leg Calf Raise (Dumbbell),calf_raise,Calf Raise,leg_press,False,dumbbell,92,90,92,90
a5988143-177a-43fd-9189-8b27e1ca58e3,Lying Upper Body Superman Row,bent_over_row,Bent Over Row,"lat_pulldown, face_pull, bicep_curl, rear_delt_fly",False,bodyweight,70,88,95,65
a5997588-9afe-4cab-83cf-8c056638d2b8,Sitting March On A Chair,general_movement,Sitting March On A Chair,,False,bodyweight,70,88,95,65
a599d738-6f55-4000-97bf-8aa70b6151ca,Stick Overhead Full Sumo Squat Stretch,general_stretch,Stretch,,False,bodyweight,70,88,95,65
a59e8aa4-7e45-45fb-8d98-1ead4008f6b5,Swing (Bodyweight),general_movement,Swing,,False,bodyweight,70,88,95,65
a5b7276e-0148-4ab5-95d1-5f266c444558,Hook Kick Kickboxing (with Boxing Bag),general_movement,Hook Kick Kickboxing,,False,bodyweight,70,88,95,65
a5bf1375-37ec-4648-8433-0b430492a11c,Incline Push Up With Chair,incline_push_up,Incline Push Up,"bench_press, fly, dip, tricep_extension",False,bodyweight,70,88,95,65
a5cfcc02-0892-42b0-866b-5ed76260b2d7,Seated Row (Resistance Band),cable_row,Cable Row,"lat_pulldown, face_pull, bicep_curl, rear_delt_fly",False,band,60,85,90,50
a5f78e7f-d1c9-409e-933c-0ff204721d86,Revolved Head To Knee Pose,general_stretch,Stretch,,False,bodyweight,70,88,95,65
a5ff8b8c-1570-456c-b00e-f4f09cfb91a6,Lying Fly (Cable),fly,Chest Fly,"bench_press, incline_fly, push_up",False,cable,85,88,30,92
a6074361-9bdc-4847-84f2-1e00311149da,Smith Incline Bench Press,incline_bench_press,Incline Bench Press,"bench_press, incline_fly, shoulder_press",False,smith_machine,72,70,25,80
a62dfa18-9848-477a-b20b-cd0a505f7463,Reverse Grip Bench Press On Floor (Barbell),bench_press,Bench Press,"incline_bench_press, fly, tricep_pushdown, dip",True,barbell,95,80,65,95
a641c16b-d1cc-4b7b-beff-305b8b06f36b,Fly Front Step,fly,Chest Fly,"bench_press, incline_fly, push_up",False,bodyweight,70,88,95,65
a654d713-9052-4d6c-8d2b-b4c0a0354ef0,Major Muscles Groups White,general_movement,Major Muscles Groups White,,False,bodyweight,70,88,95,65
a657a67e-595a-455e-9959-b319891a5b94,Smith Sumo Deadlift,sumo_deadlift,Sumo Deadlift,"romanian_deadlift, bent_over_row, hip_thrust, squat",False,smith_machine,72,70,25,80
a65cf473-26f6-476c-9776-996105dbc355,Side Bow Stretch,general_stretch,Stretch,,False,bodyweight,70,88,95,65
a65ea375-35af-4d92-8d13-fe030495aadf,Standing Alternating Arm Lift,arm_exercise,Arm Exercise,"bicep_curl, tricep_extension",False,bodyweight,70,88,95,65
a6675db3-4019-4e92-8ae6-2f5a4142e8a8,Skipping Without Rope Marching On Spot,general_movement,Skipping Without Rope Marching On Spot,,False,bodyweight,70,88,95,65
a6689957-4e16-4313-ade2-0a2e4acba6a4,Lever Calf Press (plate Loaded),calf_raise,Calf Raise,leg_press,False,machine,80,75,20,88
a67038e4-3814-473d-a77c-15e11c88bd09,Assisted Chin Up (From Knee) (Band),chin_up,Chin Up,"lat_pulldown, bent_over_row, bicep_curl",False,band,60,85,90,50
a68688c2-c565-45a4-8dd4-8280b37cd43e,Lying Alternate Butterfly (abduction),fly,Chest Fly,"bench_press, incline_fly, push_up",False,bodyweight,70,88,95,65
a686b684-efef-409d-ad81-00d9403fe952,Standing Single Leg Calf Raise (Barbell),calf_raise,Calf Raise,leg_press,False,barbell,95,80,65,95
a686da38-f777-47a2-a638-bce48ac8a24d,Lying Hammer Press (Dumbbell),press,Press,"bench_press, shoulder_press",False,dumbbell,92,90,92,90
a6933431-b37e-4815-bf41-9aa2437ea697,Standing Face Pull To Y Raise (Band),face_pull,Face Pull,"rear_delt_fly, lateral_raise, bent_over_row",False,band,60,85,90,50
a6b1fa43-452c-40d7-98d5-52df70da18bb,Lying Alternate Heel Touchers,general_movement,Lying Alternate Heel Touchers,,False,bodyweight,70,88,95,65
a6b4bfd5-9b95-40ea-a264-b597f84e6cbe,Landmine Romanian Deadlift,romanian_deadlift,Romanian Deadlift,"romanian_deadlift, bent_over_row, hip_thrust, squat",False,bodyweight,70,88,95,65
a6b57da5-62d3-4c7c-8615-e370156565fa,Standing Alternating Behind Back 180 Stretch,back_stretch,Back Stretch,,False,bodyweight,70,88,95,65
a6c64ac9-a7e2-4208-adc7-b8102ce8d2e6,Criss Cross Jump,general_movement,Criss Cross Jump,,False,bodyweight,70,88,95,65
a6d0904b-2397-4c7a-9f12-5bb25e26e89c,Seated Straight Back Row (Band),cable_row,Cable Row,"lat_pulldown, face_pull, bicep_curl, rear_delt_fly",False,band,60,85,90,50
a6d5add7-37be-401f-9806-597696d2eae4,Prayer Squat Yoga Pose,general_stretch,Stretch,,False,bodyweight,70,88,95,65
a6da0b60-cf57-49d1-84b2-7c3ded170d6d,Chair Pose II Utkatasana II,general_stretch,Stretch,,False,bodyweight,70,88,95,65
a6dc7dea-d007-4dcc-a60d-19fe45eefcc4,Decline Close Grip To Skull Press (Barbell),press,Press,"bench_press, shoulder_press",False,barbell,95,80,65,95
a6decae0-bdc9-4df9-a527-a07322977ce2,Reverse Grip Incline Bench Row (Barbell),bent_over_row,Bent Over Row,"lat_pulldown, face_pull, bicep_curl, rear_delt_fly",True,barbell,95,80,65,95
a6e34470-4148-4027-b168-9d3710bf330a,Air Punches March,general_movement,Air Punches March,,False,bodyweight,70,88,95,65
a6e79ce5-b780-4a49-b92b-2fc4e1e03349,Bench Press (Cable),bench_press,Bench Press,"incline_bench_press, fly, tricep_pushdown, dip",False,cable,85,88,30,92
a6f112ba-09ad-4a35-bb0a-9c106b7be54e,Standing Side Leg Lift Twist,leg_exercise,Leg Exercise,"squat, leg_press",False,bodyweight,70,88,95,65
a7061b6c-9db3-4807-9e0b-6ab95acbcbc3,Alternate High Knee Turn Sky Reach,high_knees,High Knees,"mountain_climber, burpee, jumping_jack",False,bodyweight,70,88,95,65
a70e6679-9a54-40af-9a69-6daf21f87af2,Jump Split,general_movement,Jump Split,,False,bodyweight,70,88,95,65
a71cde1c-dab4-47ac-952e-1ae0535110bd,Kneeling Elbow Mobilisation,general_movement,Kneeling Elbow Mobilisation,,False,bodyweight,70,88,95,65
a7226191-c944-4b40-baf4-816ca099e5ae,Pike Push Up (on Bench),push_up,Push Up,"bench_press, fly, dip, tricep_extension",True,bodyweight,70,88,95,65
a75bc19d-4bb2-4ae5-943c-d7080249c69f,Curl (Barbell),bicep_curl,Bicep Curl,"hammer_curl, preacher_curl, tricep_extension",False,barbell,95,80,65,95
a76a4689-2577-46a1-a2ad-3ff89827ae49,Roll Quadriceps (vastus Lateralis) Lying On Floor,leg_exercise,Leg Exercise,"squat, leg_press",False,bodyweight,70,88,95,65
a779f821-8ba6-4e07-9846-59a634d71ee5,Suspender Incline Plank,plank,Plank,"crunch, leg_raise, russian_twist",True,bodyweight,70,88,95,65
a793b6a4-8c41-4cac-9cbf-9c04207e695b,Lying Supine Curl (Dumbbell),bicep_curl,Bicep Curl,"hammer_curl, preacher_curl, tricep_extension",True,dumbbell,92,90,92,90
a79625e9-7a08-4f46-85eb-9c7ff3b9f084,Lying Alternate Straight Leg Circle,leg_exercise,Leg Exercise,"squat, leg_press",False,bodyweight,70,88,95,65
a79c8b69-d996-447a-844b-b2e1d91fb2dc,Suspender Headstand,general_movement,Suspender Headstand,,False,bodyweight,70,88,95,65
a79d3b34-544b-4dd4-8a4f-59d0c9fe84c4,Standing Back Wrist Curl,wrist_curl,Wrist Curl,"reverse_curl, bicep_curl",False,bodyweight,70,88,95,65
a79d9bf3-adb3-4bba-b7f3-15de0077bb4a,Static Lunge Kick,lunge,Lunge,"split_squat, step_up, squat, leg_press",False,bodyweight,70,88,95,65
a7a26103-2554-4438-a929-794838c31487,Quadriceps Lying Stretch,quad_stretch,Quad Stretch,,False,bodyweight,70,88,95,65
a7b425cd-b32c-41b2-96df-1c726ba60021,Brachialis Pull Up,pull_up,Pull Up,"lat_pulldown, bent_over_row, bicep_curl",True,bodyweight,70,88,95,65
a7c1b084-40d2-4b30-a45b-8d5c63ccd43b,Rear Delt Raise (Dumbbell),rear_delt_fly,Rear Delt Fly,"face_pull, lateral_raise, bent_over_row",False,dumbbell,92,90,92,90
a7caed7b-67ca-4ed9-ab1b-05186705b511,Lying On Floor Chest Press (Dumbbell),chest_press,Chest Press,"bench_press, fly, tricep_pushdown",False,dumbbell,92,90,92,90
a7cbb12a-8185-4473-a176-3d9cafc75f2e,Over Bench Reverse Wrist Curl (Dumbbell),reverse_curl,Reverse Curl,"bicep_curl, hammer_curl, wrist_curl",False,dumbbell,92,90,92,90
a7cf27d3-97d3-473e-93f6-4acc35d9662c,Child Pose Push Up,general_stretch,Stretch,,False,bodyweight,70,88,95,65
a7d6b3d6-a56b-4b85-ab33-4da8ffaf1aab,Half Wipers (bent Leg),leg_exercise,Leg Exercise,"squat, leg_press",False,bodyweight,70,88,95,65
a7e83fc1-8d35-4be2-873c-22f8fcb20b63,Decline Press (Cable),press,Press,"bench_press, shoulder_press",False,cable,85,88,30,92
a7f5ea20-95e4-44a3-824f-aa07c0bfcd1e,Goblet Split Squat Front Foot Elevanted (Dumbbell),goblet_squat,Goblet Squat,"leg_press, leg_extension, lunge, leg_curl",False,dumbbell,92,90,92,90
a7fc2e99-8656-4cda-9952-80120c29342d,One Arm Snatch (Kettlebell),snatch,Snatch,"clean, overhead_squat, deadlift",False,kettlebell,75,85,85,78
a7ff7788-c4fb-4750-9350-fbf0cc19b53d,Front Leg Lift Under Knee Tap,leg_exercise,Leg Exercise,"squat, leg_press",False,bodyweight,70,88,95,65
a800960c-a573-401a-be60-9ac90c7d04cf,Suspender Fly,fly,Chest Fly,"bench_press, incline_fly, push_up",False,bodyweight,70,88,95,65
a800fcf0-3640-49e7-8d85-a5978f78ec75,Wide Prone Hip Stretch,hip_stretch,Hip Stretch,,False,bodyweight,70,88,95,65
a8065545-ae27-45c3-9924-1aae72b487fa,Bottle Weighted Alternate Front Raise,front_raise,Front Raise,"shoulder_press, lateral_raise, incline_bench_press",False,bodyweight,70,88,95,65
a808e816-0edd-49af-9724-c40f5053073d,Standing Back Clap And Elbow Touch And Prayer Push,back_exercise,Back Exercise,"bent_over_row, lat_pulldown",False,bodyweight,70,88,95,65
a80ccda9-cb30-493c-b397-7110d768e375,Lying Neutral Grip Row On Rack (Dumbbell),bent_over_row,Bent Over Row,"lat_pulldown, face_pull, bicep_curl, rear_delt_fly",False,dumbbell,92,90,92,90
a812436b-e060-4ec1-8093-7bb594a10c38,Hammer Preacher Curl (Dumbbell),preacher_curl,Preacher Curl,"bicep_curl, hammer_curl, concentration_curl",False,dumbbell,92,90,92,90
a8125a39-3dff-4614-8f9d-15e9a0395dd3,Medicine Ball Plyo Push Up,push_up,Push Up,"bench_press, fly, dip, tricep_extension",True,bodyweight,70,88,95,65
a81715a2-7e64-48ab-a348-58e98a168dfe,EZ (Barbell) Incline Triceps Extension,tricep_extension,Tricep Extension,"tricep_pushdown, skull_crusher, dip, bicep_curl",False,barbell,95,80,65,95
a821e928-6571-484d-a172-989d104f9b86,Backhand Raise,raise,Raise,"lateral_raise, front_raise",False,bodyweight,70,88,95,65
a84af3a4-85a8-4a19-92d1-47c2a556e0bc,Standing Front Leg Lift Cross Toe Touches (version,leg_exercise,Leg Exercise,"squat, leg_press",False,bodyweight,70,88,95,65
a85addbd-d8d3-443f-b272-e12181371557,Stepback With Prayer Push,back_exercise,Back Exercise,"bent_over_row, lat_pulldown",False,bodyweight,70,88,95,65
a85b6742-f1e7-4e1b-99e0-5bd7cbce6b03,Bridge Alternate Leg Lift,leg_exercise,Leg Exercise,"squat, leg_press",False,bodyweight,70,88,95,65
a8612d3e-2ea3-401d-b2a4-e6f09174abd9,Lying Reverse Twist,general_movement,Lying Reverse Twist,,False,bodyweight,70,88,95,65
a864cf67-1068-44e5-86cc-e58aeb454af1,Seated Shoulder Stretch Behind The (Resistance Band),shoulder_stretch,Shoulder Stretch,,False,band,60,85,90,50
a87744c2-facf-40d1-bcd1-f1866278dc0e,Side Lunge Stretch,general_stretch,Stretch,,False,bodyweight,70,88,95,65
a8802ad8-1b8d-46e3-9deb-1a376d1a020c,Hands Up Knee Drive,general_movement,Hands Up Knee Drive,,False,bodyweight,70,88,95,65
a884e129-2fc7-4d25-8017-449da72220af,Split Squat Front Foot Elevanted (Bodyweight),front_squat,Front Squat,"leg_press, leg_extension, lunge, leg_curl",False,bodyweight,70,88,95,65
a8870124-b6d2-4bdf-8d42-97851e7304ea,Standing Torso Twist Arms Swing,arm_exercise,Arm Exercise,"bicep_curl, tricep_extension",False,bodyweight,70,88,95,65
a88e3712-22c1-4433-8423-5027ef86c1aa,Seated Unilateral Biceps Curl (Cable),bicep_curl,Bicep Curl,"hammer_curl, preacher_curl, tricep_extension",False,cable,85,88,30,92
a89010d3-7e78-48a9-be64-6a206a2f9e5a,Arm Raise Step In Place,raise,Raise,"lateral_raise, front_raise",False,bodyweight,70,88,95,65
a89029f0-f911-4979-b3d2-5f2671ee2d1d,Suspender Alternate Superman,general_movement,Suspender Alternate Superman,,False,bodyweight,70,88,95,65
a894063f-d8d6-41a0-830c-d362c622ddae,Russian Twist To Single Arm Press (Dumbbell),russian_twist,Russian Twist,"oblique_crunch, woodchop, side_plank",False,dumbbell,92,90,92,90
a8b0190b-8ffe-4a70-8a17-2cbd0a5c21b3,Seated Chest Clam,chest_exercise,Chest Exercise,"bench_press, fly",False,bodyweight,70,88,95,65
a8ba8a5b-9987-4ae8-82f9-0cefcb9afcfb,Single Arm Side Press (Kettlebell),press,Press,"bench_press, shoulder_press",False,kettlebell,75,85,85,78
a8c0e63f-b364-47f0-b55c-23b81dd8b6c6,Elliptical Machine Walk,general_movement,Elliptical Machine Walk,,False,machine,80,75,20,88
a8c245e9-9fe7-439e-8e9f-55cea863128d,Incline Mountain Climber On Stepbox,mountain_climber,Mountain Climber,"plank, burpee, high_knees",False,bodyweight,70,88,95,65
a8c5a951-c24d-4237-9dac-660a9d6f64cd,Self Assisted Neutral Grip Chin Up,chin_up,Chin Up,"lat_pulldown, bent_over_row, bicep_curl",True,bodyweight,70,88,95,65
a8cae647-8a0c-4db5-96b6-6b3ccfbdc197,Elevanted Goblet Squat,goblet_squat,Goblet Squat,"leg_press, leg_extension, lunge, leg_curl",False,bodyweight,70,88,95,65
a8cec47d-dc15-4b16-a7dd-2a2f5b0d12ba,Smith Elevated Split Squat,split_squat,Split Squat,"leg_press, leg_extension, lunge, leg_curl",False,smith_machine,72,70,25,80
a8d76be2-a175-4c4c-b4a5-c5834a4df3c3,Decline Crunch,crunch,Crunch,"leg_raise, plank, russian_twist",True,bodyweight,70,88,95,65
a8ebda78-e747-429c-8aa2-9e6e86494d8c,Calf Raise And Front Squat (Kettlebell),front_squat,Front Squat,"leg_press, leg_extension, lunge, leg_curl",False,kettlebell,75,85,85,78
a8f45401-c59f-4562-8721-77d70b30d284,Alternating Oblique Crunch,oblique_crunch,Oblique Crunch,"leg_raise, plank, russian_twist",False,bodyweight,70,88,95,65
a8faca09-18e9-4597-bf60-e75ff8fb53f1,Plank 4 Point Hops,plank,Plank,"crunch, leg_raise, russian_twist",True,bodyweight,70,88,95,65
a8fc7a2a-b836-4d27-ba4b-84612470a058,Lying Woodchopper Crunch,crunch,Crunch,"leg_raise, plank, russian_twist",True,bodyweight,70,88,95,65
a91026e7-d257-46a9-ab31-85d9a5b728d6,World Greatest Stretch,general_stretch,Stretch,,False,bodyweight,70,88,95,65
a91105f3-4fba-4f9a-83e4-43f0f89dea15,Lying Single Leg Extension,leg_extension,Leg Extension,"squat, leg_press, leg_curl",False,bodyweight,70,88,95,65
a9119fad-d87d-41c2-9773-6793025e43bb,One Arm Front Plank,plank,Plank,"crunch, leg_raise, russian_twist",True,bodyweight,70,88,95,65
a91a64a2-c547-499b-9c3a-6f3af478dca1,High Knee Tap,high_knees,High Knees,"mountain_climber, burpee, jumping_jack",False,bodyweight,70,88,95,65
a943a8b3-89b3-4fad-9b61-65e9aa4be4e3,Kicks Leg Bent,leg_exercise,Leg Exercise,"squat, leg_press",False,bodyweight,70,88,95,65
a948820e-24b1-4b14-9217-743c22a0dbb1,Staggered Stance Deadlift (Barbell),deadlift,Deadlift,"romanian_deadlift, bent_over_row, hip_thrust, squat",True,barbell,95,80,65,95
a954365d-8912-4204-80f4-cb64c3b49d80,Side Lunge Overhead Reach,lateral_lunge,Lateral Lunge,"split_squat, step_up, squat, leg_press",False,bodyweight,70,88,95,65
a95928fa-4f82-4ecc-975f-1212002aff00,Alternating Hamstring Arm Lift,arm_exercise,Arm Exercise,"bicep_curl, tricep_extension",False,bodyweight,70,88,95,65
a960db1a-03a9-404b-9063-a1195c2f095a,Lever Pullover (plate Loaded),pullover,Pullover,"lat_pulldown, straight_arm_pulldown, fly",False,machine,80,75,20,88
a9629d57-3e71-4b09-8f0d-18ea659f92dc,Standing Crunch (Band),crunch,Crunch,"leg_raise, plank, russian_twist",False,band,60,85,90,50
a96bfc49-c8f2-441c-a122-5939bbb44499,Warrior Pose II,general_stretch,Stretch,,False,bodyweight,70,88,95,65
a96e29ff-c780-4d58-8dbb-1052c0669e4e,Silent Burpee,burpee,Burpee,"push_up, squat_jump, mountain_climber",True,bodyweight,70,88,95,65
a96f3ce4-e66b-4717-9954-b42be5512490,Pullover Hip Extension On Exercise Ball (Dumbbell),pullover,Pullover,"lat_pulldown, straight_arm_pulldown, fly",False,dumbbell,92,90,92,90
a9726d8f-5e2d-446e-84f3-b04bf08923a5,Weighted Dumbbell Table Top Bridge,core_exercise,Core Exercise,"crunch, plank",False,dumbbell,92,90,92,90
a973354c-a7fb-4a04-b198-5bdf60b5f148,Wrist Ulnar Deviator And Flexor Stretch,general_stretch,Stretch,,False,bodyweight,70,88,95,65
a978e3f0-02c9-46b3-89f5-2da1dc3cacb8,Lateral Speed Step,general_movement,Lateral Speed Step,,False,bodyweight,70,88,95,65
a9915706-790b-4155-ab3a-0d4c823db8e7,Sitting Rotational Hip Stretch,hip_stretch,Hip Stretch,,False,bodyweight,70,88,95,65
a994a2ec-b0d5-43ec-978b-64d187a33290,Hyperextension (Barbell),back_extension,Back Extension,"romanian_deadlift, good_morning, glute_bridge",False,barbell,95,80,65,95
a999c539-15d6-4878-b829-88a28c10bc9f,Bench Press (Band),bench_press,Bench Press,"incline_bench_press, fly, tricep_pushdown, dip",False,band,60,85,90,50
a9a3f02f-1063-43cc-8710-f320973986da,Sumo Squat And Side Knee Raise,sumo_squat,Sumo Squat,"leg_press, leg_extension, lunge, leg_curl",False,bodyweight,70,88,95,65
a9b1f3a4-59b9-4dba-9293-b5a05767e69f,Lying Seal Row On Rack (Dumbbell),bent_over_row,Bent Over Row,"lat_pulldown, face_pull, bicep_curl, rear_delt_fly",False,dumbbell,92,90,92,90
a9d89666-dc17-428b-b8e7-f7b929b82760,Ring Russian Push Up,push_up,Push Up,"bench_press, fly, dip, tricep_extension",True,bodyweight,70,88,95,65
a9d97f10-b011-478e-a9b4-ece294d2153c,Cossack Squat,squat,Squat,"leg_press, leg_extension, lunge, leg_curl",False,bodyweight,70,88,95,65
a9eb42c0-31c7-4e48-b1e1-13cdf62b9c55,Lying Arm Crossover,arm_exercise,Arm Exercise,"bicep_curl, tricep_extension",False,bodyweight,70,88,95,65
a9edef03-8888-4c6a-97f0-d114375d88c7,Lateral Lunge (Barbell),lateral_lunge,Lateral Lunge,"split_squat, step_up, squat, leg_press",False,barbell,95,80,65,95
a9ee6a9c-9570-49e7-aac4-e9dd9bd74543,Single Leg Extension (stability Ball),leg_extension,Leg Extension,"squat, leg_press, leg_curl",False,bodyweight,70,88,95,65
a9f010a3-31a4-49f0-a0d3-f506d0e49008,Lying Frog Crunch Feet Together,crunch,Crunch,"leg_raise, plank, russian_twist",True,bodyweight,70,88,95,65
a9f03ad9-84c2-4d46-81bb-0da755b613de,Lying Back Opener,back_exercise,Back Exercise,"bent_over_row, lat_pulldown",False,bodyweight,70,88,95,65
a9f531b2-dcec-4717-8a6a-0e796157b64c,Sitting Single Leg Knee Flexion,leg_exercise,Leg Exercise,"squat, leg_press",False,bodyweight,70,88,95,65
aa01ef9f-c07a-4376-b288-f7e0f083dc38,Standing One Arm Triceps Pushdown (overhand Grip) (Cable),tricep_pushdown,Tricep Pushdown,"tricep_extension, skull_crusher, dip",True,cable,85,88,30,92
aa130d74-cc8d-4c39-a2c6-1fc2ae31021c,Wide Hand Push Up,push_up,Push Up,"bench_press, fly, dip, tricep_extension",True,bodyweight,70,88,95,65
aa22ff01-df7c-45e3-b170-5fa4b6695674,Side Up Squat,squat,Squat,"leg_press, leg_extension, lunge, leg_curl",False,bodyweight,70,88,95,65
aa35b6f6-84ea-4542-8acf-80a68e8498f2,Stick Standing Twist Stretch,general_stretch,Stretch,,False,bodyweight,70,88,95,65
aa3ab8d1-9896-4cea-b868-c75eb455da69,Bench Squat (Bodyweight),squat,Squat,"leg_press, leg_extension, lunge, leg_curl",False,bodyweight,70,88,95,65
aa3ecd5d-2efe-4461-a549-8aef85efce34,Back Squeeze,back_exercise,Back Exercise,"bent_over_row, lat_pulldown",False,bodyweight,70,88,95,65
aa4c6e97-8725-4978-b076-6ffa9fce9879,Coner Wall Chest Stretch,chest_stretch,Chest Stretch,,False,bodyweight,70,88,95,65
aa6ef55f-6a36-472e-8810-238b653d5beb,Single Leg Split Squat (Dumbbell),split_squat,Split Squat,"leg_press, leg_extension, lunge, leg_curl",False,dumbbell,92,90,92,90
aa7ff0ae-f167-401b-8451-70bfe88d45ea,Stepback And Forward Kick,back_exercise,Back Exercise,"bent_over_row, lat_pulldown",False,bodyweight,70,88,95,65
aaa6c0bf-9e98-44ef-8daf-08436712f533,Lever Pronated Grip Seated Row (plate Loaded),cable_row,Cable Row,"lat_pulldown, face_pull, bicep_curl, rear_delt_fly",False,machine,80,75,20,88
aaaf4d94-8bef-4ddb-a7a6-42d8d67c3c34,Incline Triceps Extension Skull Crusher (Barbell),skull_crusher,Skull Crusher,"tricep_extension, tricep_pushdown, dip",False,barbell,95,80,65,95
aab40156-cde3-4fc7-b3be-eda646fa1844,One Arm Triceps Extension (on Bench) (Dumbbell),tricep_extension,Tricep Extension,"tricep_pushdown, skull_crusher, dip, bicep_curl",False,dumbbell,92,90,92,90
aadadc2e-bc00-473c-93e6-3cf1ee18bec8,Suspender Prone Ts,general_movement,Suspender Prone Ts,,False,bodyweight,70,88,95,65
aadb331e-dfba-4ca7-906e-c8e65ce100f2,Sitting March On A Chair,general_movement,Sitting March On A Chair,,False,bodyweight,70,88,95,65
aafa881a-5c26-4d1b-9518-673cd65551a3,Medicine Ball Plank Jack,plank,Plank,"crunch, leg_raise, russian_twist",True,bodyweight,70,88,95,65
ab0395c1-a755-4f0e-ac45-5ec6bf3ec607,Long Arms Step Back,back_exercise,Back Exercise,"bent_over_row, lat_pulldown",False,bodyweight,70,88,95,65
ab04371d-738c-42e9-8ab5-2ac902e834fa,Clam (Resistance Band),general_movement,Clam,,False,band,60,85,90,50
ab179f7b-2509-4d80-bb6c-cb743197e6c7,Seated Knee Raise (Resistance Band),leg_raise,Leg Raise,"crunch, plank, reverse_crunch",False,band,60,85,90,50
ab1a4f30-01e9-4998-a4a8-0a06734770b2,Seated Bent Arm Lateral Raise (Dumbbell),lateral_raise,Lateral Raise,"shoulder_press, front_raise, rear_delt_fly",True,dumbbell,92,90,92,90
ab2407df-af78-4cf3-abec-519238f6708b,Drag Curl (Resistance Band),bicep_curl,Bicep Curl,"hammer_curl, preacher_curl, tricep_extension",False,band,60,85,90,50
ab243329-d6ee-4572-a350-67cfa50eb87b,Rear Deltoid Stretch,general_stretch,Stretch,,False,bodyweight,70,88,95,65
ab2768f9-eb0c-419c-a5e9-3ff69726c1b0,Lying Abdominal Scissors Crunch,crunch,Crunch,"leg_raise, plank, russian_twist",True,bodyweight,70,88,95,65
ab297e74-28c0-4de9-a8e2-5624a96764d1,Back Steps Plank,plank,Plank,"crunch, leg_raise, russian_twist",True,bodyweight,70,88,95,65
ab48a125-1974-4034-ac08-412a1d94e92f,Romanian Deadlift (Resistance Band),romanian_deadlift,Romanian Deadlift,"romanian_deadlift, bent_over_row, hip_thrust, squat",False,band,60,85,90,50
ab4978f8-0189-4413-83c4-74a368313ddc,Cross Mountain Climber Kick Against Wall,mountain_climber,Mountain Climber,"plank, burpee, high_knees",False,bodyweight,70,88,95,65
ab4a2801-9215-4950-995d-98fbfab90382,Landmine Single Arm Side Low Fly,fly,Chest Fly,"bench_press, incline_fly, push_up",False,bodyweight,70,88,95,65
ab6264e0-c4be-4b28-93a6-1f9336b1a21b,Hanging Straight Leg Raise,hanging_leg_raise,Hanging Leg Raise,"crunch, plank, reverse_crunch",False,bodyweight,70,88,95,65
ab65a20d-a4e4-4037-ba00-db6c94124cc6,Reverse Crunch M,reverse_crunch,Reverse Crunch,"leg_raise, plank, russian_twist",False,bodyweight,70,88,95,65
ab6da7ff-9b25-45cd-a47a-9b200652eb69,Seated Hand To Knee Back Stretch,back_stretch,Back Stretch,,False,bodyweight,70,88,95,65
ab6e55ab-c42a-4a87-b4ed-c8e28534b4fc,Seated Overhead Triceps Extension On A Chair,overhead_tricep_extension,Overhead Tricep Extension,"tricep_pushdown, skull_crusher, dip, bicep_curl",False,bodyweight,70,88,95,65
ab6fb4f8-cda4-4532-b4ca-616b9162eec6,Incline Hammer Curl (Dumbbell),hammer_curl,Hammer Curl,"bicep_curl, preacher_curl, reverse_curl",True,dumbbell,92,90,92,90
ab750c25-38cd-4154-b2f0-c1135f91c40b,Smith Single Leg Split Squat,split_squat,Split Squat,"leg_press, leg_extension, lunge, leg_curl",False,smith_machine,72,70,25,80
ab7ae924-85eb-44a2-9a08-d2e7457f1f30,Up And Down,general_movement,Up And Down,,False,bodyweight,70,88,95,65
ab7c59c9-05d4-48b4-a0bc-955992f7cb8f,Lateral Raise (Resistance Band),lateral_raise,Lateral Raise,"shoulder_press, front_raise, rear_delt_fly",False,band,60,85,90,50
ab7f8ac1-8dd6-4524-97bd-0d2b003a08d9,Sitting Hamstring Curl On A Chair,leg_curl,Leg Curl,"romanian_deadlift, hip_thrust, leg_extension",False,bodyweight,70,88,95,65
ab8055db-0566-4857-9de5-f9a48d94a35e,Kneeling One Side Archer Push Up,push_up,Push Up,"bench_press, fly, dip, tricep_extension",True,bodyweight,70,88,95,65
ab811ae4-32e7-4287-ac9b-1840491bc334,Around The World Lying On Floor,general_movement,Around The World Lying On Floor,,False,bodyweight,70,88,95,65
ab85c846-6643-4055-8e54-8761b63695a8,Butt Kick With Shoulder Tap,shoulder_exercise,Shoulder Exercise,"shoulder_press, lateral_raise",False,bodyweight,70,88,95,65
ab87f7ec-282d-4cdf-a425-b76e6620b094,Single Leg Split Squat (Barbell),split_squat,Split Squat,"leg_press, leg_extension, lunge, leg_curl",False,barbell,95,80,65,95
ab997da7-35a5-4104-a490-f1be698655e6,Standing Quadriceps Stretch,quad_stretch,Quad Stretch,,False,bodyweight,70,88,95,65
abade53e-dd37-4b2d-8a9c-9dd59de58323,Lever Lying Chest Press (plate Loaded),chest_press,Chest Press,"bench_press, fly, tricep_pushdown",True,machine,80,75,20,88
abaeff77-a5fd-409d-b8e4-855625b7c00a,Sled 45 Degrees One Leg Press,leg_press,Leg Press,"squat, leg_extension, leg_curl, hack_squat",False,bodyweight,70,88,95,65
abaf941d-d5ac-421e-8e4b-a24048ac901c,Smith Behind Neck Press,press,Press,"bench_press, shoulder_press",False,smith_machine,72,70,25,80
abb4abd1-da6e-4f03-8be4-7230c49e1e40,Standing Side Handshakes,general_movement,Standing Side Handshakes,,False,bodyweight,70,88,95,65
abbb58d7-496f-450f-8165-b83c9c3f72d9,Landmine Romanian Deadlift,romanian_deadlift,Romanian Deadlift,"romanian_deadlift, bent_over_row, hip_thrust, squat",False,bodyweight,70,88,95,65
abbd99cd-838b-4a2a-a545-daba7791f007,Seated Neck Stretch,general_stretch,Stretch,,False,bodyweight,70,88,95,65
abbee5b1-9602-4b02-83ca-d484e90c2d5b,V Hold (beginner Level),general_movement,V Hold,,False,bodyweight,70,88,95,65
abc8fa92-4a82-427b-b382-8168e52055e7,Hyperextension (Dumbbell),back_extension,Back Extension,"romanian_deadlift, good_morning, glute_bridge",False,dumbbell,92,90,92,90
abcdc13d-7389-4056-a4d4-d04d6decbac4,Sitting Rest Pose (front Pov),general_stretch,Stretch,,False,bodyweight,70,88,95,65
abd7918a-d1a7-4bec-a7c4-7e1ecd8d3554,Lying Bent Legs Raise,raise,Raise,"lateral_raise, front_raise",False,bodyweight,70,88,95,65
abdc2db7-785c-49e9-ba76-95d4c168b331,Plank Pass Through (Kettlebell),plank,Plank,"crunch, leg_raise, russian_twist",False,kettlebell,75,85,85,78
abe25892-befb-4c90-8e8d-cf23d34c4670,Locust Pose,general_stretch,Stretch,,False,bodyweight,70,88,95,65
abe50346-bea2-447c-9de0-3854bdafac16,Standing Reverse Grip Curl (Barbell),reverse_curl,Reverse Curl,"bicep_curl, hammer_curl, wrist_curl",False,barbell,95,80,65,95
abef1ddf-1222-4dde-ba0c-c74f980738d1,Abductor Stretch,general_stretch,Stretch,,False,bodyweight,70,88,95,65
abfd3b2c-f8a5-462b-bd4a-cdd1abe03c07,Side Step Pulldown,lat_pulldown,Lat Pulldown,"pull_up, bent_over_row, bicep_curl, face_pull",False,bodyweight,70,88,95,65
abfd458f-64e7-4048-a020-a87ed6cb33af,Pulse Squat (Bodyweight),squat,Squat,"leg_press, leg_extension, lunge, leg_curl",False,bodyweight,70,88,95,65
abff7847-32a0-4bf9-8b6f-7a8fd9cc15fd,Pike Stand,general_movement,Pike Stand,,False,bodyweight,70,88,95,65
ac18848e-0f85-44f4-bd60-77c17ab8f003,Half Lotus Pulse,general_movement,Half Lotus Pulse,,False,bodyweight,70,88,95,65
ac1eefb7-12e5-4891-9bb9-22fbf133dd05,Standing Calf Raise On A Stepbox (Bodyweight),calf_raise,Calf Raise,leg_press,False,bodyweight,70,88,95,65
ac244be2-b334-4761-a35f-1ef473ee5ed9,Around The World Superman,general_movement,Around The World Superman,,False,bodyweight,70,88,95,65
ac2653c4-ea93-43c2-a429-af3bb44a9935,Pulse Split Lunge,lunge,Lunge,"split_squat, step_up, squat, leg_press",False,bodyweight,70,88,95,65
ac2e4499-f3d6-4289-9d46-a14ce167d2ef,Forearm Push Forward,arm_exercise,Arm Exercise,"bicep_curl, tricep_extension",False,bodyweight,70,88,95,65
ac31ea3b-309d-4227-8cd2-d289b89c4046,Seated Foot Inversion (Cable),core_exercise,Core Exercise,"crunch, plank",False,cable,85,88,30,92
ac35641f-85b0-4fc9-9cab-9242d60e9e56,Alternate Biceps Curl (Barbell),bicep_curl,Bicep Curl,"hammer_curl, preacher_curl, tricep_extension",False,barbell,95,80,65,95
ac4da2e3-8322-4ded-b678-9a4842427369,Front Squat (Kettlebell),front_squat,Front Squat,"leg_press, leg_extension, lunge, leg_curl",False,kettlebell,75,85,85,78
ac623a5a-82cb-437d-beeb-11d878f6a8eb,Overhead And Under Knee Clap,general_movement,Overhead And Under Knee Clap,,False,bodyweight,70,88,95,65
ac727fb1-b9df-4a79-9ea4-538cc0c506d6,Standing Overhead Press (Dumbbell),shoulder_press,Shoulder Press,"lateral_raise, front_raise, tricep_extension",False,dumbbell,92,90,92,90
ac89f43d-e3f1-444e-b9ca-426b6f2c99cf,Downward Dog Push Up Against Wall,push_up,Push Up,"bench_press, fly, dip, tricep_extension",True,bodyweight,70,88,95,65
ac92dbe4-fb5e-49c3-9b5d-eac2d33fbb99,Single Leg Split Squat With Low Box (Dumbbell),split_squat,Split Squat,"leg_press, leg_extension, lunge, leg_curl",False,dumbbell,92,90,92,90
ac9ea07f-1ed3-4653-aab2-557e9fdce2da,Sliding Leg Bird Dog,leg_exercise,Leg Exercise,"squat, leg_press",False,bodyweight,70,88,95,65
accf36d9-e434-4274-9e98-74b566a153a4,One Arm Bent Over Row (Barbell),single_arm_row,Single Arm Row,"lat_pulldown, face_pull, bicep_curl, rear_delt_fly",False,barbell,95,80,65,95
acd8acaa-b95e-46c2-812f-46d72a3750ab,Bent Over Row (Dumbbell),bent_over_row,Bent Over Row,"lat_pulldown, face_pull, bicep_curl, rear_delt_fly",False,dumbbell,92,90,92,90
acdc0671-4700-48d0-ae00-94a20bbd135d,Cross Over Reverse Fly (Cable),rear_delt_fly,Rear Delt Fly,"face_pull, lateral_raise, bent_over_row",False,cable,85,88,30,92
acf53939-ff23-495a-a3ba-a0b6429f221d,Front Plank With Arm And Leg Lift,plank,Plank,"crunch, leg_raise, russian_twist",True,bodyweight,70,88,95,65
acf54dcd-310c-47aa-a5a2-c597cdcf8338,Wrist Circles,general_movement,Wrist Circles,,False,bodyweight,70,88,95,65
ad044631-7060-4afd-b667-52b00240d9b9,Single Arm Clean And Press (Dumbbell),press,Press,"bench_press, shoulder_press",False,dumbbell,92,90,92,90
ad08f2f3-10ee-4154-a19b-2306105bc4d1,Lying Prone W To Y,general_movement,Lying Prone W To Y,,False,bodyweight,70,88,95,65
ad0cc46e-27b0-4e6c-9794-00196893dfb0,Bike Crunch And Feet Tap,crunch,Crunch,"leg_raise, plank, russian_twist",True,bodyweight,70,88,95,65
ad0d9eed-a240-454e-9f0b-d6e918126ece,Fly March,fly,Chest Fly,"bench_press, incline_fly, push_up",False,bodyweight,70,88,95,65
ad0db933-b9ad-4410-b107-1499071b7071,Frog Reverse Hyperextension (on A Bench),back_extension,Back Extension,"romanian_deadlift, good_morning, glute_bridge",False,bodyweight,70,88,95,65
ad1524b4-ea32-4927-a7c2-5198f4a868f0,Plate Push,general_movement,Plate Push,,False,bodyweight,70,88,95,65
ad290868-ae24-4605-a2ff-cdf85c15274f,Standing Shoulder External Rotatio (Resistance Band),shoulder_exercise,Shoulder Exercise,"shoulder_press, lateral_raise",False,band,60,85,90,50
ad2c370c-6ca1-4c01-b349-9869b81fbd8b,Ring Archer Push Up,push_up,Push Up,"bench_press, fly, dip, tricep_extension",True,bodyweight,70,88,95,65
ad2cd37c-01d2-4501-ad59-18c32332a683,Stepback Oblique Twist,back_exercise,Back Exercise,"bent_over_row, lat_pulldown",False,bodyweight,70,88,95,65
ad4172fb-0fa1-486e-93da-f002c11f12ab,Standing Hands Up Twist,general_movement,Standing Hands Up Twist,,False,bodyweight,70,88,95,65
ad46a014-5e38-4dd6-9e34-e4291e5c9a80,Goblet Sumo Squat (Dumbbell),goblet_squat,Goblet Squat,"leg_press, leg_extension, lunge, leg_curl",False,dumbbell,92,90,92,90
ad48c0c2-5406-4010-b4fb-2a92064f1603,Slight Squat Front Punch,front_squat,Front Squat,"leg_press, leg_extension, lunge, leg_curl",False,bodyweight,70,88,95,65
ad4b133b-fe97-4fe7-952c-45c5aa780150,Sitting Lat Pulldown On A Chair,lat_pulldown,Lat Pulldown,"pull_up, bent_over_row, bicep_curl, face_pull",False,bodyweight,70,88,95,65
ad4e5e0d-7233-4cd6-9a87-9dd14b422d1d,Lying Rear Lateral Raise (Dumbbell),lateral_raise,Lateral Raise,"shoulder_press, front_raise, rear_delt_fly",True,dumbbell,92,90,92,90
ad554f29-a496-419b-9b30-4670fb247e41,Criss Cross Elbow To Knee,general_movement,Criss Cross Elbow To Knee,,False,bodyweight,70,88,95,65
ad58a0e9-5dc5-41e7-82b9-7978dc7b7734,Over Bench Revers Wrist Curl (Dumbbell),general_movement,Over Bench Revers Wrist Curl,,False,dumbbell,92,90,92,90
ad68c4d2-0960-4bc7-aa53-ee8a9232f456,Chest And Front Of Shoulder Stretch,shoulder_stretch,Shoulder Stretch,,False,bodyweight,70,88,95,65
ad77e5f0-abaf-4a9c-85fb-a6de80940fe9,Lever Seated Leg Curl,seated_leg_curl,Seated Leg Curl,"romanian_deadlift, hip_thrust, leg_extension",False,machine,80,75,20,88
ad92fafb-b386-4408-b793-8313bb03dce2,Roll Calves (single Leg),leg_exercise,Leg Exercise,"squat, leg_press",False,bodyweight,70,88,95,65
ad9c6953-0b35-4ba2-8fbf-170bcd0db6c8,3 Point Bench Press (Dumbbell),bench_press,Bench Press,"incline_bench_press, fly, tricep_pushdown, dip",False,dumbbell,92,90,92,90
ada0f803-5467-400e-bc88-303cad8626d4,Stepback With Push,back_exercise,Back Exercise,"bent_over_row, lat_pulldown",False,bodyweight,70,88,95,65
ada1984f-3e48-4f61-aee0-56009d1e7fad,Bicycle V Up,v_up,V Up,"crunch, leg_raise, plank",False,bodyweight,70,88,95,65
ada8ef4a-c366-4a0f-9284-0843b57d197d,Weighted Plate Pinch Curl,curl,Curl,"bicep_curl, hammer_curl",False,bodyweight,70,88,95,65
adb1a7b2-8184-4169-baa3-da8e2f68108f,Downward Dog Hip Circle,general_movement,Downward Dog Hip Circle,,False,bodyweight,70,88,95,65
adb2c67a-53fb-4cf6-9ff1-a4863bc4003f,Thread The Needle Pose,general_stretch,Stretch,,False,bodyweight,70,88,95,65
adc7ca39-a317-482c-9510-c3a79493d9e8,Seated Shoulder Shrug,shrug,Shrug,"upright_row, deadlift, bent_over_row",False,bodyweight,70,88,95,65
add4c5d3-509d-4dba-838c-04d6eb55d456,Wide Glute Bridge,glute_bridge,Glute Bridge,"hip_thrust, romanian_deadlift, leg_curl",False,bodyweight,70,88,95,65
add6a910-747a-4582-81a0-80cac3217237,Pin Bench Press Conventional Grip (Barbell),bench_press,Bench Press,"incline_bench_press, fly, tricep_pushdown, dip",True,barbell,95,80,65,95
adda8cea-5eea-4465-8d65-6d43c4b938c8,Pulldown (Cable),lat_pulldown,Lat Pulldown,"pull_up, bent_over_row, bicep_curl, face_pull",True,cable,85,88,30,92
adf3932b-4b31-484a-8810-6afcf130b0c9,Leg To Side,leg_exercise,Leg Exercise,"squat, leg_press",False,bodyweight,70,88,95,65
ae2393f4-3fc5-49a6-97ac-e4fa85450fd6,Close Grip Press (Dumbbell),press,Press,"bench_press, shoulder_press",False,dumbbell,92,90,92,90
ae334324-52e8-4589-9293-793bc5281bd3,Rear Lunge (Barbell),lunge,Lunge,"split_squat, step_up, squat, leg_press",False,barbell,95,80,65,95
ae38b5c0-9fdf-4d68-9bde-56408059438b,Biceps Curl Front Step,bicep_curl,Bicep Curl,"hammer_curl, preacher_curl, tricep_extension",False,bodyweight,70,88,95,65
ae40ba47-6ed3-43f6-9135-02a9a917e66f,Standing Triple Arm Cross,arm_exercise,Arm Exercise,"bicep_curl, tricep_extension",False,bodyweight,70,88,95,65
ae478662-c9eb-4d4b-9ffd-75160d628e50,Slight Squat Front Raise,front_raise,Front Raise,"shoulder_press, lateral_raise, incline_bench_press",False,bodyweight,70,88,95,65
ae63a880-b339-447c-b218-7e30f8c9d772,Standing Contralateral Chest Press (Cable),chest_press,Chest Press,"bench_press, fly, tricep_pushdown",False,cable,85,88,30,92
ae645608-3bba-44a8-8a61-58342e1812f0,Seated Lateral Raise (Dumbbell),lateral_raise,Lateral Raise,"shoulder_press, front_raise, rear_delt_fly",True,dumbbell,92,90,92,90
ae76abab-e074-45ad-a1ec-4b1b8ef2e492,Standing Balance Side To Front Leg Raise,leg_raise,Leg Raise,"crunch, plank, reverse_crunch",False,bodyweight,70,88,95,65
ae7e1251-d1d7-488b-bb14-c5a7742c977c,Torso Twist In Plank On Elbows Position,plank,Plank,"crunch, leg_raise, russian_twist",True,bodyweight,70,88,95,65
ae7eae2c-9cc8-4711-b30c-88e6cc5928c0,Duck And Side Punch,general_movement,Duck And Side Punch,,False,bodyweight,70,88,95,65
aea88516-fe17-4637-820c-c9633a021275,Bent Over Neutral Grip Kickback With Rope Attachment (Cable),back_exercise,Back Exercise,"bent_over_row, lat_pulldown",False,cable,85,88,30,92
aeb45ef3-45e3-40ab-ada1-719d49551bcd,Sleeping Swan Yoga Pose,general_stretch,Stretch,,False,bodyweight,70,88,95,65
aebbf3ad-f1f5-489b-a3b2-3d7f8510f6bf,Lean Back Tap Ankle Tap,back_exercise,Back Exercise,"bent_over_row, lat_pulldown",False,bodyweight,70,88,95,65
aec9c2ca-9914-4a43-b7a9-070d766a6c29,Lever Chest Press (plate Loaded),chest_press,Chest Press,"bench_press, fly, tricep_pushdown",True,machine,80,75,20,88
aed50eff-0164-4455-aad3-0cd108f4f76e,Incline Plyo Push Up,incline_push_up,Incline Push Up,"bench_press, fly, dip, tricep_extension",False,bodyweight,70,88,95,65
aee1e5ae-cdd2-452b-9701-e8725f8c189b,Kickback (Dumbbell),back_exercise,Back Exercise,"bent_over_row, lat_pulldown",False,dumbbell,92,90,92,90
aee59d22-50a2-4c29-afb5-09191b3ac94a,3/4 Sit Up,crunch,Crunch,"leg_raise, plank, russian_twist",True,bodyweight,70,88,95,65
aee954e3-b322-4e6f-ab12-17c0b66c673a,Lever Vertical Leg Press,leg_press,Leg Press,"squat, leg_extension, leg_curl, hack_squat",True,machine,80,75,20,88
aee9f092-525b-44fd-b8ee-0b7a9f461d65,Sit Up To Press (Dumbbell),crunch,Crunch,"leg_raise, plank, russian_twist",False,dumbbell,92,90,92,90
aeea6e17-3826-48cc-ac38-727773079ed7,Lever Seated Crunch (chest Pad),crunch,Crunch,"leg_raise, plank, russian_twist",False,machine,80,75,20,88
aeeb9cfa-4ae2-49bd-af78-0c96726c2048,Standing Military Press (Bodyweight),shoulder_press,Shoulder Press,"lateral_raise, front_raise, tricep_extension",False,bodyweight,70,88,95,65
aef38acf-7752-4a5a-9d87-b8498ad837cd,Tate Press (Dumbbell),press,Press,"bench_press, shoulder_press",False,dumbbell,92,90,92,90
af070cc0-82ff-486c-a7cd-272f31ab4018,Side Crunch,oblique_crunch,Oblique Crunch,"leg_raise, plank, russian_twist",False,bodyweight,70,88,95,65
af18176e-861f-4a72-8a93-49268ac78c31,Seated Deep Neck Stretch,general_stretch,Stretch,,False,bodyweight,70,88,95,65
af18df9f-f972-47cf-a29b-4cd9e1451f83,Knee Touch Crunch,crunch,Crunch,"leg_raise, plank, russian_twist",True,bodyweight,70,88,95,65
af1d2c74-7e61-47b4-8b0d-92e77f6ad153,Russian Twist Legs Side Waves,russian_twist,Russian Twist,"oblique_crunch, woodchop, side_plank",False,bodyweight,70,88,95,65
af480ffd-4651-4937-9208-97922a2ad2b7,Standing Y Raise (Cable),raise,Raise,"lateral_raise, front_raise",False,cable,85,88,30,92
af4a0939-6129-47cb-963c-e0d9fe723528,Neutral Grip Bench Press (Kettlebell),bench_press,Bench Press,"incline_bench_press, fly, tricep_pushdown, dip",False,kettlebell,75,85,85,78
af4d3b7c-3f53-49f7-9893-4c316fb58643,Roll Posterior Shoulder Lying On Floor,shoulder_exercise,Shoulder Exercise,"shoulder_press, lateral_raise",False,bodyweight,70,88,95,65
af5f6ab4-6191-490a-b3b2-d30fb4a44012,Smith Bench Press,bench_press,Bench Press,"incline_bench_press, fly, tricep_pushdown, dip",False,smith_machine,72,70,25,80
af615db9-d383-49ef-a2d0-cd08e1870ca9,Knees And Toes Point Out Squat Slide Wall,squat,Squat,"leg_press, leg_extension, lunge, leg_curl",False,bodyweight,70,88,95,65
af6371a1-9078-45f1-92ee-266edca37e0f,Squat To Jumping Jack,squat_jump,Squat Jump,"squat, lunge_jump, box_jump",False,bodyweight,70,88,95,65
af6b00f4-b165-4832-b295-539379750933,Elbow Lift Reverse Push Up,push_up,Push Up,"bench_press, fly, dip, tricep_extension",True,bodyweight,70,88,95,65
af96b1e3-2a1c-4c65-aced-2a6f9725cba2,Quadruped To Down Dog,leg_exercise,Leg Exercise,"squat, leg_press",False,bodyweight,70,88,95,65
af9accc2-0f86-4a4c-a267-732d251959f0,Quadriceps Lying Stretch,quad_stretch,Quad Stretch,,False,bodyweight,70,88,95,65
afa28396-fe78-4726-b445-7048b3139fb0,Bent Over Wide Row (Dumbbell),bent_over_row,Bent Over Row,"lat_pulldown, face_pull, bicep_curl, rear_delt_fly",False,dumbbell,92,90,92,90
afa3cda4-96fe-4586-a1b3-4f0eefcf1b04,Sitting Incline Press Stepout On A Padded Stool,press,Press,"bench_press, shoulder_press",False,bodyweight,70,88,95,65
afb02197-b4d5-47f0-94b9-ce464492d3ea,Kneeling Triceps Kickback (Dumbbell),tricep_kickback,Tricep Kickback,"tricep_extension, tricep_pushdown, dip",False,dumbbell,92,90,92,90
afb28a8d-3a16-4d1d-bc07-252f93127c13,Decline Fly (Cable),fly,Chest Fly,"bench_press, incline_fly, push_up",False,cable,85,88,30,92
afb33c65-1507-4f5e-b5e3-04cca3027764,Single Leg Deadlift Pass (Kettlebell),single_leg_deadlift,Single Leg Deadlift,"romanian_deadlift, bent_over_row, hip_thrust, squat",False,kettlebell,75,85,85,78
afd96945-33ab-4bba-849b-081e1a083f22,Close Grip Row (Band),bent_over_row,Bent Over Row,"lat_pulldown, face_pull, bicep_curl, rear_delt_fly",False,band,60,85,90,50
afed4803-247e-4f0c-b641-9c6b0812e134,Kneeling Iliopsoas Stretch,general_stretch,Stretch,,False,bodyweight,70,88,95,65
aff316da-20b3-4ecb-8d63-a02ebce47eed,Wide Stance Side Lunge Against Wall,lateral_lunge,Lateral Lunge,"split_squat, step_up, squat, leg_press",False,bodyweight,70,88,95,65
aff7876e-8d1c-4fba-92b1-cd74d5bc7b48,Rotate And Leg Lift Crunch,crunch,Crunch,"leg_raise, plank, russian_twist",True,bodyweight,70,88,95,65
b02cf799-66b1-4fc2-bf77-44cf61510c3a,Push Up (wall) II,push_up,Push Up,"bench_press, fly, dip, tricep_extension",True,bodyweight,70,88,95,65
b02f2d10-1be3-480a-aa26-78128898f53d,Standing Single Arm Horizontal Triceps Extension (Cable),tricep_extension,Tricep Extension,"tricep_pushdown, skull_crusher, dip, bicep_curl",False,cable,85,88,30,92
b033ff31-f276-4dfe-8148-b372c2f1f2d1,Leg Curl (Resistance Band),leg_exercise,Leg Exercise,"squat, leg_press",False,band,60,85,90,50
b0438bd5-75cc-49d2-b7e3-b4a087cef971,Lying Hip Lift (stability Ball),core_exercise,Core Exercise,"crunch, plank",False,bodyweight,70,88,95,65
b054b861-be6c-40b7-9559-2b7beedfd09d,Seated Leg Extension (Cable),leg_extension,Leg Extension,"squat, leg_press, leg_curl",False,cable,85,88,30,92
b06b39d9-9104-486c-b853-efe144c1f931,Chin To Chest Stretch,chest_stretch,Chest Stretch,,False,bodyweight,70,88,95,65
b073ed33-9faa-4906-b939-5a69fd3e1182,Neck Circle Stretch,general_stretch,Stretch,,False,bodyweight,70,88,95,65
b073fea8-06b9-4a36-9b85-e15f55d5df71,Weighted Front Raise Hold,front_raise,Front Raise,"shoulder_press, lateral_raise, incline_bench_press",False,bodyweight,70,88,95,65
b08def3c-c22c-4b55-8b06-e0a66d38c0b8,Seated Bent Arm Lateral Raise (Dumbbell),lateral_raise,Lateral Raise,"shoulder_press, front_raise, rear_delt_fly",True,dumbbell,92,90,92,90
b09c64b2-208f-4d02-8608-114733a82ca4,Spider Mountain Climber,mountain_climber,Mountain Climber,"plank, burpee, high_knees",False,bodyweight,70,88,95,65
b0a17e06-245b-4f63-809f-1bdefb029734,Overhead Jack To Jumping Jack,jumping_jack,Jumping Jack,"burpee, high_knees, squat_jump",False,bodyweight,70,88,95,65
b0a70c78-5f78-4b46-91b7-86e48a4a261c,Roll Ball Tensor Fasciae Latae,general_movement,Roll Ball Tensor Fasciae Latae,,False,bodyweight,70,88,95,65
b0aa252f-8cc2-4ee9-b11e-151a85340ee4,Standing Torso Twist,general_movement,Standing Torso Twist,,False,bodyweight,70,88,95,65
b0aa83cf-30d1-4c15-8bda-2c93f93cfab0,Lying Lifting (on Hip) (Barbell),general_movement,Lying Lifting,,False,barbell,95,80,65,95
b0ac6b96-45c9-4675-ab34-8eb03636f95a,Glute Bridge And Double Open Up,glute_bridge,Glute Bridge,"hip_thrust, romanian_deadlift, leg_curl",False,bodyweight,70,88,95,65
b0b110d5-5cab-468e-9a43-50de9a43f5b9,Glute Ham Developer Sit Up And Russian Twist,crunch,Crunch,"leg_raise, plank, russian_twist",True,bodyweight,70,88,95,65
b0b14d68-ff23-486c-a54c-f3b68279b245,Romanian Deadlift To Squat (Kettlebell),squat,Squat,"leg_press, leg_extension, lunge, leg_curl",False,kettlebell,75,85,85,78
b0b67643-799b-4d8b-a81b-a2fff3a4ccde,Burpee Shuffle,burpee,Burpee,"push_up, squat_jump, mountain_climber",True,bodyweight,70,88,95,65
b0ba51d7-8548-4f6d-a68a-8f3c208f0f20,Floor Fly (Kettlebell),fly,Chest Fly,"bench_press, incline_fly, push_up",False,kettlebell,75,85,85,78
b0bcab3b-b018-4fb3-855b-74cdc4eee999,Lying Hip Flexion (reverse Squat) (Cable),squat,Squat,"leg_press, leg_extension, lunge, leg_curl",False,cable,85,88,30,92
b0cd7359-5adb-4ac0-b878-2b65da984c50,Curl To Press (Band),bicep_curl,Bicep Curl,"hammer_curl, preacher_curl, tricep_extension",False,band,60,85,90,50
b0e3b177-80ca-4e60-9b12-b5b0a60321a8,Hands Behind Head Chest Squeeze,chest_exercise,Chest Exercise,"bench_press, fly",False,bodyweight,70,88,95,65
b0f93322-0218-417f-8e2a-f14770d3779d,Lateral To Front Raise (Dumbbell),front_raise,Front Raise,"shoulder_press, lateral_raise, incline_bench_press",True,dumbbell,92,90,92,90
b11ce933-ecf4-42cd-9e6c-2d6f0991335d,Roll Ball Lateral Vastus,general_movement,Roll Ball Lateral Vastus,,False,bodyweight,70,88,95,65
b11f8143-2c9b-4b44-8cb0-06cb86d15f0b,Kneeling Push Up To Hovering Table Top,push_up,Push Up,"bench_press, fly, dip, tricep_extension",True,bodyweight,70,88,95,65
b1270ff0-7245-4398-8d0d-87aa1641a09b,Leg Climb Crunch,crunch,Crunch,"leg_raise, plank, russian_twist",True,bodyweight,70,88,95,65
b12ae019-889c-4d09-94d6-09c09f54df0f,Hand Swipe March,general_movement,Hand Swipe March,,False,bodyweight,70,88,95,65
b130b5b7-e1b0-451c-98b8-ff69c03716df,Downward Dog Crunch,crunch,Crunch,"leg_raise, plank, russian_twist",True,bodyweight,70,88,95,65
b131a377-ce10-4104-a2b5-65b8fac32bc7,90 Degree Heel Touch Against Wall,general_movement,90 Degree Heel Touch Against Wall,,False,bodyweight,70,88,95,65
b1394a99-a671-434c-b18b-c42cca2ef0df,Suspender Hip Abduction,hip_abduction,Hip Abduction,"hip_adduction, glute_kickback, hip_thrust",False,bodyweight,70,88,95,65
b144793e-33c2-4118-b6bb-482b6df1632a,Low To High Lunge Pose,general_stretch,Stretch,,False,bodyweight,70,88,95,65
b160de45-fe3b-442f-a42a-330d890a588b,Assisted Bulgarian Split Squat (Dumbbell),split_squat,Split Squat,"leg_press, leg_extension, lunge, leg_curl",False,dumbbell,92,90,92,90
b16a283d-18db-40dd-aef0-136b676d5641,Standing One Arm Hammer Curl With Rope Attack  (Cable),hammer_curl,Hammer Curl,"bicep_curl, preacher_curl, reverse_curl",False,cable,85,88,30,92
b16ac909-8d91-4d4e-86ab-b2b710d036d1,Goblet Side Lunge Stretch (Dumbbell),general_stretch,Stretch,,False,dumbbell,92,90,92,90
b17c6437-e414-43fb-aeba-efa2805d5411,Standing Hands On Shoulder Raise And Elbow Touch (,raise,Raise,"lateral_raise, front_raise",False,bodyweight,70,88,95,65
b1810944-6777-49f1-9d14-c65bc31486ef,Side Lunge Wood Chop,lateral_lunge,Lateral Lunge,"split_squat, step_up, squat, leg_press",False,bodyweight,70,88,95,65
b1960ddc-28d8-4b78-b8ce-c5c452667206,Sitting Shoulder Press On A Chair,shoulder_press,Shoulder Press,"lateral_raise, front_raise, tricep_extension",False,bodyweight,70,88,95,65
b1b89a16-62e8-4019-a1f7-38851cb43a8f,90 To 90 (Leaning),general_movement,90 To 90,,False,bodyweight,70,88,95,65
b1c6e9d9-c766-417c-a4cd-77da07f69284,Standing Lateral Stretch,back_stretch,Back Stretch,,False,bodyweight,70,88,95,65
b1cb7d76-17a8-4ea9-a28d-0b4f6381d40f,Sit Up II,crunch,Crunch,"leg_raise, plank, russian_twist",True,bodyweight,70,88,95,65
b1cfa545-0260-476f-b35e-cf328d997b09,One Arm Upright Row (Dumbbell),upright_row,Upright Row,"lateral_raise, shrug, shoulder_press",False,dumbbell,92,90,92,90
b1e0b594-e1ec-4eda-a97b-c70459ff3284,Sumo High Pull (Kettlebell),general_movement,Sumo High Pull,,False,kettlebell,75,85,85,78
b1e29896-4f92-4b56-83ed-0ce00fd4b580,Seated Single Leg Hugging Knee Flexion,leg_exercise,Leg Exercise,"squat, leg_press",False,bodyweight,70,88,95,65
b1ecda42-ce2a-4181-997e-d93f1870111e,Lying Single Toe Pointing,general_movement,Lying Single Toe Pointing,,False,bodyweight,70,88,95,65
b1fe3847-1e79-4ef6-b430-5de18b04f83b,Standing Figure Four Pose,general_stretch,Stretch,,False,bodyweight,70,88,95,65
b1fe7c2d-bcaa-4995-a299-e8515cd706b7,Inverted Row,inverted_row,Inverted Row,"lat_pulldown, face_pull, bicep_curl, rear_delt_fly",False,bodyweight,70,88,95,65
b20cc3db-3057-446f-8037-eee0a8434a97,Bottle Weighted Swing,general_movement,Bottle Weighted Swing,,False,bodyweight,70,88,95,65
b21a131d-db1a-475c-bb72-cc88da387321,Bird Dog,general_movement,Bird Dog,,False,bodyweight,70,88,95,65
b21e9164-a840-42ed-a3c4-82334e797c37,Forward Fold Twist With Toe Hold,general_movement,Forward Fold Twist With Toe Hold,,False,bodyweight,70,88,95,65
b221f701-3e65-4e1f-848d-7da5d1848590,Gate Rock (advanced),general_movement,Gate Rock,,False,bodyweight,70,88,95,65
b23b88fa-2286-4909-80e3-00eefbcc2269,Inverted Row Bent Knee Under Table,inverted_row,Inverted Row,"lat_pulldown, face_pull, bicep_curl, rear_delt_fly",False,bodyweight,70,88,95,65
b246c2ed-d45d-4733-856e-0095ce5600cb,Pushdown (straight Arm)  (Cable),tricep_pushdown,Tricep Pushdown,"tricep_extension, skull_crusher, dip",True,cable,85,88,30,92
b24d64da-0ba5-4b0e-ab03-ead04cbdcf2c,Landmine Overhead Rear Lunge,lunge,Lunge,"split_squat, step_up, squat, leg_press",False,bodyweight,70,88,95,65
b266ee24-5d72-4533-bc05-3489c35603f0,Spine Twist,general_movement,Spine Twist,,False,bodyweight,70,88,95,65
b26c9186-d77a-419c-a7ca-aa6c91a13dc4,Romanian Deadlift (Barbell),romanian_deadlift,Romanian Deadlift,"romanian_deadlift, bent_over_row, hip_thrust, squat",False,barbell,95,80,65,95
b26dc2f1-323e-44ad-8275-ef4aa8a965bf,Standing March With Shoulders Extension,extension,Extension,"tricep_extension, leg_extension",False,bodyweight,70,88,95,65
b27499bf-8c05-46de-b268-d5003815a53f,Standing Alternating Diagonal Prayer Push,general_movement,Standing Alternating Diagonal Prayer Push,,False,bodyweight,70,88,95,65
b275b5cf-f9d5-45f0-8812-3eba4765ac0b,Shin Box Switch,general_movement,Shin Box Switch,,False,bodyweight,70,88,95,65
b27ceefb-2938-4fcd-a556-db8d205f6ec4,Thomas Test,general_movement,Thomas Test,,False,bodyweight,70,88,95,65
b28b48b5-ea3d-4a18-8704-a9e5acfa4231,Lying Upper Body T Raise,raise,Raise,"lateral_raise, front_raise",False,bodyweight,70,88,95,65
b290b381-787d-4da0-bcbd-2c145ea747e1,Triceps Extension Stepback,tricep_extension,Tricep Extension,"tricep_pushdown, skull_crusher, dip, bicep_curl",False,bodyweight,70,88,95,65
b2a7dafc-c670-4aa8-bc00-3ef9b54b3b1a,Kneeling Bend Knee Chair Supported,general_movement,Kneeling Bend Knee Chair Supported,,False,bodyweight,70,88,95,65
b2bcc9aa-d0e5-4a50-b22d-30bd5e3783ac,Circle Arms Knee Raises On Chair,leg_raise,Leg Raise,"crunch, plank, reverse_crunch",False,bodyweight,70,88,95,65
b2c6e6c9-91ed-4ef8-a3bf-8d131fbe7bc0,Seated Kayak Row With A Towel On A Padded Stool,cable_row,Cable Row,"lat_pulldown, face_pull, bicep_curl, rear_delt_fly",False,bodyweight,70,88,95,65
b2c820ac-c1b1-4223-b519-a7eb87417019,Calf Raise With Wall Support,calf_raise,Calf Raise,leg_press,False,bodyweight,70,88,95,65
b2e33479-669a-4b84-9c9b-15273603c627,Lever Standing Single Leg Curl (plate Loaded),leg_curl,Leg Curl,"romanian_deadlift, hip_thrust, leg_extension",True,machine,80,75,20,88
b2e7ed32-a199-4315-a07b-ee13079b9c86,Lying Triceps Extension (Barbell),skull_crusher,Skull Crusher,"tricep_extension, tricep_pushdown, dip",False,barbell,95,80,65,95
b2f2aa9b-cd2a-4713-a258-97d9c1063fed,Heel Glute Bridge,glute_bridge,Glute Bridge,"hip_thrust, romanian_deadlift, leg_curl",False,bodyweight,70,88,95,65
b304c00a-e4b0-464c-8a48-2f5ac9adbe22,Standing Ladder Climb,general_movement,Standing Ladder Climb,,False,bodyweight,70,88,95,65
b3110834-1632-448e-afc5-f35eac1c2a85,Sitting Knee Tuck On A Padded Stool,general_movement,Sitting Knee Tuck On A Padded Stool,,False,bodyweight,70,88,95,65
b313ca0b-58cc-47ac-b0c0-ef759746d4c0,Half Jackknife,general_movement,Half Jackknife,,False,bodyweight,70,88,95,65
b31b0a1d-16f8-44bb-b622-8cd3cdc7e1e9,Triceps Dip Floor,dip,Dip,"bench_press, tricep_pushdown, push_up",True,bodyweight,70,88,95,65
b31e6d8c-0d4d-4b50-abdb-bf3f09311d0f,Standing Romanian Deadlift (Bodyweight),romanian_deadlift,Romanian Deadlift,"romanian_deadlift, bent_over_row, hip_thrust, squat",False,bodyweight,70,88,95,65
b327fd08-78cd-4378-b1e3-0563707a6763,Standing Pulldown (Rope) (Cable),lat_pulldown,Lat Pulldown,"pull_up, bent_over_row, bicep_curl, face_pull",True,cable,85,88,30,92
b32e3b49-857d-4d52-a575-fa152a41d7aa,Side Mountain Climber,mountain_climber,Mountain Climber,"plank, burpee, high_knees",False,bodyweight,70,88,95,65
b333deab-330c-44d4-9531-c48c1b1b64bb,Weighted Lying Twist,general_movement,Weighted Lying Twist,,False,bodyweight,70,88,95,65
b34eca5f-44ad-4c71-b991-3cdf3583be10,Knees And Toes Point Out Squat Slide Wall,squat,Squat,"leg_press, leg_extension, lunge, leg_curl",False,bodyweight,70,88,95,65
b3582aec-e12a-459a-8231-b43b99cfad22,EZ Bar Seated Wrist Curl,wrist_curl,Wrist Curl,"reverse_curl, bicep_curl",False,bodyweight,70,88,95,65
b3592b98-5c2b-4c76-b9af-17b7b5370661,Chest Supported Lateral Raises (Dumbbell),lateral_raise,Lateral Raise,"shoulder_press, front_raise, rear_delt_fly",True,dumbbell,92,90,92,90
b35ca8fd-465e-4d77-a4c9-401fe48ea2e6,Reverse Sliding Leg Curl On Floor With Towel,reverse_curl,Reverse Curl,"bicep_curl, hammer_curl, wrist_curl",False,bodyweight,70,88,95,65
b3611566-2698-4a5d-9c83-8d56ee996dad,Hip Raise (bent Knee),raise,Raise,"lateral_raise, front_raise",False,bodyweight,70,88,95,65
b365b5c7-c714-4805-8f52-780599f4bb04,Seated Twist (stability Ball) (Barbell),core_exercise,Core Exercise,"crunch, plank",False,barbell,95,80,65,95
b36aa16a-3c30-4db9-a7a5-1a71a1540b7d,Alternate Opposite Superman Lift And Row,bent_over_row,Bent Over Row,"lat_pulldown, face_pull, bicep_curl, rear_delt_fly",False,bodyweight,70,88,95,65
b36cf345-d6eb-4d39-b694-992532970f1d,Lever One Arm Lateral High Row,machine_row,Machine Row,"lat_pulldown, face_pull, bicep_curl, rear_delt_fly",False,machine,80,75,20,88
b3707525-2d85-4568-a97b-1b12fb5e52ea,SZ Bar Close Grip Curl (Cable),bicep_curl,Bicep Curl,"hammer_curl, preacher_curl, tricep_extension",False,cable,85,88,30,92
b3776bd4-a98b-4b94-adb0-8cfa5cdd5df4,Seated In Out Leg Raise On Floor,leg_raise,Leg Raise,"crunch, plank, reverse_crunch",False,bodyweight,70,88,95,65
b3798bfa-e686-488e-bfb7-dd6b84a67e93,Sled 45 Degrees Wide Stance Leg Press,leg_press,Leg Press,"squat, leg_extension, leg_curl, hack_squat",False,bodyweight,70,88,95,65
b38602a9-ba13-4432-830d-b52096d45d8e,Ring Alternate Reverse Curl,reverse_curl,Reverse Curl,"bicep_curl, hammer_curl, wrist_curl",False,bodyweight,70,88,95,65
b38734d5-d0c2-4deb-9b51-b59016059395,Medicine Ball Crunch On Stability Ball,crunch,Crunch,"leg_raise, plank, russian_twist",True,bodyweight,70,88,95,65
b398b73b-70f5-4f90-9668-8b1ceb87221e,Side Lying T Thigh Raise Hold,raise,Raise,"lateral_raise, front_raise",False,bodyweight,70,88,95,65
b3c0fa98-2603-46ed-95cc-7152ed1d61d0,One Arm Twisting Seated Row (Cable),cable_row,Cable Row,"lat_pulldown, face_pull, bicep_curl, rear_delt_fly",True,cable,85,88,30,92
b3c2168d-24ae-43c6-bda0-da28167a9873,Alternate V Feet Raises,raise,Raise,"lateral_raise, front_raise",False,bodyweight,70,88,95,65
b3d85cb4-b26c-4b20-93b1-fa3d55e13683,Inline Skating,general_movement,Inline Skating,,False,bodyweight,70,88,95,65
b3e23e8e-38dd-489c-9bf1-64a55c00f174,Seated Bent Knee Abduction (Resistance Band),hip_abduction,Hip Abduction,"hip_adduction, glute_kickback, hip_thrust",False,band,60,85,90,50
b3ebdc9c-645b-4308-853f-7e8eb4e397b3,Skull Crusher (Barbell),skull_crusher,Skull Crusher,"tricep_extension, tricep_pushdown, dip",False,barbell,95,80,65,95
b3ec47aa-89ec-4d76-8416-3d078916dc29,Single Leg Support Balance,leg_exercise,Leg Exercise,"squat, leg_press",False,bodyweight,70,88,95,65
b3f535d7-cc50-4d03-9a69-43752a646919,Leg Over Knee Glute Bridge (left),glute_bridge,Glute Bridge,"hip_thrust, romanian_deadlift, leg_curl",False,bodyweight,70,88,95,65
b3fe6ab2-78b3-451b-b27f-f2b4afe94c49,Lying Legs Triangle Drop,leg_exercise,Leg Exercise,"squat, leg_press",False,bodyweight,70,88,95,65
b40f8c33-32ff-43f5-9b22-3c3c2a487ee6,Seated Fist Pulse,general_movement,Seated Fist Pulse,,False,bodyweight,70,88,95,65
b41128d1-db7c-4fe9-abe1-bc386fa8c37a,Low Lunge,lunge,Lunge,"split_squat, step_up, squat, leg_press",False,bodyweight,70,88,95,65
b41419ff-8704-429f-9941-cd235bccf76d,Knee Thrust Floor Tap,general_movement,Knee Thrust Floor Tap,,False,bodyweight,70,88,95,65
b42f3e80-b1c4-4a1f-a520-4b8add59bad8,Seated Twist (on Stability Ball) (Barbell),core_exercise,Core Exercise,"crunch, plank",False,barbell,95,80,65,95
b442ad15-b32d-476d-a69b-eff552b8cec9,Lever Bent Over Low Row,machine_row,Machine Row,"lat_pulldown, face_pull, bicep_curl, rear_delt_fly",False,machine,80,75,20,88
b44ce5dd-f859-4707-b9b3-83b3b593d8de,Quadruped Hip Rotation,leg_exercise,Leg Exercise,"squat, leg_press",False,bodyweight,70,88,95,65
b450c8f3-0a0a-4dbd-9470-dd1009944c69,Weighted Seated Single Leg Knee Extension (versio,extension,Extension,"tricep_extension, leg_extension",False,bodyweight,70,88,95,65
b46bf243-b6cb-4c6d-b600-c6d4d9050d7a,Pull Apart (Band),general_movement,Pull Apart,,False,band,60,85,90,50
b4965d18-2386-4230-92d8-bd8a8ad81fcb,Incline Inner Biceps Curl (Dumbbell),incline_curl,Incline Curl,"bicep_curl, preacher_curl, hammer_curl",False,dumbbell,92,90,92,90
b499bdba-a5ce-4bbc-ae8d-179d06942e16,Bridge March,general_movement,Bridge March,,False,bodyweight,70,88,95,65
b49a1b3f-b516-47e5-bede-8100b5abd710,Sumo Squat Floor Touch,sumo_squat,Sumo Squat,"leg_press, leg_extension, lunge, leg_curl",False,bodyweight,70,88,95,65
b49a28b0-cb9e-4b57-b808-a951c7692529,Backward Forward Turn To Side Neck Stretch,back_stretch,Back Stretch,,False,bodyweight,70,88,95,65
b4a1fdae-6f8a-4b2f-94b7-c3e6f9187195,Forward Sideward Hop,general_movement,Forward Sideward Hop,,False,bodyweight,70,88,95,65
b4a44a5c-b73d-4674-8534-b05abe30f7d2,Bent Leg Superman Raise,raise,Raise,"lateral_raise, front_raise",False,bodyweight,70,88,95,65
b4b26c36-d142-4ebd-8f4e-da574e337e4e,Crocodile Crawl,general_movement,Crocodile Crawl,,False,bodyweight,70,88,95,65
b4b99268-12d4-4d5e-858d-f161916cf9ab,Sitting Pull Back On A Chair,back_exercise,Back Exercise,"bent_over_row, lat_pulldown",False,bodyweight,70,88,95,65
b4c3fefb-5d9c-4988-84ea-6eab4b105d03,Neck Half Circle,general_movement,Neck Half Circle,,False,bodyweight,70,88,95,65
b4cf8795-3353-4b18-b05c-31d63737c13c,Rear Fly Stepback,fly,Chest Fly,"bench_press, incline_fly, push_up",False,bodyweight,70,88,95,65
b4d2b25e-da22-46a3-b9a5-d6a7ed411bb5,Crossed Body Twist Sit Up,crunch,Crunch,"leg_raise, plank, russian_twist",True,bodyweight,70,88,95,65
b4f3fdd8-0c9f-4681-9c1d-97625ed57b93,Standing Back Stretch (Bodyweight),back_stretch,Back Stretch,,False,bodyweight,70,88,95,65
b522251f-3fce-4cca-b2dd-c1da867377e4,Squeeze Bench Press (Dumbbell),bench_press,Bench Press,"incline_bench_press, fly, tricep_pushdown, dip",False,dumbbell,92,90,92,90
b526cfd9-5091-4ac0-8f7d-a629e889e544,Standing Elbow Circle,general_movement,Standing Elbow Circle,,False,bodyweight,70,88,95,65
b555d154-4d4d-42dc-9bc9-3a960c776db8,Single Straight Leg Stretch,general_stretch,Stretch,,False,bodyweight,70,88,95,65
b559112a-0b54-42e7-9b0b-56e6607a74d1,Standing Side Kick,general_movement,Standing Side Kick,,False,bodyweight,70,88,95,65
b571566f-b457-4c9f-aee2-62e451a98d63,Negative Crunch,crunch,Crunch,"leg_raise, plank, russian_twist",True,bodyweight,70,88,95,65
b57513ee-20f3-4261-b79b-c41e0f8ea2fc,Side Bend (Cable),core_exercise,Core Exercise,"crunch, plank",False,cable,85,88,30,92
b57ddf68-edb7-4c1c-ab08-ee947941c0da,Wide Glute Pulse Bridge,glute_bridge,Glute Bridge,"hip_thrust, romanian_deadlift, leg_curl",False,bodyweight,70,88,95,65
b591f0eb-3558-48f7-a74f-cb1dd2dd2af8,Ab Roller Crunch,crunch,Crunch,"leg_raise, plank, russian_twist",True,bodyweight,70,88,95,65
b5923cd7-c838-400f-b167-2157116894f8,Standing Top Grab Front Grab,core_exercise,Core Exercise,"crunch, plank",False,bodyweight,70,88,95,65
b5942b9e-fb8b-4199-a250-9c0b36ccea2c,Lying Abduction Leg Raise On Floor,hip_abduction,Hip Abduction,"hip_adduction, glute_kickback, hip_thrust",False,bodyweight,70,88,95,65
b5986bfa-9cf1-4c37-b05f-648a7baff8b3,Standing Gastrocnemius Calf Stretch,calf_stretch,Calf Stretch,,False,bodyweight,70,88,95,65
b59b95f7-9dab-40f7-9599-0d29c0c44782,Incline One Arm Lateral Raise (Dumbbell),lateral_raise,Lateral Raise,"shoulder_press, front_raise, rear_delt_fly",True,dumbbell,92,90,92,90
b59fe3df-e97b-4a31-99b6-94afb2a7d580,Right Cross Hook Kick (kickboxing),general_movement,Right Cross Hook Kick,,False,bodyweight,70,88,95,65
b5a28dc4-0605-4358-ae06-ed146eaa7ba3,Stick Side To Front Bend Stretch,general_stretch,Stretch,,False,bodyweight,70,88,95,65
b5a7ef6d-854d-466c-8656-d47a21537673,Donkey Kickback (Cable),back_exercise,Back Exercise,"bent_over_row, lat_pulldown",False,cable,85,88,30,92
b5aa4ec0-d07f-45ba-8fef-867387f182e8,Assisted Partial Range Inverse Leg Curl,leg_curl,Leg Curl,"romanian_deadlift, hip_thrust, leg_extension",False,bodyweight,70,88,95,65
b5ab3605-01ad-45be-8e96-b27a9e641883,Mountain Climber Walk,mountain_climber,Mountain Climber,"plank, burpee, high_knees",False,bodyweight,70,88,95,65
b5ad90bc-c963-4355-886f-c24105c3179f,Ipsilateral Reverse Lunge (Kettlebell),reverse_lunge,Reverse Lunge,"split_squat, step_up, squat, leg_press",False,kettlebell,75,85,85,78
b5b3b877-e7ef-4510-953f-34ff504b9e81,Rowing (with Rowing Machine),machine_row,Machine Row,"lat_pulldown, face_pull, bicep_curl, rear_delt_fly",False,machine,80,75,20,88
b5c11998-2e3d-4bc3-9a62-23af9ce77344,Knee Raise Jack,leg_raise,Leg Raise,"crunch, plank, reverse_crunch",False,bodyweight,70,88,95,65
b5c667ad-e59b-40f6-b5df-906747774a26,Lying Supine Curl (Dumbbell),bicep_curl,Bicep Curl,"hammer_curl, preacher_curl, tricep_extension",True,dumbbell,92,90,92,90
b5cd9989-353a-4fa5-87bc-450c0c71f574,Pelvic Tilt,general_movement,Pelvic Tilt,,False,bodyweight,70,88,95,65
b5cfcfe7-604f-4c66-b9a7-dd8ba26e660b,Hyperextension,back_extension,Back Extension,"romanian_deadlift, good_morning, glute_bridge",False,bodyweight,70,88,95,65
b5d05d29-17d4-459d-8289-b3e2c7c2fecd,Incline Fly (Dumbbell),incline_fly,Incline Fly,"fly, incline_bench_press",False,dumbbell,92,90,92,90
b5d30f28-0208-4c6a-827a-79f69b552a2c,45 Degree Bicycle Twisting Crunch,bicycle_crunch,Bicycle Crunch,"leg_raise, plank, russian_twist",False,bodyweight,70,88,95,65
b5d40962-6dfb-47c6-b79c-a98ef86b368b,Seated Military Hold Alternate Leg Raise On Floor (Dumbbell),leg_raise,Leg Raise,"crunch, plank, reverse_crunch",False,dumbbell,92,90,92,90
b5f8c1c8-106c-427a-ada2-227d2e921caa,EZ (Barbell) Drag Curl,bicep_curl,Bicep Curl,"hammer_curl, preacher_curl, tricep_extension",False,barbell,95,80,65,95
b609e1e1-8de7-4a5c-a4ba-a62ba8c10f8c,Side Plank Twist Arm Delt Raise,side_plank,Side Plank,"crunch, leg_raise, russian_twist",False,bodyweight,70,88,95,65
b60ce03b-7d38-4369-b317-b1c80c5afed9,Ring Eccentric Single Leg Curl With Towel,leg_curl,Leg Curl,"romanian_deadlift, hip_thrust, leg_extension",False,bodyweight,70,88,95,65
b6160b5d-9bb2-46f3-99da-308d3325d1ce,Sitting Lotus Rest Pose (front Pov),general_stretch,Stretch,,False,bodyweight,70,88,95,65
b61f4bef-c4f2-4be0-b135-c9c63cd1bbbd,Single Leg Glute Bridge Pullover_back (Kettlebell),pullover,Pullover,"lat_pulldown, straight_arm_pulldown, fly",False,kettlebell,75,85,85,78
b63ceab7-dfe7-448b-821d-2a5568feca74,Bottle Weighted Reverse Curl,reverse_curl,Reverse Curl,"bicep_curl, hammer_curl, wrist_curl",False,bodyweight,70,88,95,65
b641aefd-6199-4b1c-b723-d76dff87b9c6,Squat Jack,squat,Squat,"leg_press, leg_extension, lunge, leg_curl",False,bodyweight,70,88,95,65
b642ad44-7ed9-4087-bf0e-0cbf0258712e,Prone Press Swan_pilates,press,Press,"bench_press, shoulder_press",False,bodyweight,70,88,95,65
b644d54d-dcb6-4ef6-b563-2f0c797af869,Lying Tuck Crunch,crunch,Crunch,"leg_raise, plank, russian_twist",True,bodyweight,70,88,95,65
b64b7bff-8c55-41f6-abfc-b34e45608188,Assisted Push Up (Resistance Band),push_up,Push Up,"bench_press, fly, dip, tricep_extension",False,band,60,85,90,50
b64c9c89-42df-4262-b450-f4c9c149029e,Split Lunge Stretch (Dumbbell),general_stretch,Stretch,,False,dumbbell,92,90,92,90
b64f6e96-18e4-4625-815c-79a63312b4de,Weighted Plate Tibialis Anterior Curl,curl,Curl,"bicep_curl, hammer_curl",False,bodyweight,70,88,95,65
b656782e-da8b-48c5-a277-3b7eb959d35f,Single Leg Tuck Reverse Crunch (Cable),reverse_crunch,Reverse Crunch,"leg_raise, plank, russian_twist",False,cable,85,88,30,92
b65ce9d3-67f9-4442-ac03-03e5e98e531d,Lever Row (plate Loaded),machine_row,Machine Row,"lat_pulldown, face_pull, bicep_curl, rear_delt_fly",False,machine,80,75,20,88
b6686f9a-e35e-45b4-9f70-4b923669c36c,Jumping Jack,jumping_jack,Jumping Jack,"burpee, high_knees, squat_jump",False,bodyweight,70,88,95,65
b67d1481-8f96-43c8-81ae-b9abaf237538,Balance Plate Standing,general_movement,Balance Plate Standing,,False,bodyweight,70,88,95,65
b67d31ad-67a3-4f2c-89fe-4baa53228162,Sitting Lateral Raise Stepout On A Padded Stool,lateral_raise,Lateral Raise,"shoulder_press, front_raise, rear_delt_fly",False,bodyweight,70,88,95,65
b68caa7e-6340-44f4-ac69-d9be301b8a92,Side Step Pulldown,lat_pulldown,Lat Pulldown,"pull_up, bent_over_row, bicep_curl, face_pull",False,bodyweight,70,88,95,65
b6967d58-ff30-4db8-b971-88445f0fccbf,Chest Out Hands Behind (hold),chest_exercise,Chest Exercise,"bench_press, fly",False,bodyweight,70,88,95,65
b6a634de-d648-433d-88e1-b0393ab6e38c,Pullover To Press (Barbell),pullover,Pullover,"lat_pulldown, straight_arm_pulldown, fly",False,barbell,95,80,65,95
b6b36d72-4eb1-46a8-b7bf-1e883a958aa3,Turkish Get Up (squat Style) (Kettlebell),squat,Squat,"leg_press, leg_extension, lunge, leg_curl",False,kettlebell,75,85,85,78
b6b3958e-8ad1-47dd-be81-424c9993efb3,Lying Twist Toe Touch Against Wall,general_movement,Lying Twist Toe Touch Against Wall,,False,bodyweight,70,88,95,65
b6baffec-06ab-4e27-a537-f0cc900334b0,Double Pulse Squat Kickback,squat,Squat,"leg_press, leg_extension, lunge, leg_curl",False,bodyweight,70,88,95,65
b6d6c1e0-df23-414b-b360-f300bf5f28a1,90 To 90 (Stretch),general_stretch,Stretch,,False,bodyweight,70,88,95,65
b6dd4737-55cb-42cb-9ed2-7a3b390a6e41,Lateral Twist Box Jump,box_jump,Box Jump,"squat_jump, lunge_jump, squat",False,bodyweight,70,88,95,65
b6e3a3e4-11ee-47ed-85c9-b4085c9ec891,Alternating Leg Downward Dog,leg_exercise,Leg Exercise,"squat, leg_press",False,bodyweight,70,88,95,65
b6efb8c1-e05b-43c6-b224-58d4350c7c09,Sitting Scapular Adduction (side Back Pov),hip_adduction,Hip Adduction,"hip_abduction, sumo_squat, lunge",False,bodyweight,70,88,95,65
b6f2f6bc-ce07-4609-85cf-bd50d03d6992,Bird Dog,general_movement,Bird Dog,,False,bodyweight,70,88,95,65
b6f9ca6d-1b9b-4bcd-bfd0-dee2568c131e,Twisted Leg Lunge Pose,general_stretch,Stretch,,False,bodyweight,70,88,95,65
b70653e9-1662-4d15-951c-ccdd8f00b8fc,Lying Hip Knee Raise,leg_raise,Leg Raise,"crunch, plank, reverse_crunch",False,bodyweight,70,88,95,65
b706c25a-bc45-4b4f-8808-2feafa4ecb7c,Isometric Mid Thighs Pull,general_movement,Isometric Mid Thighs Pull,,False,bodyweight,70,88,95,65
b706e25b-07a3-4142-8007-fe410121f69d,One Arm Low Fly (Dumbbell),fly,Chest Fly,"bench_press, incline_fly, push_up",True,dumbbell,92,90,92,90
b718831c-3ef3-450b-9260-795be9bd33d1,Weighted Twisting Crunch (on Bench),crunch,Crunch,"leg_raise, plank, russian_twist",True,bodyweight,70,88,95,65
b71c6609-f367-4c4b-9ce8-6ce996a9aa29,Suspender Reverse Push Up,push_up,Push Up,"bench_press, fly, dip, tricep_extension",True,bodyweight,70,88,95,65
b7342315-717f-40ca-b58d-fdcae79e907c,Dead Bug,general_movement,Dead Bug,,False,bodyweight,70,88,95,65
b737f858-b4d9-4161-bfae-2d0f6ce8b82d,Standing Inside Calf Raise (Bodyweight),calf_raise,Calf Raise,leg_press,False,bodyweight,70,88,95,65
b7482fb7-277a-4d3b-bd4a-dc8462e23dd8,Single Leg Calf Raise On A Stepbox (Bodyweight),calf_raise,Calf Raise,leg_press,False,bodyweight,70,88,95,65
b75dfb88-86d3-497b-bcb3-00700652e8f5,One Arm Row (rack Support) (Dumbbell),single_arm_row,Single Arm Row,"lat_pulldown, face_pull, bicep_curl, rear_delt_fly",False,dumbbell,92,90,92,90
b778e1e5-0a7b-4d00-9760-e86c5f8452ff,Seated Circle Leg Crunch,crunch,Crunch,"leg_raise, plank, russian_twist",True,bodyweight,70,88,95,65
b78c9c39-2d0e-4dcd-9c29-943b98d4871e,Narrow Stance Squat (Barbell),bent_over_row,Bent Over Row,"lat_pulldown, face_pull, bicep_curl, rear_delt_fly",True,barbell,95,80,65,95
b78cdb14-b01c-4070-8952-20ea35fe9105,4 Reverse Lunge Bounce And Kick (Bodyweight),reverse_lunge,Reverse Lunge,"split_squat, step_up, squat, leg_press",False,bodyweight,70,88,95,65
b7903789-f048-4bb7-a3dd-d514733e7b91,Spell Caster,general_movement,Spell Caster,,False,bodyweight,70,88,95,65
b79c44da-d872-48cd-a0cb-0ff85a69ffb8,Full Squat (Barbell),squat,Squat,"leg_press, leg_extension, lunge, leg_curl",True,barbell,95,80,65,95
b79d5bdc-2774-426e-9876-e810b1dff468,Aquabike,cycling,Cycling,,False,bodyweight,70,88,95,65
b7a5620c-af8a-4fd1-b73a-cbee0c955ae8,Seated Kickback (Dumbbell),back_exercise,Back Exercise,"bent_over_row, lat_pulldown",False,dumbbell,92,90,92,90
b7abe552-8e05-49a6-94aa-3dc260a242e0,Weighted Dumbbell Lying Flat Hip Raise,raise,Raise,"lateral_raise, front_raise",False,dumbbell,92,90,92,90
b7c699e2-11a2-40a6-b76d-61469a986d33,Pronate Grip Triceps Extension (Dumbbell),tricep_extension,Tricep Extension,"tricep_pushdown, skull_crusher, dip, bicep_curl",False,dumbbell,92,90,92,90
b7dcf29d-e423-4a5a-b45c-73cc82fc8fa8,Hang Clean And Press (Dumbbell),press,Press,"bench_press, shoulder_press",False,dumbbell,92,90,92,90
b7ee6d81-2674-4e60-95c5-bd7820bb476a,Lying Single Leg Raise,leg_raise,Leg Raise,"crunch, plank, reverse_crunch",False,bodyweight,70,88,95,65
b7f64fde-a13f-4e6c-a398-93bf2844129d,Cross Over Reverse Fly (Cable),rear_delt_fly,Rear Delt Fly,"face_pull, lateral_raise, bent_over_row",False,cable,85,88,30,92
b805925f-7764-42bc-bdaa-c91406525a9a,Cow Yoga Pose Bitilasana,general_stretch,Stretch,,False,bodyweight,70,88,95,65
b80ec9c5-cfc1-4df7-b43f-ef3ed648f87f,Weighted Plate Push Up,push_up,Push Up,"bench_press, fly, dip, tricep_extension",True,bodyweight,70,88,95,65
b817a281-2e9a-4c73-bb6f-237ea0b02e3c,Standing Straight Arm Chest Fly (Bodyweight),fly,Chest Fly,"bench_press, incline_fly, push_up",False,bodyweight,70,88,95,65
b820e30f-6b57-4049-9351-d6f307cfbfbb,Seated Hamstring Stretch With Chair,hamstring_stretch,Hamstring Stretch,,False,bodyweight,70,88,95,65
b821793f-4cf8-47a4-ae27-e8da72eff9d2,Rear Decline Bridge,general_movement,Rear Decline Bridge,,False,bodyweight,70,88,95,65
b822dab4-1436-4b42-9cc4-9cf32cbb7648,Back Kick Heel Touches,back_exercise,Back Exercise,"bent_over_row, lat_pulldown",False,bodyweight,70,88,95,65
b84710c6-79ca-4ccd-9697-b8cdfe10cbd9,Rainbow Leg Raise (Bodyweight),leg_raise,Leg Raise,"crunch, plank, reverse_crunch",False,bodyweight,70,88,95,65
b84fbfb2-ce44-4799-b986-69dcfc08c20c,Standing Swimmer,general_movement,Standing Swimmer,,False,bodyweight,70,88,95,65
b8516199-c0ec-4301-a13a-9050201ffc86,Seated Single Leg Tibialis Press,press,Press,"bench_press, shoulder_press",False,bodyweight,70,88,95,65
b864ed5b-da95-4bfa-b7a0-f1dc49d00233,Knee Drive To Leg Lift,leg_exercise,Leg Exercise,"squat, leg_press",False,bodyweight,70,88,95,65
b884bb55-9837-4b81-b1a7-031d6244aae6,Push Up (with Push Up Handles),push_up,Push Up,"bench_press, fly, dip, tricep_extension",True,bodyweight,70,88,95,65
b884d16a-c7e3-43c6-bb82-f2e9b12a60b5,Front Plank Butt,plank,Plank,"crunch, leg_raise, russian_twist",True,bodyweight,70,88,95,65
b889b1af-cab3-429c-8b97-466bb64236c4,Straight Leg Glute Bridge,glute_bridge,Glute Bridge,"hip_thrust, romanian_deadlift, leg_curl",False,bodyweight,70,88,95,65
b88fbc68-0fb2-4f73-9997-32d032313a34,Kneeling High To Low Fly (Cable),fly,Chest Fly,"bench_press, incline_fly, push_up",False,cable,85,88,30,92
b89f1df0-e85d-4a43-a38b-08d6db5abc0b,Sled Lying Single Leg Squat,squat,Squat,"leg_press, leg_extension, lunge, leg_curl",False,bodyweight,70,88,95,65
b89fd252-9658-409c-94aa-f098d7cda083,Isometric Hold Wide Hand Push Up,push_up,Push Up,"bench_press, fly, dip, tricep_extension",True,bodyweight,70,88,95,65
b8a02168-65e0-477a-8668-43204227f26d,Smith Incline Bench Press,incline_bench_press,Incline Bench Press,"bench_press, incline_fly, shoulder_press",False,smith_machine,72,70,25,80
b8a4d73a-4e11-4d67-add7-fb20104e89af,Step Jack Punch,general_movement,Step Jack Punch,,False,bodyweight,70,88,95,65
b8b5917f-b8ce-4f73-9305-379c6f10086e,Single Leg Squat (Bodyweight),squat,Squat,"leg_press, leg_extension, lunge, leg_curl",False,bodyweight,70,88,95,65
b8b697c6-6ee3-4d5b-8c62-67f57e7ffdf2,Sumo Quarter Squat Alternate Tip Toe,sumo_squat,Sumo Squat,"leg_press, leg_extension, lunge, leg_curl",False,bodyweight,70,88,95,65
b8ced0dd-2118-45d5-bf0d-0bf2f795d36a,Side Step Rainbow Arms,arm_exercise,Arm Exercise,"bicep_curl, tricep_extension",False,bodyweight,70,88,95,65
b8d5ff26-ec6d-45dc-92bb-81cc83e680f7,Sitting Toe Touch,general_movement,Sitting Toe Touch,,False,bodyweight,70,88,95,65
b8d961bf-0430-4052-ab7f-8685363a5fea,Single Leg Deadlift With Arm And Leg Extended (Bodyweight),single_leg_deadlift,Single Leg Deadlift,"romanian_deadlift, bent_over_row, hip_thrust, squat",False,bodyweight,70,88,95,65
b8e8d2d8-0fc2-4306-835f-ba4c4cdeb053,Smith Hip Thrust,hip_thrust,Hip Thrust,"glute_bridge, romanian_deadlift, leg_curl",False,smith_machine,72,70,25,80
b91e825f-0a75-44fe-9055-ce94d64b548f,Cross Body Elbow To Knee Side To Side Hop,general_movement,Cross Body Elbow To Knee Side To Side Hop,,False,bodyweight,70,88,95,65
b934a405-83eb-4c81-affe-e8d48ca862c2,Bent Leg Kickback (kneeling) (Resistance Band),back_exercise,Back Exercise,"bent_over_row, lat_pulldown",False,band,60,85,90,50
b938998f-8f87-4da3-9fc8-976295f69d56,Lying Flat Hip Raise,raise,Raise,"lateral_raise, front_raise",False,bodyweight,70,88,95,65
b93d23cc-4375-403e-bd42-7160a4ea997d,Standing Pelvic Tilt Against Wall,general_movement,Standing Pelvic Tilt Against Wall,,False,bodyweight,70,88,95,65
b945528a-ac73-4e6e-a1fd-ba70aa477449,Walking On Spot,general_movement,Walking On Spot,,False,bodyweight,70,88,95,65
b9455baa-f4ae-4de3-96a3-38a7464c1567,Straight Arm Twisting Sit Up (Dumbbell),crunch,Crunch,"leg_raise, plank, russian_twist",False,dumbbell,92,90,92,90
b9492726-f07f-41bf-a4cd-f8d89333a839,Finger Curls (Dumbbell),bicep_curl,Bicep Curl,"hammer_curl, preacher_curl, tricep_extension",True,dumbbell,92,90,92,90
b95d5063-46e5-40a3-bbd9-aee5e3ea3df7,Lying Hip Circle,general_movement,Lying Hip Circle,,False,bodyweight,70,88,95,65
b968d843-a167-45e4-a7d7-564099b872aa,Arms Circle Front Step,arm_exercise,Arm Exercise,"bicep_curl, tricep_extension",False,bodyweight,70,88,95,65
b9692a94-6770-451a-89c8-fb87d6296d40,Lying Butterfly Crunch,fly,Chest Fly,"bench_press, incline_fly, push_up",False,bodyweight,70,88,95,65
b975c55b-ee44-4447-8ac0-366072aa0323,Seated Shoulder Press On A Chair,shoulder_press,Shoulder Press,"lateral_raise, front_raise, tricep_extension",False,bodyweight,70,88,95,65
b986e88c-513a-479a-9a59-db59815b3cca,Smith Reverse Calf Raises,calf_raise,Calf Raise,leg_press,False,smith_machine,72,70,25,80
b98bbabb-0a86-445a-ac03-e04ef07c62f9,Narrow Grip High Row (Band),bent_over_row,Bent Over Row,"lat_pulldown, face_pull, bicep_curl, rear_delt_fly",False,band,60,85,90,50
b98c6338-7e38-4448-8d52-7a86d09454c2,Assisted Parallel Close Grip Pull Up,pull_up,Pull Up,"lat_pulldown, bent_over_row, bicep_curl",True,bodyweight,70,88,95,65
b99b1ee4-672a-46a4-9582-ac7f7d80234d,Single Arm Pull Up,pull_up,Pull Up,"lat_pulldown, bent_over_row, bicep_curl",True,bodyweight,70,88,95,65
b9b2e0a6-e6cd-4e6c-9eb3-e2ed07533546,Donkey Kick Glute Curl,curl,Curl,"bicep_curl, hammer_curl",False,bodyweight,70,88,95,65
b9b9dae0-17f6-40b6-bb01-db239710b4ff,Criss Cross Jack,general_movement,Criss Cross Jack,,False,bodyweight,70,88,95,65
b9c19f39-b3c8-4a0e-99e6-cf590d405a9c,Mixed Grip Deadlift (Barbell),deadlift,Deadlift,"romanian_deadlift, bent_over_row, hip_thrust, squat",True,barbell,95,80,65,95
b9c1d197-7dc0-46a6-bcc1-825d81b3088a,Single Leg Calf Jump,calf_raise,Calf Raise,leg_press,False,bodyweight,70,88,95,65
b9c1fe68-68e0-4e54-9db6-3385e4e3f340,Wide Child Prasarita Balasana Yoga Pose,general_stretch,Stretch,,False,bodyweight,70,88,95,65
b9c5fdf6-0879-4a90-afa1-b0f344190a91,Wall Plank,plank,Plank,"crunch, leg_raise, russian_twist",True,bodyweight,70,88,95,65
b9cfa548-e856-4dae-8fdb-91ba54eaaade,Sit (wall),general_movement,Sit,,False,bodyweight,70,88,95,65
b9db4c01-f29a-4f42-8623-6f687c0e0415,Standing Wide Grip Curl (Barbell),bicep_curl,Bicep Curl,"hammer_curl, preacher_curl, tricep_extension",False,barbell,95,80,65,95
b9dee38b-dcec-42d3-966e-23f45fce5ed7,Bench Dip (knees Bent),bench_dip,Bench Dip,"bench_press, tricep_pushdown, push_up",False,bodyweight,70,88,95,65
b9e66551-8a78-40fb-a6c5-a8b965a6f25a,Smith Leg Press,leg_press,Leg Press,"squat, leg_extension, leg_curl, hack_squat",False,smith_machine,72,70,25,80
b9f113a5-e934-4b19-b29d-d437c7323f67,Roll Neck Rotation Lying On Floor,general_movement,Roll Neck Rotation Lying On Floor,,False,bodyweight,70,88,95,65
ba02c30f-0c64-40c6-92bd-19a093121eb0,Single Arm Fly (Resistance Band),fly,Chest Fly,"bench_press, incline_fly, push_up",False,band,60,85,90,50
ba055f1c-6c8a-4f92-bd92-4379f17c671c,Incline Close Grip Shoulder Press With V Bar (Cable),shoulder_press,Shoulder Press,"lateral_raise, front_raise, tricep_extension",False,cable,85,88,30,92
ba12b46e-e5bb-4d57-994c-a275bc651113,Stability Ball Sitting Balance Knee Extension,extension,Extension,"tricep_extension, leg_extension",False,bodyweight,70,88,95,65
ba2784b3-49f1-49a7-b282-8e39e189bb8a,Side Step Squat,squat,Squat,"leg_press, leg_extension, lunge, leg_curl",False,bodyweight,70,88,95,65
ba36889a-ae66-4640-9e3a-6df41c1864ac,Shrug (Band),shrug,Shrug,"upright_row, deadlift, bent_over_row",False,band,60,85,90,50
ba39bfc8-1c6d-46ac-8f89-d776cffd36a6,Alternate Leg Raise With Head Up,leg_raise,Leg Raise,"crunch, plank, reverse_crunch",False,bodyweight,70,88,95,65
ba405f78-c347-4ea6-a09e-6ab817d53daa,Back Slaps Wrap Arround Stretch,back_stretch,Back Stretch,,False,bodyweight,70,88,95,65
ba567a26-27ed-46d1-acd6-172559f7396d,Diamond Push Up,diamond_push_up,Diamond Push Up,"bench_press, fly, dip, tricep_extension",False,bodyweight,70,88,95,65
ba597438-a2c9-4c2b-82c1-8495f2c95cfd,Child Pose Arms Rotation,general_stretch,Stretch,,False,bodyweight,70,88,95,65
ba714377-5694-4ded-a398-65117f945722,Head Supported Row (Dumbbell),bent_over_row,Bent Over Row,"lat_pulldown, face_pull, bicep_curl, rear_delt_fly",False,dumbbell,92,90,92,90
ba738955-cc5e-42b8-a2b2-bedeba70399a,Seated Shoulder 90 Degrees Internal Rotation,shoulder_exercise,Shoulder Exercise,"shoulder_press, lateral_raise",False,bodyweight,70,88,95,65
ba7e0f87-39bf-4a65-98b3-59a98226ea88,Butterfly Forward Leaning,fly,Chest Fly,"bench_press, incline_fly, push_up",False,bodyweight,70,88,95,65
ba87d5a5-201c-48bd-9989-1256dd636f3a,Sitting In Out Leg Raise On A Padded Stool,leg_raise,Leg Raise,"crunch, plank, reverse_crunch",False,bodyweight,70,88,95,65
ba8b5687-ca8a-4074-b958-c6ff6ec036a0,Half Kneeling Face Pull (Cable),face_pull,Face Pull,"rear_delt_fly, lateral_raise, bent_over_row",True,cable,85,88,30,92
ba93cc98-be09-4bca-ac7b-f91349e84b90,Standing Calf Raise (Dumbbell),calf_raise,Calf Raise,leg_press,False,dumbbell,92,90,92,90
ba9e28d0-85d0-4845-a635-696eafa13ec3,Arms Up And Down,arm_exercise,Arm Exercise,"bicep_curl, tricep_extension",False,bodyweight,70,88,95,65
baa26528-a978-4ef9-80c6-958ea1d0c314,Back And Shoulders Stretch,shoulder_stretch,Shoulder Stretch,,False,bodyweight,70,88,95,65
baa5da7b-016e-46a3-9c54-72fbbbaf47ca,Side Lying Clam And Kick,general_movement,Side Lying Clam And Kick,,False,bodyweight,70,88,95,65
baa615a1-be95-46d8-89c2-127f867665b5,Shoulder Flexion,shoulder_exercise,Shoulder Exercise,"shoulder_press, lateral_raise",False,bodyweight,70,88,95,65
bab856fd-fe12-459b-ae25-aa0713206610,Far Leg Hip Thrust,hip_thrust,Hip Thrust,"glute_bridge, romanian_deadlift, leg_curl",False,bodyweight,70,88,95,65
babbac05-985c-483f-89c4-a0546690f9fa,Dynamic Back Stretch,back_stretch,Back Stretch,,False,bodyweight,70,88,95,65
babfaecd-fe4a-4fe5-a4a0-d5928f5e4ee3,Lever Seated Leg Curl (plate Loaded),seated_leg_curl,Seated Leg Curl,"romanian_deadlift, hip_thrust, leg_extension",False,machine,80,75,20,88
bac18033-3393-4c3d-9540-f4c9bf81a746,Seated Twist With A Towel On A Padded Stool,general_movement,Seated Twist With A Towel On A Padded Stool,,False,bodyweight,70,88,95,65
bac56005-2540-423b-9a90-a5babf12a77d,Tabletop Plank Raise And Reach,plank,Plank,"crunch, leg_raise, russian_twist",True,bodyweight,70,88,95,65
bac9a6fc-c8b3-4ecd-a877-ec27b7c15643,Overhead Single Arm Triceps Extension (versio (Band),overhead_tricep_extension,Overhead Tricep Extension,"tricep_pushdown, skull_crusher, dip, bicep_curl",False,band,60,85,90,50
bae30d89-6dbb-4db2-9b22-543934a95c7f,Hip Swirls,general_movement,Hip Swirls,,False,bodyweight,70,88,95,65
bb0550df-e760-4052-b948-a30a23679b08,Snatch Pull,snatch,Snatch,"clean, overhead_squat, deadlift",False,bodyweight,70,88,95,65
bb05ec3c-45d7-4f7c-a8c7-802620bbfcf0,Seated Hip Flexion (Resistance Band),general_movement,Seated Hip Flexion,,False,band,60,85,90,50
bb10eed9-689c-45a5-8ca0-50e5223630d7,Squat Leg Side Lift,squat,Squat,"leg_press, leg_extension, lunge, leg_curl",False,bodyweight,70,88,95,65
bb120804-dfaf-4247-8bd1-af0b13e8d1f8,Upavishta Konasana Yoga Pose,general_stretch,Stretch,,False,bodyweight,70,88,95,65
bb1b26ea-6d1a-416e-ae3c-c8b3926c7860,Seated Front Raise (Dumbbell),front_raise,Front Raise,"shoulder_press, lateral_raise, incline_bench_press",True,dumbbell,92,90,92,90
bb259880-efab-4465-a054-3903a6fde3ad,Side Squat Jack,squat,Squat,"leg_press, leg_extension, lunge, leg_curl",False,bodyweight,70,88,95,65
bb2839cc-5e9c-4eeb-a2f2-b5a6d8217f6a,Jogging Jab,running,Running,,False,bodyweight,70,88,95,65
bb3f3526-cb5e-4944-ad97-21a98c49088d,Stick Side Lunge,lateral_lunge,Lateral Lunge,"split_squat, step_up, squat, leg_press",False,bodyweight,70,88,95,65
bb444021-3a6d-440c-b059-8582cf769936,Medicine Ball Sit Up (wall),crunch,Crunch,"leg_raise, plank, russian_twist",True,bodyweight,70,88,95,65
bb4d825f-ed6b-4c07-bd23-2a73d9cb6f82,Decline Fly (Dumbbell),fly,Chest Fly,"bench_press, incline_fly, push_up",True,dumbbell,92,90,92,90
bb59dcfd-77cd-4800-bc1c-a058d729dedd,Lever Pec Deck Fly,fly,Chest Fly,"bench_press, incline_fly, push_up",False,machine,80,75,20,88
bb5ecdaf-69fc-4742-9998-beda6b42f2ba,Lever Belt Romanian Deadlift,romanian_deadlift,Romanian Deadlift,"romanian_deadlift, bent_over_row, hip_thrust, squat",False,machine,80,75,20,88
bb6087e6-bb39-45a7-a081-074c892aded3,Side Plank Raise And Crunch,oblique_crunch,Oblique Crunch,"leg_raise, plank, russian_twist",False,bodyweight,70,88,95,65
bb705356-9330-4988-bd4c-50ea05b7bb70,Decline Cross Sit Up,crunch,Crunch,"leg_raise, plank, russian_twist",True,bodyweight,70,88,95,65
bb75e058-86d4-4edc-91e5-c41d6a55d1c6,Assisted Lying 90 Degrees Bent Knee Hip Adduction (stability Ball),hip_adduction,Hip Adduction,"hip_abduction, sumo_squat, lunge",False,bodyweight,70,88,95,65
bb765eb1-de3b-45f1-9dc1-1863b1eeb009,Hyperextension (on Bench),back_extension,Back Extension,"romanian_deadlift, good_morning, glute_bridge",False,bodyweight,70,88,95,65
bb794046-6f8e-4313-a0db-362bdb1931b5,Kneeling High Low Anti Rotation Chop (Cable),core_exercise,Core Exercise,"crunch, plank",False,cable,85,88,30,92
bb8ec3cf-64f9-4523-830b-80f4e30b6270,Side Plank Rotation A Padded Stool Supported,side_plank,Side Plank,"crunch, leg_raise, russian_twist",False,bodyweight,70,88,95,65
bb972545-136e-4a25-ba12-756c4d4f9f6d,Sitting Jump Rope Knee Tuck On Chair,general_movement,Sitting Jump Rope Knee Tuck On Chair,,False,bodyweight,70,88,95,65
bba3b2b1-21bf-443c-95ec-8de43d1a6476,Biceps Curl Squat (Dumbbell),bicep_curl,Bicep Curl,"hammer_curl, preacher_curl, tricep_extension",True,dumbbell,92,90,92,90
bbb0823c-c81d-414d-8483-45ef9c400b27,Twist Chest Out,chest_exercise,Chest Exercise,"bench_press, fly",False,bodyweight,70,88,95,65
bbb7e937-658a-46d5-bd52-394a426d2b7e,Sitting Side Neck Stretch,general_stretch,Stretch,,False,bodyweight,70,88,95,65
bbc7ca4a-0f67-4de1-8147-6c69c97760c7,Lying Prone W,general_movement,Lying Prone W,,False,bodyweight,70,88,95,65
bbe2f46f-0487-43b7-8fd1-8676eebb8be2,Kneeling Leg Half Circle,leg_exercise,Leg Exercise,"squat, leg_press",False,bodyweight,70,88,95,65
bbe62be0-2b29-46ce-bf2b-d421990d53b7,Single Arm Swing (Kettlebell),kettlebell_swing,Kettlebell Swing,"hip_thrust, deadlift, clean",False,kettlebell,75,85,85,78
bbea5e63-c93d-4a30-a971-76d02e817b5f,T Spine Opener,general_movement,T Spine Opener,,False,bodyweight,70,88,95,65
bbf50caf-73dd-4586-90d1-c284187f2275,Side To Side (garland Pose) Frog Squat Into Forwar,general_stretch,Stretch,,False,bodyweight,70,88,95,65
bc14bb3f-f627-46db-ab9f-f565a4a5e66e,Lying Pelvic Tilt,general_movement,Lying Pelvic Tilt,,False,bodyweight,70,88,95,65
bc2015f9-dbcc-41c9-ba26-48c6884353c6,Hammer Grip Incline Bench Two Arm Row (Kettlebell),bent_over_row,Bent Over Row,"lat_pulldown, face_pull, bicep_curl, rear_delt_fly",False,kettlebell,75,85,85,78
bc298c0c-90d9-485f-8f05-2c5f21680ed5,Sitting Stacked Arm Lift On A Chair,arm_exercise,Arm Exercise,"bicep_curl, tricep_extension",False,bodyweight,70,88,95,65
bc2b08b3-80f8-450c-b0b7-80a6b91554fd,Suspender Chest Press,chest_press,Chest Press,"bench_press, fly, tricep_pushdown",False,bodyweight,70,88,95,65
bc2c7d9b-9476-4dc2-b67c-70906a97ac41,Front Elbow Plank,plank,Plank,"crunch, leg_raise, russian_twist",True,bodyweight,70,88,95,65
bc3364ff-9cbe-4f26-ad53-31f440545948,Suspender Pike,general_movement,Suspender Pike,,False,bodyweight,70,88,95,65
bc5376e2-f460-4699-9430-2fe559ab8cd3,Lying Triceps Extension Skull Crusher (Kettlebell),skull_crusher,Skull Crusher,"tricep_extension, tricep_pushdown, dip",False,kettlebell,75,85,85,78
bc5af8f4-aebc-4ae0-9b07-9d45fb057350,Reverse Wrist Curl (Cable),reverse_curl,Reverse Curl,"bicep_curl, hammer_curl, wrist_curl",False,cable,85,88,30,92
bc5b6016-b1d6-4835-8a1e-d97edaa63b30,Standing Side Crunch,oblique_crunch,Oblique Crunch,"leg_raise, plank, russian_twist",False,bodyweight,70,88,95,65
bc84c175-19a8-475e-91ca-d7e52b6e9d8d,EZ (Barbell) Close Grip Curl,bicep_curl,Bicep Curl,"hammer_curl, preacher_curl, tricep_extension",False,barbell,95,80,65,95
bca680b7-bdb2-4e8b-9298-8a361ab251a7,Bosu Ball Balance Counterbalanced Skater Squat,squat,Squat,"leg_press, leg_extension, lunge, leg_curl",False,bodyweight,70,88,95,65
bcae3598-e591-466c-bee5-ba9044bbfbc1,Single Leg Standing Shoulder Press (Dumbbell),shoulder_press,Shoulder Press,"lateral_raise, front_raise, tricep_extension",False,dumbbell,92,90,92,90
bcb5907b-71bc-45a3-847a-8c179b0f7b17,Lizard Pose,general_stretch,Stretch,,False,bodyweight,70,88,95,65
bcbaacae-d791-4d2b-be45-753e9732ffff,Muscle Up,general_movement,Muscle Up,,False,bodyweight,70,88,95,65
bcc11e45-b004-4219-916b-ce3a0b365ca9,Double Snatch (Kettlebell),snatch,Snatch,"clean, overhead_squat, deadlift",False,kettlebell,75,85,85,78
bcc6b0f2-7dc1-4cc7-9561-9fa7ffbc6893,Seated Ankle Circle (anti Clockwise),general_movement,Seated Ankle Circle,,False,bodyweight,70,88,95,65
bcc7cae2-8f45-4afd-b901-cda179a925e6,Standing Single Side Leg Raise Chair Supported,leg_raise,Leg Raise,"crunch, plank, reverse_crunch",False,bodyweight,70,88,95,65
bcd18053-2a0a-4da6-84e1-787d93d55655,Roll Ball Trapezius Upper Stretch,general_stretch,Stretch,,False,bodyweight,70,88,95,65
bcdb8e94-3ec2-4c3a-ad3a-ef29dae36c03,Alternating Under Knee Clap,general_movement,Alternating Under Knee Clap,,False,bodyweight,70,88,95,65
bce0d649-730c-4d63-b1e2-17b2075c340a,Bottoms Up,general_movement,Bottoms Up,,False,bodyweight,70,88,95,65
bcf33cb6-0390-46ad-a4aa-abcb046cdca9,Russian Twist With Hands On Chest,russian_twist,Russian Twist,"oblique_crunch, woodchop, side_plank",False,bodyweight,70,88,95,65
bcfa5030-995e-45b8-be20-b9b5418dc5b9,Standing Tibialis Anterior Stretch,general_stretch,Stretch,,False,bodyweight,70,88,95,65
bcfd6776-da02-450a-af9d-597ce5becf63,Opposite Arm And Leg Raise Against Wall,leg_raise,Leg Raise,"crunch, plank, reverse_crunch",False,bodyweight,70,88,95,65
bd088970-2d60-40fa-8c4d-71fa1cd758f1,Side Squat Touchdown,squat,Squat,"leg_press, leg_extension, lunge, leg_curl",False,bodyweight,70,88,95,65
bd11f79b-1a79-49ec-8c88-69765b1549b3,Standing Twisting Side Leg Kick Tap,leg_exercise,Leg Exercise,"squat, leg_press",False,bodyweight,70,88,95,65
bd1d604a-153c-4cc2-9aa6-17fe4f4bfe70,Seated Side Bend Stretch On A Chair,general_stretch,Stretch,,False,bodyweight,70,88,95,65
bd4837b9-1983-4f4a-8fe5-0621a2e3566b,Standing Bent Arm Lateral Raise (Dumbbell),lateral_raise,Lateral Raise,"shoulder_press, front_raise, rear_delt_fly",True,dumbbell,92,90,92,90
bd561125-f99e-4e57-bd99-e4a8f38a4d22,Walking On Spot,general_movement,Walking On Spot,,False,bodyweight,70,88,95,65
bd5780ee-38da-4960-b8a9-500113d78284,Side Lying T Thigh Raise,raise,Raise,"lateral_raise, front_raise",False,bodyweight,70,88,95,65
bd5a1893-2868-4c52-8811-e8da8f023a28,Rear Delt Raise (Barbell),rear_delt_fly,Rear Delt Fly,"face_pull, lateral_raise, bent_over_row",False,barbell,95,80,65,95
bd665eeb-2ed1-4d8c-89cc-e6ba837bd9ed,Rotate Push Up,push_up,Push Up,"bench_press, fly, dip, tricep_extension",True,bodyweight,70,88,95,65
bd718c59-ae6e-4b90-8d86-d53a97569b74,Step On Spot,general_movement,Step On Spot,,False,bodyweight,70,88,95,65
bd757cff-dd04-4da2-97a9-00e9a726455c,Ring Straddle L Sit,general_movement,Ring Straddle L Sit,,False,bodyweight,70,88,95,65
bd7ff892-5c12-40c4-ab0e-43cb2b442165,Kneeling Elbow Supported Downward Dog,general_movement,Kneeling Elbow Supported Downward Dog,,False,bodyweight,70,88,95,65
bd873923-7d47-4d4e-a9be-ffd0dfc43270,Kneeling Preacher Curl (Band),preacher_curl,Preacher Curl,"bicep_curl, hammer_curl, concentration_curl",False,band,60,85,90,50
bd8a1710-d678-497b-bf41-5c739964b14a,Bent Over Twisting Row (Dumbbell),bent_over_row,Bent Over Row,"lat_pulldown, face_pull, bicep_curl, rear_delt_fly",False,dumbbell,92,90,92,90
bd8f00fc-b061-47ab-b205-1a0aa1741fa5,Explosive Push Up,push_up,Push Up,"bench_press, fly, dip, tricep_extension",True,bodyweight,70,88,95,65
bda251b7-8725-40b2-bcd3-d6efa5234ce5,Biceps Curl (Dumbbell),bicep_curl,Bicep Curl,"hammer_curl, preacher_curl, tricep_extension",True,dumbbell,92,90,92,90
bda51a5b-131b-4bb6-aa4f-a96e6f2c0dbd,Spine Stretch Forward_pilates,back_stretch,Back Stretch,,False,bodyweight,70,88,95,65
bda6e4d7-6664-4923-b5b6-775d9fdc5619,Pilates Machine Lying Knee Extension,extension,Extension,"tricep_extension, leg_extension",False,machine,80,75,20,88
bdac0098-0716-4ce3-85f8-ec7bd36b092b,4 Corners Side Step,general_movement,4 Corners Side Step,,False,bodyweight,70,88,95,65
bdb3ba0a-a6dd-42c0-bcbb-b1cb406841d2,Side Bend (Kettlebell),general_movement,Side Bend,,False,kettlebell,75,85,85,78
bdb6b9a8-2a94-4abe-9574-6398f2c74268,Seated Underhand Arm Circle On A Chair,arm_exercise,Arm Exercise,"bicep_curl, tricep_extension",False,bodyweight,70,88,95,65
bdc0cf36-fa7a-4ea6-97c3-a8af3613fde3,Stepjack Inner Biceps Curl,bicep_curl,Bicep Curl,"hammer_curl, preacher_curl, tricep_extension",False,bodyweight,70,88,95,65
bdca6c8d-e9f2-4c0a-9eb4-9c008202a2c1,Arm Crossover Curtsy,arm_exercise,Arm Exercise,"bicep_curl, tricep_extension",False,bodyweight,70,88,95,65
bdd4c2f7-7086-4d24-ab9f-eab9a74770d6,Side Lying Cycle Oblique Tuck,general_movement,Side Lying Cycle Oblique Tuck,,False,bodyweight,70,88,95,65
bddb86e1-692c-4c32-9911-a748eadb4674,Hands Behind Head Side Leg Raise,leg_raise,Leg Raise,"crunch, plank, reverse_crunch",False,bodyweight,70,88,95,65
bdded97c-3b3a-4056-ab68-d90da75d5ec1,Shoulder Internal Rotation At 90 Abductio (Dumbbell),shoulder_exercise,Shoulder Exercise,"shoulder_press, lateral_raise",False,dumbbell,92,90,92,90
bde296f3-e963-4077-b0cd-b32419f25bf7,Standing Single Arm Chest Press (Cable),chest_press,Chest Press,"bench_press, fly, tricep_pushdown",False,cable,85,88,30,92
bde57958-cda4-4b14-82a3-14b453a225b7,Step Up Opposite Elbow To Knee Twist,step_up,Step Up,"lunge, split_squat, squat",False,bodyweight,70,88,95,65
bde799ea-9bb2-49a2-a405-4086b3eadd92,Otis Up,general_movement,Otis Up,,False,bodyweight,70,88,95,65
bde7f6a8-2329-45cc-86a9-9bd4a0b5ffe6,Hip Internal Rotation Test,general_movement,Hip Internal Rotation Test,,False,bodyweight,70,88,95,65
bde9c3e1-3428-4f20-9f85-df60e0dd8870,Side Lying Raises On Floor (Dumbbell),raise,Raise,"lateral_raise, front_raise",False,dumbbell,92,90,92,90
be012610-2df8-4925-bcdf-800b21039df9,Romanian Deadlift (Cable),romanian_deadlift,Romanian Deadlift,"romanian_deadlift, bent_over_row, hip_thrust, squat",False,cable,85,88,30,92
be09de5f-c94c-4a31-916f-ef4504fbdd07,High Knee Skips,high_knees,High Knees,"mountain_climber, burpee, jumping_jack",False,bodyweight,70,88,95,65
be16c3e4-9638-470e-970a-d1f6b74e55f9,One Arm Lateral Raise (Cable),lateral_raise,Lateral Raise,"shoulder_press, front_raise, rear_delt_fly",False,cable,85,88,30,92
be1eb79b-6465-48bc-bd8c-70f286c8f7a3,Decline Triceps Extension (Dumbbell),tricep_extension,Tricep Extension,"tricep_pushdown, skull_crusher, dip, bicep_curl",False,dumbbell,92,90,92,90
be23d383-d475-46a0-b219-1812a417845a,Standing Elbows Tucked Open And Close,general_movement,Standing Elbows Tucked Open And Close,,False,bodyweight,70,88,95,65
be2a565e-d6ec-4cd1-8fba-b63c33d56169,Front Raise (Kettlebell),front_raise,Front Raise,"shoulder_press, lateral_raise, incline_bench_press",False,kettlebell,75,85,85,78
be320c4a-09ef-4f8d-bcbb-c6960dc36e75,Half Frog Stretch,general_stretch,Stretch,,False,bodyweight,70,88,95,65
be393a11-b577-4249-b055-5beda03ae088,Double Lean Back Quadriceps Stretch,quad_stretch,Quad Stretch,,False,bodyweight,70,88,95,65
be4535ae-df5e-4b04-bde4-7fe070a8bb01,Walking Front Kick Reach Up,general_movement,Walking Front Kick Reach Up,,False,bodyweight,70,88,95,65
be4c2b58-0051-4d21-8787-621bc3b79c55,Sitting Side Step Row On Chair,bent_over_row,Bent Over Row,"lat_pulldown, face_pull, bicep_curl, rear_delt_fly",False,bodyweight,70,88,95,65
be59838d-079c-4958-96ff-1d313fe4b14d,Glute Bridge Chest Press (Bodyweight),chest_press,Chest Press,"bench_press, fly, tricep_pushdown",False,bodyweight,70,88,95,65
be66cd59-3ad2-46f8-a521-f8da49a88a1c,Pendulum Leg Plus,leg_exercise,Leg Exercise,"squat, leg_press",False,bodyweight,70,88,95,65
be727bf8-e379-434a-b69b-7abb54b75cc1,Toe Squat Yoga Pose,general_stretch,Stretch,,False,bodyweight,70,88,95,65
be81e2db-6919-41c0-bdca-60d9d8a798cd,High Lunge To Warrior I Pose,general_stretch,Stretch,,False,bodyweight,70,88,95,65
be8d4c93-6c0f-4b73-b832-f067608b38c3,Lever Seated Fly,fly,Chest Fly,"bench_press, incline_fly, push_up",False,machine,80,75,20,88
be921be4-37cf-4723-a9ec-5d2025c83ff2,Prone Incline Twist Curl (Dumbbell),incline_curl,Incline Curl,"bicep_curl, preacher_curl, hammer_curl",False,dumbbell,92,90,92,90
be9b3b90-a459-45ff-8c1b-558c23fe1d96,Incline Reverse Grip Push Up,incline_push_up,Incline Push Up,"bench_press, fly, dip, tricep_extension",False,bodyweight,70,88,95,65
beaaea8c-f364-4c88-a755-052740583241,Pull Through (Cable),core_exercise,Core Exercise,"crunch, plank",False,cable,85,88,30,92
beb3be8e-9f0e-4a11-89e0-9acb7bbe74d9,Seated Back Twist,back_exercise,Back Exercise,"bent_over_row, lat_pulldown",False,bodyweight,70,88,95,65
beb70b54-c77c-4d86-88e0-e9fa7ad089bc,Lever Lying Chest Press (plate Loaded),chest_press,Chest Press,"bench_press, fly, tricep_pushdown",True,machine,80,75,20,88
beba5222-ed28-48a1-a782-fe54beb09c40,Rolling Back,back_exercise,Back Exercise,"bent_over_row, lat_pulldown",False,bodyweight,70,88,95,65
bec4cf94-88ea-4f0a-a222-dd6fb9042f7f,Downward Facing Dog Adho Mukha Svanasana,general_movement,Downward Facing Dog Adho Mukha Svanasana,,False,bodyweight,70,88,95,65
bec7b418-29f0-4818-ac05-ea9ded726764,Single Arm Lateral Raise (Cable),lateral_raise,Lateral Raise,"shoulder_press, front_raise, rear_delt_fly",False,cable,85,88,30,92
beca7c01-1aad-4a7b-9b4d-a828002d7c1d,Side Lying Lateral Costal Breathing,general_movement,Side Lying Lateral Costal Breathing,,False,bodyweight,70,88,95,65
bed3e394-a1e8-495a-aed4-df474db9fef7,Weighted Plate Standing Biceps Curl,bicep_curl,Bicep Curl,"hammer_curl, preacher_curl, tricep_extension",False,bodyweight,70,88,95,65
bed46a89-531f-4bba-89db-00a5faa78635,Push Up Mountain Climber,push_up,Push Up,"bench_press, fly, dip, tricep_extension",True,bodyweight,70,88,95,65
bef1f3cd-621b-42cc-9bd1-94018f8a7744,Stick Side Bend Stretch,general_stretch,Stretch,,False,bodyweight,70,88,95,65
bf0fa88b-b57d-457e-8e40-f4b720fa32cd,Side Lying Legs Lift,leg_exercise,Leg Exercise,"squat, leg_press",False,bodyweight,70,88,95,65
bf1fd19b-3cfc-439b-898f-8d6e0b00ea44,Sitting Floor Alternating Toe Touch,general_movement,Sitting Floor Alternating Toe Touch,,False,bodyweight,70,88,95,65
bf2373ee-6acc-4b5b-a589-e8f2ab933e8c,Knee Hug Glute Stretch,general_stretch,Stretch,,False,bodyweight,70,88,95,65
bf530fd6-7c08-4920-90db-6a223b56e0ff,Seated Biceps Curl On Chair,bicep_curl,Bicep Curl,"hammer_curl, preacher_curl, tricep_extension",False,bodyweight,70,88,95,65
bf65ff98-7a03-413e-a322-82b60cdbb4b6,Lever Seated Calf Press,seated_calf_raise,Seated Calf Raise,leg_press,False,machine,80,75,20,88
bf6ac4d5-b088-4925-9a7c-8dd74b0db063,Side Walk Squat,squat,Squat,"leg_press, leg_extension, lunge, leg_curl",False,bodyweight,70,88,95,65
bf7577e0-41db-4327-bfab-6e8a202bf776,Arm Tuck Side Bend,arm_exercise,Arm Exercise,"bicep_curl, tricep_extension",False,bodyweight,70,88,95,65
bf75b422-a1da-4f48-b4df-2d3c305e0789,Chair Squat Calf Rock,squat,Squat,"leg_press, leg_extension, lunge, leg_curl",False,bodyweight,70,88,95,65
bfa8f24c-3f7b-4212-907e-263097ffd754,Alternate Biceps Curl (Dumbbell),bicep_curl,Bicep Curl,"hammer_curl, preacher_curl, tricep_extension",True,dumbbell,92,90,92,90
bfaf7602-23d7-4619-9936-d9d800af71fc,Stepback With Coner Touch,back_exercise,Back Exercise,"bent_over_row, lat_pulldown",False,bodyweight,70,88,95,65
bfb6dcd3-aa2d-4a69-829a-d0876af3b540,Seated Upper Body Rotation,general_movement,Seated Upper Body Rotation,,False,bodyweight,70,88,95,65
bfc528d8-6561-4b7d-927d-49175f041c75,Reverse Crunch Leg Drop,reverse_crunch,Reverse Crunch,"leg_raise, plank, russian_twist",False,bodyweight,70,88,95,65
bfc8eb40-823d-40a3-ac85-2b6cd63e46bb,Russian Twist With Legs Supported (Dumbbell),russian_twist,Russian Twist,"oblique_crunch, woodchop, side_plank",False,dumbbell,92,90,92,90
bfc9393e-708b-41e3-989e-2b7dbf94f4ac,Warrior I To Warrior II Pose,general_stretch,Stretch,,False,bodyweight,70,88,95,65
bfcdf43d-ea8e-4f04-85ac-3fc5b3a6e4cc,KAS Glute Bridge (Dumbbell),glute_bridge,Glute Bridge,"hip_thrust, romanian_deadlift, leg_curl",False,dumbbell,92,90,92,90
bfcfc365-d729-4d2b-b2f5-d6c32f743078,One Arm Upright Row (Dumbbell),upright_row,Upright Row,"lateral_raise, shrug, shoulder_press",False,dumbbell,92,90,92,90
bfdb3e58-e3db-4be9-89e6-fd14ee624b92,Single Arm Push Up,push_up,Push Up,"bench_press, fly, dip, tricep_extension",True,bodyweight,70,88,95,65
bffd6f97-7ad4-4d38-9099-ccea1d756e28,Standing Side Glute Raise Against Wall,raise,Raise,"lateral_raise, front_raise",False,bodyweight,70,88,95,65
c00a98ab-333c-4354-8a70-b61e4d8243a8,Inchworm Front Arm Tap,arm_exercise,Arm Exercise,"bicep_curl, tricep_extension",False,bodyweight,70,88,95,65
c012cfe8-096a-4b8a-9ebb-50209b1d0fcd,Standing Wood Chopper (Resistance Band),woodchop,Woodchop,"russian_twist, oblique_crunch, plank",False,band,60,85,90,50
c02376a2-d844-49b3-986f-d646d0bba04c,Standing Quadriceps Stretch,quad_stretch,Quad Stretch,,False,bodyweight,70,88,95,65
c02d545c-df2f-4e65-80d3-fc6110d66c4f,High Plank Shoulder Tap,plank,Plank,"crunch, leg_raise, russian_twist",True,bodyweight,70,88,95,65
c02d788b-6c16-46c6-861a-bba0299fb505,Curl (Cable),bicep_curl,Bicep Curl,"hammer_curl, preacher_curl, tricep_extension",False,cable,85,88,30,92
c02ebd6b-0ffc-459d-a907-246bf3b2f01a,Single Arm Crossover (Cable),arm_exercise,Arm Exercise,"bicep_curl, tricep_extension",False,cable,85,88,30,92
c0356977-ddd6-43cb-b334-519c393cf05a,Preacher Swing Curl (Dumbbell),preacher_curl,Preacher Curl,"bicep_curl, hammer_curl, concentration_curl",False,dumbbell,92,90,92,90
c03f764c-781c-4910-87b3-ddbfd964b713,Lying Crunch (straight Legs),crunch,Crunch,"leg_raise, plank, russian_twist",True,bodyweight,70,88,95,65
c04497c6-0791-4179-9e35-a3ee234d7fcf,Standing Balance Hip Abduction,hip_abduction,Hip Abduction,"hip_adduction, glute_kickback, hip_thrust",False,bodyweight,70,88,95,65
c05c3019-8d29-447a-825f-d4a3c4fa9a1f,Lying (side) Quadriceps Stretch,quad_stretch,Quad Stretch,,False,bodyweight,70,88,95,65
c06018f4-8341-47e9-99f1-a0fb92ed8373,Ring Maltese Cross,general_movement,Ring Maltese Cross,,False,bodyweight,70,88,95,65
c0726929-91a0-44a1-8807-24977bbe3079,Side Bridge With Bent Leg,leg_exercise,Leg Exercise,"squat, leg_press",False,bodyweight,70,88,95,65
c07ec4aa-bc49-49af-9d8c-decbd277d715,Lunge (Dumbbell),lunge,Lunge,"split_squat, step_up, squat, leg_press",False,dumbbell,92,90,92,90
c0a2afaa-686d-4fb5-99d4-c2185e2db721,Standing Alternate Arms Circling,arm_exercise,Arm Exercise,"bicep_curl, tricep_extension",False,bodyweight,70,88,95,65
c0ae157c-fc55-4358-ab52-c42e44d82790,Seated Side To Side Neck Bend On Chair,general_movement,Seated Side To Side Neck Bend On Chair,,False,bodyweight,70,88,95,65
c0b5b4c5-f7bb-4596-8f2f-e6add572a86d,Standing Wood Chopper (Cable),woodchop,Woodchop,"russian_twist, oblique_crunch, plank",False,cable,85,88,30,92
c0b9a0bb-7fd3-4772-a788-905c40103b21,Straight Back Stiff Leg Deadlift (Band),stiff_leg_deadlift,Stiff Leg Deadlift,"romanian_deadlift, bent_over_row, hip_thrust, squat",False,band,60,85,90,50
c0c15239-b92e-4622-b1e4-12d1ce51dd13,Double Push Press (Kettlebell),press,Press,"bench_press, shoulder_press",False,kettlebell,75,85,85,78
c0c66699-b544-4d2d-b7dd-a3a87abd6cbc,3 Point Standing Hops,general_movement,3 Point Standing Hops,,False,bodyweight,70,88,95,65
c0cb883a-10a6-44aa-9419-d6ca0b2dd3b2,Prone Incline Curl (Barbell),incline_curl,Incline Curl,"bicep_curl, preacher_curl, hammer_curl",False,barbell,95,80,65,95
c0cc5897-6ce6-408f-8657-b3ea376de252,Ring Reverse Ab Rollout,core_exercise,Core Exercise,"crunch, plank",False,bodyweight,70,88,95,65
c0efe0c9-0516-465f-8458-0f9c33189460,Back Extension With Hands Behind Head (stability Ball),back_extension,Back Extension,"romanian_deadlift, good_morning, glute_bridge",False,bodyweight,70,88,95,65
c0f6ecd5-0094-4aa0-963d-dc4cfbee6bf1,Two Arm Clean (Kettlebell),clean,Clean,"deadlift, front_squat, snatch, shrug",False,kettlebell,75,85,85,78
c0fcfa23-6d38-40aa-bbf2-c9d26b558ebf,Ring Incline Plank,plank,Plank,"crunch, leg_raise, russian_twist",True,bodyweight,70,88,95,65
c1055108-43cd-4cd8-ac20-3439336f7267,Front Slam (Bodyweight),general_movement,Front Slam,,False,bodyweight,70,88,95,65
c10f5506-1cd0-4586-a9c2-20d353a3076d,Single Arm Overhead Triceps Extension (Resistance Band),overhead_tricep_extension,Overhead Tricep Extension,"tricep_pushdown, skull_crusher, dip, bicep_curl",False,band,60,85,90,50
c111b801-010e-4ddb-bf18-04ee1100d5a7,Seated Alternate Dynamic Chest Stretch On A Chair,chest_stretch,Chest Stretch,,False,bodyweight,70,88,95,65
c11c884b-8aed-413f-a60b-720c368628a3,Vertical Leg Raise (on Parallel Bars),leg_raise,Leg Raise,"crunch, plank, reverse_crunch",False,bodyweight,70,88,95,65
c121b573-ab7a-49be-9704-41b92d01bc71,Medicine Ball Single Leg Slam,leg_exercise,Leg Exercise,"squat, leg_press",False,bodyweight,70,88,95,65
c12aac04-fa5a-4d78-b89a-53655efb9219,Lying Lat Row,bent_over_row,Bent Over Row,"lat_pulldown, face_pull, bicep_curl, rear_delt_fly",False,bodyweight,70,88,95,65
c12eff0a-365d-45dc-a2f4-9241272c0135,Twist And Turn Punch,general_movement,Twist And Turn Punch,,False,bodyweight,70,88,95,65
c12f164e-72e2-4535-8e5a-30cf3b002b02,Diagonal Stepback And Reach,back_exercise,Back Exercise,"bent_over_row, lat_pulldown",False,bodyweight,70,88,95,65
c13af847-1f93-455a-948c-6e68d71b0f0d,Seated Alternate Biceps Curl (Dumbbell),bicep_curl,Bicep Curl,"hammer_curl, preacher_curl, tricep_extension",True,dumbbell,92,90,92,90
c13d2d48-411e-42f1-8d23-4431a9c58d21,One Arm Inner Biceps Curl (Cable),bicep_curl,Bicep Curl,"hammer_curl, preacher_curl, tricep_extension",False,cable,85,88,30,92
c1453142-53f1-4e87-b504-8f3c76498160,Weighted Sandbag Carry (shoulders),farmers_walk,Farmer Walk,"shrug, deadlift, lunge",False,bodyweight,70,88,95,65
c168b837-02f7-4c47-b2e2-b8cc70885e57,Swing Clean Grip Front Squat Overhead Press (Kettlebell),shoulder_press,Shoulder Press,"lateral_raise, front_raise, tricep_extension",False,kettlebell,75,85,85,78
c169b74c-6efa-4cd6-b62d-ccbad67c1b9f,Wrist Reverse Curl (Barbell),reverse_curl,Reverse Curl,"bicep_curl, hammer_curl, wrist_curl",False,barbell,95,80,65,95
c172f869-0a96-4518-ba74-49fed83b7530,Assisted Close Grip Underhand Chin Up,chin_up,Chin Up,"lat_pulldown, bent_over_row, bicep_curl",True,bodyweight,70,88,95,65
c17652a8-4ad6-4ca3-8e16-c152feb2d613,Lever High Row,machine_row,Machine Row,"lat_pulldown, face_pull, bicep_curl, rear_delt_fly",False,machine,80,75,20,88
c18ac128-1d10-46c8-b24a-0b08cd3d1dfa,Narrow Squat (Dumbbell),bent_over_row,Bent Over Row,"lat_pulldown, face_pull, bicep_curl, rear_delt_fly",False,dumbbell,92,90,92,90
c190d05e-839a-445f-a022-4dae209f9207,Standing Stacked Arms Lift,arm_exercise,Arm Exercise,"bicep_curl, tricep_extension",False,bodyweight,70,88,95,65
c19bb05c-73aa-49f7-94e3-720447c745a8,Standing External Rotation (Resistance Band),general_movement,Standing External Rotation,,False,band,60,85,90,50
c19e45cf-cf36-480e-bdcb-b5f8653b03e8,Lying Arms Forward Circle,arm_exercise,Arm Exercise,"bicep_curl, tricep_extension",False,bodyweight,70,88,95,65
c1a34532-ab04-4364-83aa-cd08c587605e,Bar Grip Sumo Squat (Dumbbell),sumo_squat,Sumo Squat,"leg_press, leg_extension, lunge, leg_curl",False,dumbbell,92,90,92,90
c1a9fb1c-0f06-408a-bbcf-92565ccdc659,Lying Hyperextension Abduction (Resistance Band),hip_abduction,Hip Abduction,"hip_adduction, glute_kickback, hip_thrust",False,band,60,85,90,50
c1b0bfba-f5dc-408f-afce-53758838b02f,Forearm Supination,arm_exercise,Arm Exercise,"bicep_curl, tricep_extension",False,bodyweight,70,88,95,65
c1b86d8a-fdb0-4e47-a8ea-54b4335a004b,Seated Celebratory Speed Torso Twist On Chair,general_movement,Seated Celebratory Speed Torso Twist On Chair,,False,bodyweight,70,88,95,65
c1bb58b8-ae9c-4456-8669-b1c738303ca5,Single Leg Hamstring Bridge,leg_exercise,Leg Exercise,"squat, leg_press",False,bodyweight,70,88,95,65
c1c56d66-562e-4f26-bc47-3706c18e600b,Lying One Arm Pronated Triceps Extension (Dumbbell),tricep_extension,Tricep Extension,"tricep_pushdown, skull_crusher, dip, bicep_curl",False,dumbbell,92,90,92,90
c1de28f1-31e5-476a-b64d-2d5a72cf9b77,Sitting Ankle Dorsi Flexion,general_movement,Sitting Ankle Dorsi Flexion,,False,bodyweight,70,88,95,65
c207f91c-ee24-47f6-9abc-7aa0cce8847f,Cross Body Twisting Crunch,crunch,Crunch,"leg_raise, plank, russian_twist",True,bodyweight,70,88,95,65
c20c77c7-6600-461d-923c-58fe2c26af6d,Sit Up,crunch,Crunch,"leg_raise, plank, russian_twist",True,bodyweight,70,88,95,65
c211104e-c87a-4c70-a9b1-0f4990146559,Roll Front Shoulder And Chest Lying On Floor,chest_exercise,Chest Exercise,"bench_press, fly",False,bodyweight,70,88,95,65
c230ba3f-f43d-4a89-9fe2-58b5ea86fdfa,Wrist Ulnar Deviation With Elbow Suppor (Bodyweight),general_movement,Wrist Ulnar Deviation With Elbow Suppor,,False,bodyweight,70,88,95,65
c23d8ff7-f401-4220-abc6-4ca79e9cfb49,Seated Alternate Shoulders Circle,shoulder_exercise,Shoulder Exercise,"shoulder_press, lateral_raise",False,bodyweight,70,88,95,65
c2449795-0b82-4276-9c84-f317aa07401d,Bottle Weighted Forward Lunge,lunge,Lunge,"split_squat, step_up, squat, leg_press",False,bodyweight,70,88,95,65
c24d6249-f8e5-49e6-b0a0-7ed012a931ba,Switching Downward Punch,general_movement,Switching Downward Punch,,False,bodyweight,70,88,95,65
c25269a7-dbb6-42fa-9785-49ccd1f12127,Renegade Row (Dumbbell),bent_over_row,Bent Over Row,"lat_pulldown, face_pull, bicep_curl, rear_delt_fly",False,dumbbell,92,90,92,90
c2555680-b966-4e20-b8b1-55b42ff1313a,Basic To Cross Donkey Kick,general_movement,Basic To Cross Donkey Kick,,False,bodyweight,70,88,95,65
c2609e2c-415e-4b2f-9dd5-1945a4e13f43,Fish Pose Matsyasana,general_stretch,Stretch,,False,bodyweight,70,88,95,65
c27b117b-3df8-4cb3-911c-5b32cb366ee5,Pullback Side Leg Raise,leg_raise,Leg Raise,"crunch, plank, reverse_crunch",False,bodyweight,70,88,95,65
c28435ed-38e7-4578-8292-55f693f051ff,Military Press Russian Twist With Legs Floor Off (Dumbbell),shoulder_press,Shoulder Press,"lateral_raise, front_raise, tricep_extension",False,dumbbell,92,90,92,90
c2918dc8-a5d2-478c-993d-1108ce500c9d,Side Bridge (bent Knee),general_movement,Side Bridge,,False,bodyweight,70,88,95,65
c291a18e-a418-4237-b7a8-b4746f1b56f9,Ring Handstand,general_movement,Ring Handstand,,False,bodyweight,70,88,95,65
c292996a-8705-4a67-ae7c-da947945b26c,Plank Walk Up,plank,Plank,"crunch, leg_raise, russian_twist",True,bodyweight,70,88,95,65
c294f7cd-cd57-491c-94cf-97c905fb3f78,Internal Shoulder Rotation Stretch,shoulder_stretch,Shoulder Stretch,,False,bodyweight,70,88,95,65
c296f574-d71b-4917-8de5-4655a8f7b36b,Standing Behind Back Shoulders Press (Dumbbell),press,Press,"bench_press, shoulder_press",False,dumbbell,92,90,92,90
c29989eb-b2e1-47de-9c02-34bf9e383dc7,Russian Twist (with Medicine Ball),russian_twist,Russian Twist,"oblique_crunch, woodchop, side_plank",False,bodyweight,70,88,95,65
c2a1f718-1f99-44a7-bfeb-76700efa118f,Sitting Single Straight Leg Raise A Chair,leg_raise,Leg Raise,"crunch, plank, reverse_crunch",False,bodyweight,70,88,95,65
c2ab3714-ee89-4d3b-9b5f-f53e1a6168c7,Overhead Clap,general_movement,Overhead Clap,,False,bodyweight,70,88,95,65
c2acf24e-1f1c-4c43-add3-a4594a51b845,Side Step Arms Rainbow,arm_exercise,Arm Exercise,"bicep_curl, tricep_extension",False,bodyweight,70,88,95,65
c2c72427-50f6-493b-b7ac-d4917fb8a3c7,Standing Alternate Chest Fly (Cable),fly,Chest Fly,"bench_press, incline_fly, push_up",False,cable,85,88,30,92
c2c87f90-b3a8-4f09-acde-4f3e4d98440b,Leg Front Kick,leg_exercise,Leg Exercise,"squat, leg_press",False,bodyweight,70,88,95,65
c2dcca30-5ef1-4cfc-86c6-a9b29dd60183,Suspender Power Pull,general_movement,Suspender Power Pull,,False,bodyweight,70,88,95,65
c2e15f10-5f82-4623-acc1-162a2c589ad3,Angled Press (Kettlebell),press,Press,"bench_press, shoulder_press",False,kettlebell,75,85,85,78
c2e341f9-b16a-4215-a8b4-cdd308a1a8df,Ring Single Leg Curl With Towel,leg_curl,Leg Curl,"romanian_deadlift, hip_thrust, leg_extension",False,bodyweight,70,88,95,65
c2fe9212-c7ab-4ee7-b008-8ecc0eacfa8b,Rear Lateral Raise (support Head) (Dumbbell),lateral_raise,Lateral Raise,"shoulder_press, front_raise, rear_delt_fly",True,dumbbell,92,90,92,90
c304bc32-0ca0-4377-b678-3ebc0ba621ce,Twisting Knee Up,general_movement,Twisting Knee Up,,False,bodyweight,70,88,95,65
c305727d-a109-4a13-9401-3b94684829b6,Table Top Bridge,core_exercise,Core Exercise,"crunch, plank",False,bodyweight,70,88,95,65
c30ec98e-cbd9-4af4-af9b-65c225be05c7,Assisted Triceps Dip (kneeling),dip,Dip,"bench_press, tricep_pushdown, push_up",True,bodyweight,70,88,95,65
c315b78b-aeb7-4fe3-bd9e-0c787a265024,Lever Seated Single Calf Press,seated_calf_raise,Seated Calf Raise,leg_press,False,machine,80,75,20,88
c31653a1-71b8-4d7d-9440-3210d6e3c1c5,Arms Overhead Full Sit Up,crunch,Crunch,"leg_raise, plank, russian_twist",True,bodyweight,70,88,95,65
c3184bc6-ca9b-494d-9ec1-77eb412255df,Prone Cobra Palms Under Thighs,general_movement,Prone Cobra Palms Under Thighs,,False,bodyweight,70,88,95,65
c31f883e-a3f0-479c-8029-ece39356ca16,Half Kneeling Side Lunge,lateral_lunge,Lateral Lunge,"split_squat, step_up, squat, leg_press",False,bodyweight,70,88,95,65
c321d0e5-8cd5-4206-a898-8d35d7676cd4,Standing Butt Kick,general_movement,Standing Butt Kick,,False,bodyweight,70,88,95,65
c3293856-be71-4fcf-b242-2a1fa979cd57,Sitting Good Morning (Dumbbell),good_morning,Good Morning,"romanian_deadlift, hip_thrust, back_extension",False,dumbbell,92,90,92,90
c32cdad0-12df-42ec-a808-cd1d1f56d35e,Seated Heel Slide On A Chair,general_movement,Seated Heel Slide On A Chair,,False,bodyweight,70,88,95,65
c33d073b-6e39-4b71-aac4-9b1d42dde0e8,Seated Chest Press (Cable),chest_press,Chest Press,"bench_press, fly, tricep_pushdown",False,cable,85,88,30,92
c343dd51-4232-4757-8bd1-138a6da08ad6,Bent Over One Arm Neutral Grip Kickback (Band),back_exercise,Back Exercise,"bent_over_row, lat_pulldown",False,band,60,85,90,50
c346c2f1-0653-4bc6-ad08-3b5468df4487,Bent Leg Side Kick (kneeling) (Resistance Band),leg_exercise,Leg Exercise,"squat, leg_press",False,band,60,85,90,50
c36b0641-5d3b-4af4-9b3d-d3411dd8a02f,Weighted Dumbbell Lying Flat Hip Raise,raise,Raise,"lateral_raise, front_raise",False,dumbbell,92,90,92,90
c37184e4-a480-4501-bd33-42c9a97c49e2,Medicine Ball Skater Hop,general_movement,Medicine Ball Skater Hop,,False,bodyweight,70,88,95,65
c3730900-c56d-407c-9178-6e891321bf49,Sitting Lower Back Stretch,back_stretch,Back Stretch,,False,bodyweight,70,88,95,65
c3736a4a-026a-4213-981c-84b8453207b2,Front Raise (Rope) (Cable),front_raise,Front Raise,"shoulder_press, lateral_raise, incline_bench_press",False,cable,85,88,30,92
c37f32d1-f3a2-439a-b250-554821cb512e,Walking On Spot Sky Reach,general_movement,Walking On Spot Sky Reach,,False,bodyweight,70,88,95,65
c3879c33-1944-45f4-ab89-de77be52c626,Somersault Stand Up,general_movement,Somersault Stand Up,,False,bodyweight,70,88,95,65
c38ccfcc-aae1-4d46-a836-e23ad267c9ef,Side Lying Quadriceps Stretch,quad_stretch,Quad Stretch,,False,bodyweight,70,88,95,65
c390041a-695a-4871-8311-7a54d96bd8a8,Standing Cat Cow Stretch,general_stretch,Stretch,,False,bodyweight,70,88,95,65
c3963ca2-d589-4c63-bd7b-7cf7e253bb16,Stepback Arms Back Raise,raise,Raise,"lateral_raise, front_raise",False,bodyweight,70,88,95,65
c3963e7c-e583-4fb1-839b-8600e3b1ec45,Double Diagonal Reach,general_movement,Double Diagonal Reach,,False,bodyweight,70,88,95,65
c3a4608b-51a3-4ad0-8776-edf9760d737d,Lever Triceps Extension,tricep_extension,Tricep Extension,"tricep_pushdown, skull_crusher, dip, bicep_curl",False,machine,80,75,20,88
c3a8aeae-4111-4998-b3bb-dd56c22fa337,Circles Knee Stretch,general_stretch,Stretch,,False,bodyweight,70,88,95,65
c3af8cb4-4b3a-4e5f-a1e8-d14de0d9179e,Standing Biceps Curl (Rope) (Cable),bicep_curl,Bicep Curl,"hammer_curl, preacher_curl, tricep_extension",False,cable,85,88,30,92
c3b0f903-0def-4b4e-884c-03271b60f5b2,Ring Archer Pull Up,pull_up,Pull Up,"lat_pulldown, bent_over_row, bicep_curl",True,bodyweight,70,88,95,65
c3b7e7cd-ca63-48a3-8e23-18063876899d,Twisting Woodchopper,woodchop,Woodchop,"russian_twist, oblique_crunch, plank",False,bodyweight,70,88,95,65
c3bf5102-ec99-467c-8910-0bd1773cedb7,Bottle Weighted Concentration Curl,concentration_curl,Concentration Curl,"bicep_curl, preacher_curl, hammer_curl",False,bodyweight,70,88,95,65
c3c8ef1b-ecf6-454b-8a91-1c7649c7a1e2,Concentration Extension (on Knee) (Cable),extension,Extension,"tricep_extension, leg_extension",False,cable,85,88,30,92
c3d28c8f-422d-42f3-b37d-a9d061d3716c,Criss Cross Upper Chest Raise,raise,Raise,"lateral_raise, front_raise",False,bodyweight,70,88,95,65
c3da8c12-24d4-4944-ae2c-d1ab75f2fb67,Lying Abduction (Resistance Band),hip_abduction,Hip Abduction,"hip_adduction, glute_kickback, hip_thrust",False,band,60,85,90,50
c3e971cd-049b-4351-8325-552a92e78e1b,Incline Twist Press (Kettlebell),press,Press,"bench_press, shoulder_press",False,kettlebell,75,85,85,78
c3f48c3e-ce64-463d-b77e-2463e1128b92,Reverse Preacher Curl (Cable),preacher_curl,Preacher Curl,"bicep_curl, hammer_curl, concentration_curl",False,cable,85,88,30,92
c3f5c561-a798-4e82-b233-6fd68da7ddfe,Step Squat Jack,squat,Squat,"leg_press, leg_extension, lunge, leg_curl",False,bodyweight,70,88,95,65
c4051bcb-6f6c-4ae3-b097-df7db55e4d23,Adductors Stretch Transverse Plane,general_stretch,Stretch,,False,bodyweight,70,88,95,65
c425e0b2-7d74-4357-82a1-ca25a64a66eb,Hanging Alternating Knee Raise,hanging_leg_raise,Hanging Leg Raise,"crunch, plank, reverse_crunch",False,bodyweight,70,88,95,65
c42a3ea1-a7f4-49f8-aa38-cf9a569b705f,Standing Leg Slide Lunge With Towel,lunge,Lunge,"split_squat, step_up, squat, leg_press",False,bodyweight,70,88,95,65
c4340c67-187f-43f4-8cf0-7190c01679d4,Weighted Chains Bench Press (Barbell),bench_press,Bench Press,"incline_bench_press, fly, tricep_pushdown, dip",True,barbell,95,80,65,95
c444a00f-1b2c-4cda-920f-ec7926ccdc31,Smith Single Leg Chair Squat,squat,Squat,"leg_press, leg_extension, lunge, leg_curl",False,smith_machine,72,70,25,80
c448eaba-e731-4e09-bfd5-ad587453a186,Doorway Chest Stretch,chest_stretch,Chest Stretch,,False,bodyweight,70,88,95,65
c45a1087-1344-4113-a9ac-cfe18333c710,Curtsey Lunge (Barbell),lunge,Lunge,"split_squat, step_up, squat, leg_press",False,barbell,95,80,65,95
c45be10e-d440-4afb-bd4c-8a3a96826d9d,Medicine Ball Mountain Climber,mountain_climber,Mountain Climber,"plank, burpee, high_knees",False,bodyweight,70,88,95,65
c45ed05b-fc6b-483a-8ec6-33a80425a0ae,Standing Wood Chopper (Resistance Band),woodchop,Woodchop,"russian_twist, oblique_crunch, plank",False,band,60,85,90,50
c4782210-1655-42ba-a890-e64acde403e9,Seated Back Stretch Both Hands To Feet,back_stretch,Back Stretch,,False,bodyweight,70,88,95,65
c483079b-404f-4a32-9679-1d5072746c76,Hand Up Front Step,general_movement,Hand Up Front Step,,False,bodyweight,70,88,95,65
c491100e-ff1c-4add-ba6f-f7ce250787a9,Twist March,general_movement,Twist March,,False,bodyweight,70,88,95,65
c498321b-bcce-4ee1-83cf-d6bb029784a6,Standing Y Raise (Resistance Band),raise,Raise,"lateral_raise, front_raise",False,band,60,85,90,50
c49e7b96-3eea-4e26-9b95-fbc29cc94fbf,Suspender Knee Tuck Row,bent_over_row,Bent Over Row,"lat_pulldown, face_pull, bicep_curl, rear_delt_fly",False,bodyweight,70,88,95,65
c49f0f88-b1ed-4e74-b5c4-0a30b7e1b96b,Seated Ankle Circle (clockwise),general_movement,Seated Ankle Circle,,False,bodyweight,70,88,95,65
c4a50f96-0114-4dfa-8702-41d81f41d0e9,Jump Box,general_movement,Jump Box,,False,bodyweight,70,88,95,65
c4abf9ed-b5a8-4158-9381-606599ed11d5,Alternate Front Raise (Dumbbell),front_raise,Front Raise,"shoulder_press, lateral_raise, incline_bench_press",True,dumbbell,92,90,92,90
c4b26929-c050-410c-862a-165227624218,Sitting Pulse Row On A Chair,bent_over_row,Bent Over Row,"lat_pulldown, face_pull, bicep_curl, rear_delt_fly",False,bodyweight,70,88,95,65
c4ba1745-7ecc-4b19-8edb-0cdeebb37e2c,Bear Walk,general_movement,Bear Walk,,False,bodyweight,70,88,95,65
c4c6ad5e-1be1-4b11-8e63-d6fb55488ac6,Curtsey Side Step,general_movement,Curtsey Side Step,,False,bodyweight,70,88,95,65
c4c7ee64-9640-4ca1-b55a-d775557034fd,High Knee Step Up,step_up,Step Up,"lunge, split_squat, squat",False,bodyweight,70,88,95,65
c4c97d4f-7046-4070-8546-cdc4609b5954,Lying Vertical Scissors On Floor,general_movement,Lying Vertical Scissors On Floor,,False,bodyweight,70,88,95,65
c4d7ca46-db27-44e6-8aa7-8552104a0a6c,Stepback Opposite Crunch,crunch,Crunch,"leg_raise, plank, russian_twist",True,bodyweight,70,88,95,65
c4e302ed-54f4-48f7-aef4-6d62e85acc5e,Double Woodchopper,woodchop,Woodchop,"russian_twist, oblique_crunch, plank",False,bodyweight,70,88,95,65
c4f00988-8f03-4af4-b6ff-9b57a036bd49,Frog Squat Into Forward Fold,squat,Squat,"leg_press, leg_extension, lunge, leg_curl",False,bodyweight,70,88,95,65
c500f7a2-29cb-4767-a5cc-5bd366b7fd8b,Fast Sit Up Slow Down,crunch,Crunch,"leg_raise, plank, russian_twist",True,bodyweight,70,88,95,65
c5037102-9aa1-445d-9537-1b3dd5ca3844,Twisting Woodchopper,woodchop,Woodchop,"russian_twist, oblique_crunch, plank",False,bodyweight,70,88,95,65
c504dc01-4734-48fb-bd3b-2fd14ba7141a,Plank Alternating Hit The Ball,plank,Plank,"crunch, leg_raise, russian_twist",True,bodyweight,70,88,95,65
c5085505-45ca-4804-8f09-3dbf97cb745b,Hanging Straight Leg Hip Raise,raise,Raise,"lateral_raise, front_raise",False,bodyweight,70,88,95,65
c5098814-b7bc-49c4-b9df-aca0a5e9af57,Standing Side And Front Leg Raise,leg_raise,Leg Raise,"crunch, plank, reverse_crunch",False,bodyweight,70,88,95,65
c51328c4-5867-4ea7-8442-7ba72349d3fc,Standing Back Squeeze,back_exercise,Back Exercise,"bent_over_row, lat_pulldown",False,bodyweight,70,88,95,65
c514f6f2-3138-489d-8171-69a6063fc30a,Alternate Front Toe Tap Walks,general_movement,Alternate Front Toe Tap Walks,,False,bodyweight,70,88,95,65
c5157b55-eee7-4d69-b55b-87d6bcf7dfa4,Wood Chop (Kettlebell),woodchop,Woodchop,"russian_twist, oblique_crunch, plank",False,kettlebell,75,85,85,78
c520f6a8-8265-46d3-a819-cd74dc5288b5,Front Raise (Kettlebell),front_raise,Front Raise,"shoulder_press, lateral_raise, incline_bench_press",False,kettlebell,75,85,85,78
c5324967-e1ef-481a-9398-7d12dda6b507,Standing Twist Stretch,general_stretch,Stretch,,False,bodyweight,70,88,95,65
c535d859-0a27-4970-ac2a-7f3c713d5c3d,Kickstand Reach Lat Lean,general_movement,Kickstand Reach Lat Lean,,False,bodyweight,70,88,95,65
c53b7e41-79d2-497e-9531-4572bd67bd72,Romanian Deadlift (Kettlebell),romanian_deadlift,Romanian Deadlift,"romanian_deadlift, bent_over_row, hip_thrust, squat",False,kettlebell,75,85,85,78
c54245da-a172-4fc0-add9-375b52dfa7e8,String Pull,general_movement,String Pull,,False,bodyweight,70,88,95,65
c5442555-9a77-46c6-b572-5e870febedde,Standing Hip Thrust (Cable),hip_thrust,Hip Thrust,"glute_bridge, romanian_deadlift, leg_curl",False,cable,85,88,30,92
c5482207-7939-44f9-aa71-98af8c90fd09,Wide Bench Press (Barbell),bench_press,Bench Press,"incline_bench_press, fly, tricep_pushdown, dip",True,barbell,95,80,65,95
c549bc62-b3ee-444d-be5e-a4f4e4821f27,Roll Ball Side Lying Inner Thigh Active,general_movement,Roll Ball Side Lying Inner Thigh Active,,False,bodyweight,70,88,95,65
c552a24e-4177-4ee5-842d-119d4ca17291,Moving Child Pose,general_stretch,Stretch,,False,bodyweight,70,88,95,65
c55e31d0-1bae-472a-ac0e-210797ffc978,Air Pillow Crunch,crunch,Crunch,"leg_raise, plank, russian_twist",True,bodyweight,70,88,95,65
c57ec2b3-168b-4cb1-9572-f0bacec13d27,Prone Incline Hammer Curl (Dumbbell),hammer_curl,Hammer Curl,"bicep_curl, preacher_curl, reverse_curl",True,dumbbell,92,90,92,90
c59381bb-d968-4c2c-ac3c-1ca4c27610b2,Lying Bent Knee Alternating Glute Raise,raise,Raise,"lateral_raise, front_raise",False,bodyweight,70,88,95,65
c59f2d72-fbb5-49dd-af7a-18e4ee7e418f,Floor Hyperextension (Resistance Band),back_extension,Back Extension,"romanian_deadlift, good_morning, glute_bridge",False,band,60,85,90,50
c5a60a43-5c21-48dc-bff0-50e289ac0693,Lizard Extension To Twist,extension,Extension,"tricep_extension, leg_extension",False,bodyweight,70,88,95,65
c5b523b9-f84d-4e16-9129-8f0a8b5ae50c,Dynamic Chest Stretch,chest_stretch,Chest Stretch,,False,bodyweight,70,88,95,65
c5b654ef-a692-4b9c-8ab0-8d94f594785f,Single Leg Glute Bridge (Dumbbell),glute_bridge,Glute Bridge,"hip_thrust, romanian_deadlift, leg_curl",False,dumbbell,92,90,92,90
c5b67bd0-0d53-4b48-ac9f-247e8ddcfb25,Standing Abdominal Vacuum,core_exercise,Core Exercise,"crunch, plank",False,bodyweight,70,88,95,65
c5bc8ecd-cf2b-4898-9fc3-427238f74b94,Suspender Sprinter,running,Running,,False,bodyweight,70,88,95,65
c5cea7ca-65e4-45c3-9ace-6a0b35019541,Twist Turn Slam,general_movement,Twist Turn Slam,,False,bodyweight,70,88,95,65
c5d3cae0-6586-4ee2-9eb4-0d3f7c87b889,Biceps Curl (Kettlebell),bicep_curl,Bicep Curl,"hammer_curl, preacher_curl, tricep_extension",False,kettlebell,75,85,85,78
c5d59c97-2940-44f4-adb7-d1838406dc24,Sit Up (Dumbbell),crunch,Crunch,"leg_raise, plank, russian_twist",False,dumbbell,92,90,92,90
c5e77c08-b3e6-476f-87aa-c725638aa788,Plyo Push Up,push_up,Push Up,"bench_press, fly, dip, tricep_extension",True,bodyweight,70,88,95,65
c60a8646-cef9-4a4a-9ef7-610e05e3d644,Crab Twist Toe Touch,core_exercise,Core Exercise,"crunch, plank",False,bodyweight,70,88,95,65
c6254f03-e03c-45fc-a0fb-fde685f8f032,Child Pose Back Shift,back_stretch,Back Stretch,,False,bodyweight,70,88,95,65
c62af67a-1548-4db4-abc3-fe2cb402cc79,Negative Push Up,push_up,Push Up,"bench_press, fly, dip, tricep_extension",True,bodyweight,70,88,95,65
c62c88af-ccd6-4627-bd67-299380d8c815,Deep Sumo Squat Hold,sumo_squat,Sumo Squat,"leg_press, leg_extension, lunge, leg_curl",False,bodyweight,70,88,95,65
c63578eb-75b9-48e9-88e8-c6e581c12af8,Side Wrist Pull Stretch,general_stretch,Stretch,,False,bodyweight,70,88,95,65
c643fc12-876b-4b23-a079-e0c934d490f8,Side Step Swipes,general_movement,Side Step Swipes,,False,bodyweight,70,88,95,65
c6556f41-3121-4d1b-9cb1-8c2ff69e5d22,Seated 8 Leg Crunch,crunch,Crunch,"leg_raise, plank, russian_twist",True,bodyweight,70,88,95,65
c6581693-58f5-4711-8708-58b577793a05,Hands Up Knee Up,general_movement,Hands Up Knee Up,,False,bodyweight,70,88,95,65
c65b8d0e-31f7-4178-a810-6660f52aa932,Standing Reverse Butterfly (Dumbbell),rear_delt_fly,Rear Delt Fly,"face_pull, lateral_raise, bent_over_row",False,dumbbell,92,90,92,90
c66201b9-e87f-4020-a14f-0a5166373e23,Sitting Cat Cow Pose,general_stretch,Stretch,,False,bodyweight,70,88,95,65
c6666905-5243-40d0-a464-c6fdb97f1a8d,Butterfly Yoga Pose Baddha Konasana Variation,general_stretch,Stretch,,False,bodyweight,70,88,95,65
c66cd444-c4e0-4f43-a975-9968bb4cd9d9,Tuck To Hamstring Stretch,hamstring_stretch,Hamstring Stretch,,False,bodyweight,70,88,95,65
c67e9c6a-0672-4634-95f3-d952a7347557,Roll Foot,general_movement,Roll Foot,,False,bodyweight,70,88,95,65
c683901e-b60f-4bb4-8092-369a7bec7965,Close Grip Push Up,diamond_push_up,Diamond Push Up,"bench_press, fly, dip, tricep_extension",False,bodyweight,70,88,95,65
c690eb66-343c-4ae0-ba56-e2463fc3d8e8,Jack Knife Sit Up,crunch,Crunch,"leg_raise, plank, russian_twist",True,bodyweight,70,88,95,65
c69606b6-ad57-4533-86c5-144a438d965c,Squat Knees Middle Position (Barbell),squat,Squat,"leg_press, leg_extension, lunge, leg_curl",True,barbell,95,80,65,95
c6a632ca-c9b5-471c-bb10-2fa9ead47be5,Double High Knee Side Hop,high_knees,High Knees,"mountain_climber, burpee, jumping_jack",False,bodyweight,70,88,95,65
c6ce4a6d-f672-4d7d-b02e-92e73a931398,Lever Decline Single Arm Chest Press,chest_press,Chest Press,"bench_press, fly, tricep_pushdown",True,machine,80,75,20,88
c6dbb0b8-168c-4d36-9964-c6518f7d0177,Crunch (stability Ball),crunch,Crunch,"leg_raise, plank, russian_twist",True,bodyweight,70,88,95,65
c6dfe969-25ed-4174-92e6-166a058d1faf,Battling Ropes Alternating Waves With Kneeling Get,general_movement,Battling Ropes Alternating Waves With Kneeling Get,,False,bodyweight,70,88,95,65
c6e4311d-5060-4116-aa13-3ffdde4a5d0a,Bench Dip On Stability Ball,bench_dip,Bench Dip,"bench_press, tricep_pushdown, push_up",False,bodyweight,70,88,95,65
c7331c59-2e1b-4959-96e1-77efe488bb14,Lever Seated Hip Adduction,hip_adduction,Hip Adduction,"hip_abduction, sumo_squat, lunge",False,machine,80,75,20,88
c739a756-9779-4578-afec-ece7a5c3b953,Bottle Weighted Halo,general_movement,Bottle Weighted Halo,,False,bodyweight,70,88,95,65
c73f8388-e0d9-47ab-95b9-402dc0c44e3e,Lever Ab Coaster Oblique Crunch,oblique_crunch,Oblique Crunch,"leg_raise, plank, russian_twist",False,machine,80,75,20,88
c743346c-3ce8-4f12-a8b7-a1a75591d919,Front Plank Arm Raise (Dumbbell),plank,Plank,"crunch, leg_raise, russian_twist",False,dumbbell,92,90,92,90
c749dbdc-68e7-49fa-b7be-be01d63c1007,Forward Side Top Presses,press,Press,"bench_press, shoulder_press",False,bodyweight,70,88,95,65
c74b5528-7354-45ea-8d12-cd9d8df413a6,Mountain Climber,mountain_climber,Mountain Climber,"plank, burpee, high_knees",False,bodyweight,70,88,95,65
c7526bc9-defe-4833-893b-23232ca17c19,Seated Military Press In Out Leg Raise On Floor (Dumbbell),shoulder_press,Shoulder Press,"lateral_raise, front_raise, tricep_extension",False,dumbbell,92,90,92,90
c7532e16-04d8-43df-ac31-30923ea2caf5,Lying Svend Press (Bodyweight),press,Press,"bench_press, shoulder_press",False,bodyweight,70,88,95,65
c7593ca9-0677-455b-b8d3-7941d551caa5,Diagonal Front Scoop Raise,raise,Raise,"lateral_raise, front_raise",False,bodyweight,70,88,95,65
c766b616-378e-4319-a988-cee723cc06bb,T Twist Knee Drive,general_movement,T Twist Knee Drive,,False,bodyweight,70,88,95,65
c7712407-2905-42df-9c7c-09bc8b7ee0f6,Heel Together Slight Squat,squat,Squat,"leg_press, leg_extension, lunge, leg_curl",False,bodyweight,70,88,95,65
c77925d4-edfc-44a6-acae-234c60e66d4e,Donkey Calf Raise,calf_raise,Calf Raise,leg_press,False,bodyweight,70,88,95,65
c77dc9f7-428f-4d54-aa7e-28a25913d447,Marching On Spot,general_movement,Marching On Spot,,False,bodyweight,70,88,95,65
c7816d88-4313-4450-a3ba-5f9e7f7577fb,Lever Hip Extension,extension,Extension,"tricep_extension, leg_extension",False,machine,80,75,20,88
c784b564-bcb6-469f-bbd9-200d3c7298a8,Standing Lateral Stretch,back_stretch,Back Stretch,,False,bodyweight,70,88,95,65
c78828b7-36d5-403a-a080-6c0b5bb0412d,Bent Over Overhead Triceps Extension Straight (Cable),overhead_tricep_extension,Overhead Tricep Extension,"tricep_pushdown, skull_crusher, dip, bicep_curl",False,cable,85,88,30,92
c78947a3-2d9e-44a3-83e7-24ce32ae7861,Seated Decline Chest Press On A Chair,chest_press,Chest Press,"bench_press, fly, tricep_pushdown",False,bodyweight,70,88,95,65
c78e639a-a927-4339-896d-73faa6fff1e2,Standing Isometric Shoulder External Rotation Wit,shoulder_exercise,Shoulder Exercise,"shoulder_press, lateral_raise",False,bodyweight,70,88,95,65
c7aae7b5-1ec6-41ab-be5d-0eba72bf58af,Kneeling Plank Alternating Arm Raise,plank,Plank,"crunch, leg_raise, russian_twist",True,bodyweight,70,88,95,65
c7b2d00f-d7ee-477a-8a69-c19c9a5887d0,Superman Hold,general_movement,Superman Hold,,False,bodyweight,70,88,95,65
c7b6ce35-92ba-40b7-9590-6c006f320014,Curtsy Lunge Slide With Towel,lunge,Lunge,"split_squat, step_up, squat, leg_press",False,bodyweight,70,88,95,65
c7c14ffe-80e9-46fb-a943-3be7e567675a,Standing Gluteus Medius Press (stability Ball),press,Press,"bench_press, shoulder_press",False,bodyweight,70,88,95,65
c7c8f9b6-4487-42ab-87b9-6cc16af0a138,Suspender Body Saw,general_movement,Suspender Body Saw,,False,bodyweight,70,88,95,65
c7d1d1d0-1e9d-4033-bb45-00f5ebf9867b,Leg Front Lift Jack,leg_exercise,Leg Exercise,"squat, leg_press",False,bodyweight,70,88,95,65
c7d2593d-e9cf-4338-a514-5acab71ce448,Pulsing Prayer Push,general_movement,Pulsing Prayer Push,,False,bodyweight,70,88,95,65
c7d68631-a538-4cf3-b1e4-c1f815f8e5b1,Single Leg Squat (Dumbbell),squat,Squat,"leg_press, leg_extension, lunge, leg_curl",False,dumbbell,92,90,92,90
c7e22f23-07b4-4df8-86f3-f99be5130987,Assisted Lying Leg Raise With Lateral Throw Down,bent_over_row,Bent Over Row,"lat_pulldown, face_pull, bicep_curl, rear_delt_fly",False,bodyweight,70,88,95,65
c7e8d995-28c4-416a-bf83-aec80738c32a,Pigeon Pose,general_stretch,Stretch,,False,bodyweight,70,88,95,65
c7f41e59-ea48-4ee2-99cc-c483aa2e436d,Heel To Heel Tap,general_movement,Heel To Heel Tap,,False,bodyweight,70,88,95,65
c800807d-c7b4-4e60-8388-79a5e3e4f6f1,Biceps Curl (Dumbbell),bicep_curl,Bicep Curl,"hammer_curl, preacher_curl, tricep_extension",True,dumbbell,92,90,92,90
c803ba68-6a7b-4319-9876-cf6a94156c74,Sumo Squat (Barbell),sumo_squat,Sumo Squat,"leg_press, leg_extension, lunge, leg_curl",False,barbell,95,80,65,95
c80f3110-6d44-4db2-965b-5821caac767c,Hamstring Bridge,hamstring_exercise,Hamstring Exercise,"leg_curl, romanian_deadlift",False,bodyweight,70,88,95,65
c819188d-f581-46c6-8e9d-7e8c24d02d22,Gorilla Row (Kettlebell),bent_over_row,Bent Over Row,"lat_pulldown, face_pull, bicep_curl, rear_delt_fly",False,kettlebell,75,85,85,78
c81d9478-faad-406a-991c-bc9527ba1670,Shoulder Grip Inverted Row,inverted_row,Inverted Row,"lat_pulldown, face_pull, bicep_curl, rear_delt_fly",False,bodyweight,70,88,95,65
c82578f2-4386-4640-adf8-44290edbb664,Max Speed Uppercut,general_movement,Max Speed Uppercut,,False,bodyweight,70,88,95,65
c82ac2f1-42ab-432d-9184-687d0b7451a4,Seated Single Leg Slow Raise On Chair,raise,Raise,"lateral_raise, front_raise",False,bodyweight,70,88,95,65
c82cfe3e-d5de-4b8e-a0e4-2a11e084b6f0,Lying Top Grab Front Grab,core_exercise,Core Exercise,"crunch, plank",False,bodyweight,70,88,95,65
c82f984c-171b-4dd5-9580-0e6d1f5c9a92,Uppercuts Step In Place,general_movement,Uppercuts Step In Place,,False,bodyweight,70,88,95,65
c83bb5cb-3dfd-49d8-83fa-941d28c53b06,Low Alternate Chest Press (Band),chest_press,Chest Press,"bench_press, fly, tricep_pushdown",False,band,60,85,90,50
c83bbac3-5fb4-43b2-8ab7-7e3087b66a4f,Kneeling Spine Imbalance And Pelvic Imbalance,general_movement,Kneeling Spine Imbalance And Pelvic Imbalance,,False,bodyweight,70,88,95,65
c84b495b-e819-45fc-b06d-100c506ee331,Standing T Spine Press (Dumbbell),press,Press,"bench_press, shoulder_press",False,dumbbell,92,90,92,90
c84cb956-5270-4abb-b368-7ab42cc1a67e,Forward Backward Lunge (Barbell),lunge,Lunge,"split_squat, step_up, squat, leg_press",False,barbell,95,80,65,95
c84f62c7-b5e5-4c9d-ba9f-af050070b0c7,Ring Incline Push Up,incline_push_up,Incline Push Up,"bench_press, fly, dip, tricep_extension",False,bodyweight,70,88,95,65
c8534e86-a0a7-4de1-9920-4207b62e1355,Wide Stance Split Lunge With Chair Support,lunge,Lunge,"split_squat, step_up, squat, leg_press",False,bodyweight,70,88,95,65
c85a0aab-40d8-4230-a297-574fc7f82c15,Dynamic Chest Stretch,chest_stretch,Chest Stretch,,False,bodyweight,70,88,95,65
c85e6bfe-39d4-480f-9be7-ff4e67d87c08,Side Up Squat,squat,Squat,"leg_press, leg_extension, lunge, leg_curl",False,bodyweight,70,88,95,65
c878e3a4-96d9-4996-9167-309ebc155eb3,Lying Double Leg Kick,leg_exercise,Leg Exercise,"squat, leg_press",False,bodyweight,70,88,95,65
c87928a7-bfa8-4794-875e-9614c8312ca9,Suspender Reverse Ab Rollout,core_exercise,Core Exercise,"crunch, plank",False,bodyweight,70,88,95,65
c87ac907-8b64-4055-888f-b59409b54fa0,Seated Crossover Shoulders Stretch,shoulder_stretch,Shoulder Stretch,,False,bodyweight,70,88,95,65
c87ea21b-2bc6-4316-ac08-1889e36c29e7,Overhead Squat (Bodyweight),squat,Squat,"leg_press, leg_extension, lunge, leg_curl",False,bodyweight,70,88,95,65
c8911587-d953-4528-b298-b91ad4faf395,Commando Pull Up,pull_up,Pull Up,"lat_pulldown, bent_over_row, bicep_curl",True,bodyweight,70,88,95,65
c89c4cac-412d-4464-a7c2-a229e8b8d087,Glute Bridge Abduction (Resistance Band),glute_bridge,Glute Bridge,"hip_thrust, romanian_deadlift, leg_curl",False,band,60,85,90,50
c8ac0884-2b73-4a74-bcbf-d24901ae7bf1,Staggered Stance Hip Thrust (Barbell),hip_thrust,Hip Thrust,"glute_bridge, romanian_deadlift, leg_curl",False,barbell,95,80,65,95
c8baa336-827e-4472-bcc4-4f9fbd875de5,Sled Hack Squat,hack_squat,Hack Squat,"leg_press, leg_extension, lunge, leg_curl",False,bodyweight,70,88,95,65
c8bb2fd9-f6c8-4fc0-99a7-86bb057746b1,Star Plank Toe Tap,plank,Plank,"crunch, leg_raise, russian_twist",True,bodyweight,70,88,95,65
c8c1873e-75ce-4cc2-8c6d-06a3c80faf1f,3 Leg Chaturanga Pose,general_stretch,Stretch,,False,bodyweight,70,88,95,65
c8c2618a-6578-405b-bdc9-f8835ea28f09,Happy Baby Pose,general_stretch,Stretch,,False,bodyweight,70,88,95,65
c8c26461-2aee-4c70-9fb8-a57a8b0c9f74,Animal Resting Yoga Pose,general_stretch,Stretch,,False,bodyweight,70,88,95,65
c8c68ab4-9031-4016-867c-f627d2cf0680,Horizontal Pallof Press (Resistance Band),press,Press,"bench_press, shoulder_press",False,band,60,85,90,50
c8c70ab0-319b-4bb5-a2dd-816d065b0958,Suspender Lat Stretch,back_stretch,Back Stretch,,False,bodyweight,70,88,95,65
c8cc4745-2c4d-4e73-8d60-94644a81401b,Squat Side Up Hook Punch,squat,Squat,"leg_press, leg_extension, lunge, leg_curl",False,bodyweight,70,88,95,65
c8e53577-b812-439e-a075-b33a96b84fb1,Lever Reverse Hyperextension (plate Loaded),back_extension,Back Extension,"romanian_deadlift, good_morning, glute_bridge",False,machine,80,75,20,88
c8f63ffa-fa23-4e2d-bbb5-6aafaa72a373,Standing Pronated Grip Inverted Row,inverted_row,Inverted Row,"lat_pulldown, face_pull, bicep_curl, rear_delt_fly",False,bodyweight,70,88,95,65
c8fac4a0-fb65-4836-9ca7-f85fab86ac2f,Bent Over Row (Barbell),bent_over_row,Bent Over Row,"lat_pulldown, face_pull, bicep_curl, rear_delt_fly",True,barbell,95,80,65,95
c91c9951-cf58-4b5e-b140-ee04051da9cd,Overhead Sit Up (Dumbbell),crunch,Crunch,"leg_raise, plank, russian_twist",False,dumbbell,92,90,92,90
c91d48fd-be02-4bbd-a095-b40af95fe09f,Mountain Climber Lunge,lunge,Lunge,"split_squat, step_up, squat, leg_press",False,bodyweight,70,88,95,65
c923cff8-6161-4c3f-9e63-671faf88d9b2,Seated Calf Stretch,calf_stretch,Calf Stretch,,False,bodyweight,70,88,95,65
c927a62e-9dce-4396-a8d5-db2cbaf2a87a,Sphinx Pose Look Up,general_stretch,Stretch,,False,bodyweight,70,88,95,65
c927af03-3c23-432b-b62b-b2ace7f8f8a2,Standing Double Knee Raise Side Step,leg_raise,Leg Raise,"crunch, plank, reverse_crunch",False,bodyweight,70,88,95,65
c93fa01e-ac2a-4134-93bd-c370ec2b93fc,Seated 45 Degrees Neck Stretch On A Chair,general_stretch,Stretch,,False,bodyweight,70,88,95,65
c94a7f0e-05f3-4b9e-9c15-10cff8b1779b,Elbow Plank Thigh Tap,plank,Plank,"crunch, leg_raise, russian_twist",True,bodyweight,70,88,95,65
c95fcb0e-8443-4a26-bcdc-a3e3878b6109,Single Leg Deadlift (Barbell),single_leg_deadlift,Single Leg Deadlift,"romanian_deadlift, bent_over_row, hip_thrust, squat",False,barbell,95,80,65,95
c963c9a2-1f39-42f6-8ac6-5b82e13a1e61,Side Lunge Hop,lateral_lunge,Lateral Lunge,"split_squat, step_up, squat, leg_press",False,bodyweight,70,88,95,65
c964c978-62db-4d6c-873e-a56ef079c943,Sled Full Hack Squat,hack_squat,Hack Squat,"leg_press, leg_extension, lunge, leg_curl",False,bodyweight,70,88,95,65
c9658e59-106f-4b50-8e16-88744eaac05a,Mini Side Shuffles Slight Knee Raise,leg_raise,Leg Raise,"crunch, plank, reverse_crunch",False,bodyweight,70,88,95,65
c970338b-0de6-47a7-941a-28cd4a071a61,Feet Front Tap,general_movement,Feet Front Tap,,False,bodyweight,70,88,95,65
c9741fc7-537b-4174-a177-4f8c9929109c,Lying Hip Adduction,hip_adduction,Hip Adduction,"hip_abduction, sumo_squat, lunge",False,bodyweight,70,88,95,65
c97e490f-6349-42a9-9b40-cc116497e845,Sitting Alternate Knee Tuck On A Chair,general_movement,Sitting Alternate Knee Tuck On A Chair,,False,bodyweight,70,88,95,65
c9819a2f-ec84-471f-a624-05b6a8b67d75,Underhand Double Knee Raises,leg_raise,Leg Raise,"crunch, plank, reverse_crunch",False,bodyweight,70,88,95,65
c9878350-e276-4cbc-9440-b8ec316daf5e,Lever Seated Single Leg Squat Calf Raise On Leg Press Machine,squat,Squat,"leg_press, leg_extension, lunge, leg_curl",False,machine,80,75,20,88
c98c231f-549b-447b-be8f-02a9c407e5fd,Hip Raise (bent Knee),raise,Raise,"lateral_raise, front_raise",False,bodyweight,70,88,95,65
c9a14a0c-e5f7-4f0f-9351-60ba373c0061,Close Grip Biceps Curl (Band),bicep_curl,Bicep Curl,"hammer_curl, preacher_curl, tricep_extension",False,band,60,85,90,50
c9a8afac-db04-46e0-b6eb-49fc6af57dfb,Roll Ball Rectus Femoris Stretch,general_stretch,Stretch,,False,bodyweight,70,88,95,65
c9ac6653-6c78-4ccf-9622-aed3d0b0740b,Abduction Of One Leg Flexion Stretch,general_stretch,Stretch,,False,bodyweight,70,88,95,65
c9b5a6e2-a021-4791-85db-fdcdcde283bd,Incline Bench Press (Kettlebell),incline_bench_press,Incline Bench Press,"bench_press, incline_fly, shoulder_press",False,kettlebell,75,85,85,78
c9b72d2a-b216-47aa-b057-b46c6fa8a2cd,Goblet Squat (Cable),goblet_squat,Goblet Squat,"leg_press, leg_extension, lunge, leg_curl",False,cable,85,88,30,92
c9c37276-020e-49de-a52d-97035abdcd5a,Deadstop Row With Rack (Barbell),bent_over_row,Bent Over Row,"lat_pulldown, face_pull, bicep_curl, rear_delt_fly",True,barbell,95,80,65,95
c9c5a7ee-7690-4a52-af8b-e37e7cf3cbd5,Dynamic Butterfly Pose,general_stretch,Stretch,,False,bodyweight,70,88,95,65
c9cd1f8d-72cd-450e-9567-8341ef7ab2c0,Sitting Floor Crunch Alternating Knee Raise To To,crunch,Crunch,"leg_raise, plank, russian_twist",True,bodyweight,70,88,95,65
c9d03c7e-770b-48ee-870d-e1fce9ac162c,Pulse Row,bent_over_row,Bent Over Row,"lat_pulldown, face_pull, bicep_curl, rear_delt_fly",False,bodyweight,70,88,95,65
c9de3bd5-5f31-4dc9-9b83-a6ccb818311a,Goblet Forward Backward Lunge (Kettlebell),lunge,Lunge,"split_squat, step_up, squat, leg_press",False,kettlebell,75,85,85,78
c9e14b61-a7b6-4ed4-9e04-3ad3314facc0,One Arm Row (Kettlebell),single_arm_row,Single Arm Row,"lat_pulldown, face_pull, bicep_curl, rear_delt_fly",False,kettlebell,75,85,85,78
c9f42c39-b2eb-457b-85e2-096441d65dbf,Tabletop Reach And Crunch,crunch,Crunch,"leg_raise, plank, russian_twist",True,bodyweight,70,88,95,65
c9fe6c4c-64de-45bf-ac49-b4f19700a23b,Lying Knee Hug,general_movement,Lying Knee Hug,,False,bodyweight,70,88,95,65
ca181589-94fb-48a1-ba56-e50421abaa5b,Bent Over Single Arm Crossover (Cable),arm_exercise,Arm Exercise,"bicep_curl, tricep_extension",False,cable,85,88,30,92
ca252738-5a33-45cc-8da6-166a75e61774,Side Step Boxing Handroll,general_movement,Side Step Boxing Handroll,,False,bodyweight,70,88,95,65
ca274cef-65e6-4836-9dc5-5aa87826f976,Jefferson Squat (Barbell),squat,Squat,"leg_press, leg_extension, lunge, leg_curl",True,barbell,95,80,65,95
ca2febc5-61ad-4d6f-a557-3428c90260b2,Janda Sit Up,crunch,Crunch,"leg_raise, plank, russian_twist",True,bodyweight,70,88,95,65
ca33b050-7a37-49e7-8b5f-b60369c5cba8,Box Assisted Pull Up,pull_up,Pull Up,"lat_pulldown, bent_over_row, bicep_curl",True,bodyweight,70,88,95,65
ca3d4eb4-cfc4-4254-9632-e0cecaad25f9,Standing Plate Press,press,Press,"bench_press, shoulder_press",False,bodyweight,70,88,95,65
ca52789d-dd40-443d-af6e-bf0dccae9c20,Smith Seated Wrist Curl,wrist_curl,Wrist Curl,"reverse_curl, bicep_curl",False,smith_machine,72,70,25,80
ca5e102f-42d6-4f6d-babb-67800a05847b,Ring Leg Curl,leg_curl,Leg Curl,"romanian_deadlift, hip_thrust, leg_extension",False,bodyweight,70,88,95,65
ca73898b-7e41-4198-9774-b8273f7bedd9,Inverted Row Under Table,inverted_row,Inverted Row,"lat_pulldown, face_pull, bicep_curl, rear_delt_fly",False,bodyweight,70,88,95,65
ca7adfec-c932-430b-8eed-1d2d38de6e22,Seated Under Knee Clap On A Chair,general_movement,Seated Under Knee Clap On A Chair,,False,bodyweight,70,88,95,65
ca7b261a-927a-4ddb-94ae-ccda74e45188,Bear Sit Kickout,general_movement,Bear Sit Kickout,,False,bodyweight,70,88,95,65
ca854624-4c75-4b0b-b456-e1b37ed11382,Front Slam (Bodyweight),general_movement,Front Slam,,False,bodyweight,70,88,95,65
ca8817e8-2fcd-4272-a852-30e8fe4685bf,Walking Knee Raise Sky Reach On Spot (front Pov) (,leg_raise,Leg Raise,"crunch, plank, reverse_crunch",False,bodyweight,70,88,95,65
ca89792d-5e83-46df-81d9-7bed129b8399,Lying Hands On Side Upper Body Raise,raise,Raise,"lateral_raise, front_raise",False,bodyweight,70,88,95,65
ca93896d-2ef0-4d1f-a3e4-8acd1456f045,Banded Wall Sit (Dumbbell),general_movement,Banded Wall Sit,,False,dumbbell,92,90,92,90
ca977ae9-744a-462c-bb33-409c1b5d9918,Assisted Bulgarian Split Squat,split_squat,Split Squat,"leg_press, leg_extension, lunge, leg_curl",False,bodyweight,70,88,95,65
ca9d97de-c919-4adc-a04a-52ec82fb1d5f,Push Up (Resistance Band),push_up,Push Up,"bench_press, fly, dip, tricep_extension",False,band,60,85,90,50
ca9d9bb4-c7b1-40fb-b253-e2e2ce6f71b5,Atlas Swing (Kettlebell),kettlebell_swing,Kettlebell Swing,"hip_thrust, deadlift, clean",False,kettlebell,75,85,85,78
caaf665c-54e0-416c-8dd1-979a08d8a458,Spin (Dumbbell),general_movement,Spin,,False,dumbbell,92,90,92,90
cab871ce-86e5-4b71-9b7c-6068d21350b3,Power Sled Push,general_movement,Power Sled Push,,False,bodyweight,70,88,95,65
cac6249c-704f-42bc-8880-d8efece6c204,Low Split Squat (Bodyweight),split_squat,Split Squat,"leg_press, leg_extension, lunge, leg_curl",False,bodyweight,70,88,95,65
cad36438-41c6-406f-bafc-8137fff2ddf5,One Arm Snatch (Dumbbell),snatch,Snatch,"clean, overhead_squat, deadlift",False,dumbbell,92,90,92,90
cae3615c-9fbc-4213-908b-95a7abc91de5,Overhead Knee Raise,leg_raise,Leg Raise,"crunch, plank, reverse_crunch",False,bodyweight,70,88,95,65
caec4a70-0d6c-4676-9144-498ae622f48a,Lying Hammer Press (Dumbbell),press,Press,"bench_press, shoulder_press",False,dumbbell,92,90,92,90
caf7d63e-2f7a-43a5-9512-c6e9595c7952,Weighted Sandbag Military Press,shoulder_press,Shoulder Press,"lateral_raise, front_raise, tricep_extension",False,bodyweight,70,88,95,65
cb00b6a8-34a8-4fca-bca3-d9c57c0b4eab,Overhead Side Bend (Band),general_movement,Overhead Side Bend,,False,band,60,85,90,50
cb069c9d-37f0-4320-9e27-b472b73218da,Jump Twist,general_movement,Jump Twist,,False,bodyweight,70,88,95,65
cb0d75c7-35c1-4db3-a02d-1ad200762150,Landmine Single Arm Press,press,Press,"bench_press, shoulder_press",False,bodyweight,70,88,95,65
cb0e500e-24ee-4b78-ba69-da000c52d8d8,Neck Up Down Left Right,general_movement,Neck Up Down Left Right,,False,bodyweight,70,88,95,65
cb1b51c6-ebab-4c9c-92d3-90f3a3da34ac,Lever Seated Fly,fly,Chest Fly,"bench_press, incline_fly, push_up",False,machine,80,75,20,88
cb26f6fc-4804-4606-8542-3dd2ab57d032,Sitting Overhead Stretch On A Chair,general_stretch,Stretch,,False,bodyweight,70,88,95,65
cb303db9-e8c3-48c3-b33e-6793718e95b8,Seated Palms Up Wrist Curl (Dumbbell),general_movement,Seated Palms Up Wrist Curl,,False,dumbbell,92,90,92,90
cb38d2e1-a554-4576-aca5-427f2efa92eb,Standing Arm Crossover And Elbow Pullback,back_exercise,Back Exercise,"bent_over_row, lat_pulldown",False,bodyweight,70,88,95,65
cb4f5d89-945c-4aa7-aad2-60fc2bad4ab9,Lying Elbow Swipes,general_movement,Lying Elbow Swipes,,False,bodyweight,70,88,95,65
cb66e30c-06f6-466a-aadc-2f8413d3f6ae,Ed Back Underhand Pulldown (Band),lat_pulldown,Lat Pulldown,"pull_up, bent_over_row, bicep_curl, face_pull",False,band,60,85,90,50
cb694677-21d3-4305-bee0-ade004914010,Countermovement Jump Arms On Hip,arm_exercise,Arm Exercise,"bicep_curl, tricep_extension",False,bodyweight,70,88,95,65
cb6abb35-8b3c-48f6-8e0d-fe3c817eab39,Weighted Standing Curl,curl,Curl,"bicep_curl, hammer_curl",False,bodyweight,70,88,95,65
cb795354-a271-4692-865d-c810b69e6e62,Sitting Windmill On Chair,general_movement,Sitting Windmill On Chair,,False,bodyweight,70,88,95,65
cb800781-5a17-457d-987f-a7a06664c600,Low Fly (Band),fly,Chest Fly,"bench_press, incline_fly, push_up",False,band,60,85,90,50
cb828ba9-72b9-40ce-9429-62c01dcfe4ab,Hero Pose Virasana,general_stretch,Stretch,,False,bodyweight,70,88,95,65
cb8e918d-7cb7-484d-a47e-6e0c7ac58d7f,Incline Press On Exercise Ball (Dumbbell),press,Press,"bench_press, shoulder_press",False,dumbbell,92,90,92,90
cb8ec990-decf-4f30-88d9-93be53dfb9e4,Knee Stand Kick Side Bend,general_movement,Knee Stand Kick Side Bend,,False,bodyweight,70,88,95,65
cb91c5cc-54ad-445f-b9c1-7f976ef65f27,Reverse Grip Incline Bench Press (Barbell),incline_bench_press,Incline Bench Press,"bench_press, incline_fly, shoulder_press",True,barbell,95,80,65,95
cb942842-d0ee-4d15-949d-5122169f2243,Standard Biceps Curl (Band),bicep_curl,Bicep Curl,"hammer_curl, preacher_curl, tricep_extension",False,band,60,85,90,50
cb96d5aa-bb92-4c13-ab71-047b239b777f,Revers Grip Biceps Curl (Dumbbell),bicep_curl,Bicep Curl,"hammer_curl, preacher_curl, tricep_extension",True,dumbbell,92,90,92,90
cb997310-509f-4c1c-afda-5ce89a5edf93,Lying Frog Push,general_movement,Lying Frog Push,,False,bodyweight,70,88,95,65
cb9a2add-3cab-476b-99bd-b2a64721f735,Arm Double Crossover,arm_exercise,Arm Exercise,"bicep_curl, tricep_extension",False,bodyweight,70,88,95,65
cbab3c3e-d39f-48a9-8887-e5f0340905ad,Reverse Crunch (Resistance Band),reverse_crunch,Reverse Crunch,"leg_raise, plank, russian_twist",False,band,60,85,90,50
cbac6e98-05bb-4f33-9826-eb78b6dfbf3e,Seated Curl To Shoulders Press On Chair,press,Press,"bench_press, shoulder_press",False,bodyweight,70,88,95,65
cbbbca4e-c0b1-4a8f-92cf-01aa8c101aed,Triceps Neutral Grip Kickback (Band),tricep_kickback,Tricep Kickback,"tricep_extension, tricep_pushdown, dip",False,band,60,85,90,50
cbbec74b-4eab-4eaf-870e-07581d6257ab,Kneeling Triceps Extension (Cable),tricep_extension,Tricep Extension,"tricep_pushdown, skull_crusher, dip, bicep_curl",False,cable,85,88,30,92
cbc26964-035a-40c4-80c2-b94e68a4532c,One Arm Reverse Fly (Cable),rear_delt_fly,Rear Delt Fly,"face_pull, lateral_raise, bent_over_row",False,cable,85,88,30,92
cbc602ea-e938-44e6-bc39-07fb85783ca7,Straight Legs Sit Up Toe Tap,crunch,Crunch,"leg_raise, plank, russian_twist",True,bodyweight,70,88,95,65
cbf2e856-f98c-4147-aa47-b6cb98628531,Standing Back Wrist Curl (Barbell),back_exercise,Back Exercise,"bent_over_row, lat_pulldown",False,barbell,95,80,65,95
cc0a1742-0067-4325-9d17-d6cd456a2168,Pistol Squat (Kettlebell),pistol_squat,Pistol Squat,"leg_press, leg_extension, lunge, leg_curl",False,kettlebell,75,85,85,78
cc150c96-7a79-46d6-98bf-ffb6da4e115f,Standing Double Opposite Vertical Open And Double,general_movement,Standing Double Opposite Vertical Open And Double,,False,bodyweight,70,88,95,65
cc22d74b-e8fd-4d52-8fc2-7f30229e7876,Narrow Grip High Row (Band),bent_over_row,Bent Over Row,"lat_pulldown, face_pull, bicep_curl, rear_delt_fly",False,band,60,85,90,50
cc25ff7f-5585-4e8b-8df9-0c7445a74b74,Kneeling Knuckle Push Up,push_up,Push Up,"bench_press, fly, dip, tricep_extension",True,bodyweight,70,88,95,65
cc2b85b1-5c1a-4720-95be-eeec79768ac2,Standing Lateral Raise (bent Arms),lateral_raise,Lateral Raise,"shoulder_press, front_raise, rear_delt_fly",False,bodyweight,70,88,95,65
cc341ee0-7cf3-4b84-81e5-9b0615eb3024,Prone Triceps Kickback (Dumbbell),tricep_kickback,Tricep Kickback,"tricep_extension, tricep_pushdown, dip",False,dumbbell,92,90,92,90
cc35a445-8f2c-46b4-8623-c25858ef4f7b,Bottle Weighted Two Arms Kickback,back_exercise,Back Exercise,"bent_over_row, lat_pulldown",False,bodyweight,70,88,95,65
cc3da17f-4fd8-4763-8ebb-e90616047684,Sled 45 Degrees Narrow Stance Leg Press,bent_over_row,Bent Over Row,"lat_pulldown, face_pull, bicep_curl, rear_delt_fly",False,bodyweight,70,88,95,65
cc3e72c4-d71b-48fa-8088-8820840718cc,Good Morning Row (Bodyweight),bent_over_row,Bent Over Row,"lat_pulldown, face_pull, bicep_curl, rear_delt_fly",False,bodyweight,70,88,95,65
cc5be970-0111-4898-8b01-613d85cc09b5,Incline Leg Hip Raise (leg Straight),raise,Raise,"lateral_raise, front_raise",False,bodyweight,70,88,95,65
cc6ddfc9-7382-449a-9090-1ec013b4db84,Sitting Prayer Chest Squeeze On A Chair,chest_exercise,Chest Exercise,"bench_press, fly",False,bodyweight,70,88,95,65
cc6fecf0-7bd2-467f-bbaa-e01adb0ec10a,Bent Knee Lying Twist,general_movement,Bent Knee Lying Twist,,False,bodyweight,70,88,95,65
cc84703b-06ac-4b29-a25f-d9acd039098a,Suspender Y Lateral Raise,lateral_raise,Lateral Raise,"shoulder_press, front_raise, rear_delt_fly",False,bodyweight,70,88,95,65
cc85544e-3f35-458f-b4f5-21b38e06c5ff,Smith Upright Row,upright_row,Upright Row,"lateral_raise, shrug, shoulder_press",False,smith_machine,72,70,25,80
cc887ec3-6d53-43b8-b870-d2a5630e9ab0,Single Leg Squat (Dumbbell),squat,Squat,"leg_press, leg_extension, lunge, leg_curl",False,dumbbell,92,90,92,90
cc949ec9-cf37-4017-9433-96b30626b2c2,Smith Single Leg Split Squat,split_squat,Split Squat,"leg_press, leg_extension, lunge, leg_curl",False,smith_machine,72,70,25,80
cc9be9d5-e79a-4f34-8592-671f7f8ce160,Seated Revers Grip Concentration Curl (Dumbbell),concentration_curl,Concentration Curl,"bicep_curl, preacher_curl, hammer_curl",True,dumbbell,92,90,92,90
cc9df54f-a81b-4e20-8134-7c45906a7302,Roll Foot,general_movement,Roll Foot,,False,bodyweight,70,88,95,65
ccac54fa-7ad2-475b-a7a6-174cdf7819df,Standing One Side Side Crunch And Raise,oblique_crunch,Oblique Crunch,"leg_raise, plank, russian_twist",False,bodyweight,70,88,95,65
ccbe0b56-beae-4101-b2d1-7f7ff8446191,Kneeling Single Slow Kickback,back_exercise,Back Exercise,"bent_over_row, lat_pulldown",False,bodyweight,70,88,95,65
ccc18ffc-69f5-4e98-8e20-08296834b549,Weight Shift Side Punch,general_movement,Weight Shift Side Punch,,False,bodyweight,70,88,95,65
cccc4b51-4d0f-452f-b9c0-5ee8f001fd4d,Standing Knee Raise,leg_raise,Leg Raise,"crunch, plank, reverse_crunch",False,bodyweight,70,88,95,65
cccebb43-8ad5-4b83-a2e1-7391f0d079fd,Seated Figure 4 Stretch,general_stretch,Stretch,,False,bodyweight,70,88,95,65
ccd263e8-162d-4f3b-969a-35bd9adcaa83,Low Windmill (Dumbbell),general_movement,Low Windmill,,False,dumbbell,92,90,92,90
ccda5a3a-b03e-42f5-9f32-7ddc78e69993,Standing Single Leg Concentration Calf Raise,calf_raise,Calf Raise,leg_press,False,bodyweight,70,88,95,65
cce40fbe-9f7a-405c-bf1a-4a5900ff94fa,Standing Up Straight Crossovers (Cable),core_exercise,Core Exercise,"crunch, plank",False,cable,85,88,30,92
ccfbbf46-f531-4812-b53b-5aba3040639d,Front And Side Knee Drive,general_movement,Front And Side Knee Drive,,False,bodyweight,70,88,95,65
cd077124-bda5-4667-9dfc-626961c0b01b,Glute Bridge Abduction Against Wall,glute_bridge,Glute Bridge,"hip_thrust, romanian_deadlift, leg_curl",False,bodyweight,70,88,95,65
cd0a14e5-3033-4a20-93a5-e954c578d9d4,Power Clean,power_clean,Power Clean,"deadlift, front_squat, snatch, shrug",False,bodyweight,70,88,95,65
cd16a86c-aba1-4538-9506-aa1abe55820c,Jump Lunge To Feet Jack,lunge_jump,Lunge Jump,"split_squat, step_up, squat, leg_press",False,bodyweight,70,88,95,65
cd176a26-b896-4281-9424-c4e4016cc919,Standing Elbow Raise And Squeeze,raise,Raise,"lateral_raise, front_raise",False,bodyweight,70,88,95,65
cd19d618-74f0-4fc1-8e90-c4b08474e540,Elbow Lift To Prayer Push,general_movement,Elbow Lift To Prayer Push,,False,bodyweight,70,88,95,65
cd1fcf4d-6f5a-4683-b515-703705464e23,Marching On Spot Press,press,Press,"bench_press, shoulder_press",False,bodyweight,70,88,95,65
cd29377d-431d-449a-8606-53e45e59eb8c,Child Pose Cat Cow,general_stretch,Stretch,,False,bodyweight,70,88,95,65
cd2b02ac-4aa4-4c19-85ff-4c32e15b7dde,One Arm Floor Fly (Dumbbell),fly,Chest Fly,"bench_press, incline_fly, push_up",True,dumbbell,92,90,92,90
cd2ba109-65d3-45c9-98a1-b6429952208c,Single Straight Leg Glute Bridge Hold (left),glute_bridge,Glute Bridge,"hip_thrust, romanian_deadlift, leg_curl",False,bodyweight,70,88,95,65
cd389f15-4a30-4349-a6e8-ce7f6e79bd9c,Rear Deltoid Stretch,general_stretch,Stretch,,False,bodyweight,70,88,95,65
cd58ece0-e1ab-4762-a4a7-95e164f0b4f0,Half Kneeling Glute Stretch,general_stretch,Stretch,,False,bodyweight,70,88,95,65
cd5a8cf8-0286-45e4-98ec-a1702b4c33c7,Scissors,general_movement,Scissors,,False,bodyweight,70,88,95,65
cd5c078e-76ff-4b2f-868d-10987eb92ea0,Crawl Switch,general_movement,Crawl Switch,,False,bodyweight,70,88,95,65
cd6726b8-fb2f-44a9-9be6-a3d0551fb31f,Half Kneeling Torso Twist,general_movement,Half Kneeling Torso Twist,,False,bodyweight,70,88,95,65
cd6bb2c3-926c-4a1e-a1f2-ad023b22ed86,Long Plank Against Wall,plank,Plank,"crunch, leg_raise, russian_twist",True,bodyweight,70,88,95,65
cd73d9fb-bbc1-40cd-9e68-8661fb19a4f0,Sitting String Pull On A Chair,general_movement,Sitting String Pull On A Chair,,False,bodyweight,70,88,95,65
cd859041-e755-43ab-afd0-6e65b715b7fa,Lever Pendulum Squat (plate Loaded),squat,Squat,"leg_press, leg_extension, lunge, leg_curl",False,machine,80,75,20,88
cd8fa76f-21fc-46df-bbc0-0c0551438541,Smith Close Grip Bench Press,close_grip_bench_press,Close Grip Bench Press,"bench_press, tricep_extension, dip",False,smith_machine,72,70,25,80
cd90023f-4ef5-42b8-8514-33f17fe75bae,Stick Sitting Side To Side Bend,general_movement,Stick Sitting Side To Side Bend,,False,bodyweight,70,88,95,65
cda090dc-b863-4b11-9eb7-bf5b35ee074c,Medicine Ball Overhead Slam,general_movement,Medicine Ball Overhead Slam,,False,bodyweight,70,88,95,65
cdba06a3-1d96-41d6-8d65-819e348e9530,Side Lunge Stretch,general_stretch,Stretch,,False,bodyweight,70,88,95,65
cdbc97e0-0a98-4a51-b183-afbf07038d20,Feet And Ankles Stretch,general_stretch,Stretch,,False,bodyweight,70,88,95,65
cdc60e78-60e0-4e5f-8ab7-4abdbc09f58d,Half Squat (Bodyweight),squat,Squat,"leg_press, leg_extension, lunge, leg_curl",False,bodyweight,70,88,95,65
cdcd861b-5686-4f4e-b5bc-b2a9f2f3c05d,Alternate Leg Raise,leg_raise,Leg Raise,"crunch, plank, reverse_crunch",False,bodyweight,70,88,95,65
cde05747-6cd1-4d6b-816d-b18e05a9fdfb,Roll Ball Lower Back,back_exercise,Back Exercise,"bent_over_row, lat_pulldown",False,bodyweight,70,88,95,65
cdf361e0-452b-43d2-bde2-382757502b0e,Smith Bent Over Row,bent_over_row,Bent Over Row,"lat_pulldown, face_pull, bicep_curl, rear_delt_fly",False,smith_machine,72,70,25,80
cdf3c5da-542e-44f5-9536-0c9848c7b992,Head To Knee Janu Sirsasana Yoga Pose,general_stretch,Stretch,,False,bodyweight,70,88,95,65
cdfa34cd-c45f-4e93-a30e-337097ca6b66,Thruster (Kettlebell),thruster,Thruster,"front_squat, shoulder_press, clean",False,kettlebell,75,85,85,78
ce056915-2ced-43cc-af59-f5c16a6a8349,Diamond Push Up (on Knees),diamond_push_up,Diamond Push Up,"bench_press, fly, dip, tricep_extension",False,bodyweight,70,88,95,65
ce1818e3-8b1a-496b-b626-31c85b268ac9,Criss Cross Arms Prayer Push,arm_exercise,Arm Exercise,"bicep_curl, tricep_extension",False,bodyweight,70,88,95,65
ce2cafc8-caec-4b12-9f69-aa9bf77fdfbc,Sitting Lotus Dynamic Side Stretch,general_stretch,Stretch,,False,bodyweight,70,88,95,65
ce2ea809-af4f-4dd3-8b33-9601785aa6dd,Bent Over Face Pull (Dumbbell),face_pull,Face Pull,"rear_delt_fly, lateral_raise, bent_over_row",False,dumbbell,92,90,92,90
ce318061-e7f5-4df8-9e0c-0e4b4d350a80,Suspender Twist Side,general_movement,Suspender Twist Side,,False,bodyweight,70,88,95,65
ce4f6c7f-051c-49c1-9887-506bb9b2e2f6,Elbow Push Up,push_up,Push Up,"bench_press, fly, dip, tricep_extension",True,bodyweight,70,88,95,65
ce57dfb7-8ef2-4866-8af1-b0663237d462,Flexion Leg Sit Up (straight Arm),crunch,Crunch,"leg_raise, plank, russian_twist",True,bodyweight,70,88,95,65
ce60fbae-88e8-487e-8dd2-bca647c053f8,Elevanted Pike Push Up From Deficit With Parallett,push_up,Push Up,"bench_press, fly, dip, tricep_extension",True,bodyweight,70,88,95,65
ce804363-6e31-475b-8c79-1c7e92d48bd2,Suspender Reverse Fly Wake Up,rear_delt_fly,Rear Delt Fly,"face_pull, lateral_raise, bent_over_row",False,bodyweight,70,88,95,65
ce80a6ae-979d-495d-ab03-d795e934a882,Horizontal Pallof Press (Cable),press,Press,"bench_press, shoulder_press",False,cable,85,88,30,92
ce82345a-9dca-4daf-82fe-7550ae62b25e,Neutral Grip Wide Pulldown (Cable),lat_pulldown,Lat Pulldown,"pull_up, bent_over_row, bicep_curl, face_pull",True,cable,85,88,30,92
ce82aca8-12c8-4292-a63c-87bf741e1433,Lever Seated Leg Raise Crunch (plate Loaded),crunch,Crunch,"leg_raise, plank, russian_twist",False,machine,80,75,20,88
ce87a4c0-be46-476f-88eb-fda98872823f,Trap Bar Deadlift From Deficit,trap_bar_deadlift,Trap Bar Deadlift,"romanian_deadlift, bent_over_row, hip_thrust, squat",False,bodyweight,70,88,95,65
ce962037-eb99-4e7f-880c-4fd92cea6583,Crunch (straight Leg Up),crunch,Crunch,"leg_raise, plank, russian_twist",True,bodyweight,70,88,95,65
ce9ed727-a3fc-4a66-854d-f5a5665bf497,Sideway Leg Lift With A Chair,leg_exercise,Leg Exercise,"squat, leg_press",False,bodyweight,70,88,95,65
cea1a572-4c26-41ce-ba64-5d49c37c7cbe,Standing Arm Rotation,arm_exercise,Arm Exercise,"bicep_curl, tricep_extension",False,bodyweight,70,88,95,65
cea598b3-46bd-4c27-8cf2-d583b6a45388,Roll Chest Lying On Floor,chest_exercise,Chest Exercise,"bench_press, fly",False,bodyweight,70,88,95,65
cec331ef-1ca9-4225-95c1-f4fe947b907c,Paused Bent Over Row (Barbell),bent_over_row,Bent Over Row,"lat_pulldown, face_pull, bicep_curl, rear_delt_fly",True,barbell,95,80,65,95
cec84a8e-1ff7-46b5-b40c-426495d52c92,Diagonal Pick And Carry (woodchop),woodchop,Woodchop,"russian_twist, oblique_crunch, plank",False,bodyweight,70,88,95,65
cec8fe85-722c-4703-9796-6ed84b2f1bb6,Decline Sit Up (Band),crunch,Crunch,"leg_raise, plank, russian_twist",False,band,60,85,90,50
cedfa19a-9ecd-49c5-9e9d-175cc0462819,Single Leg Split Squat With Low Box (Kettlebell),split_squat,Split Squat,"leg_press, leg_extension, lunge, leg_curl",False,kettlebell,75,85,85,78
cef54ccc-38bc-45ec-8e46-febac8017fcb,Lying Rectus Abdominis Activation Crunch,crunch,Crunch,"leg_raise, plank, russian_twist",True,bodyweight,70,88,95,65
cefce744-8e9b-48ce-84b9-500663001e66,Incline Twisted Fly (Dumbbell),incline_fly,Incline Fly,"fly, incline_bench_press",False,dumbbell,92,90,92,90
cf041685-ddb0-4351-82e8-ac25f3c5de72,Lying Legs Extension Toes Flexion,extension,Extension,"tricep_extension, leg_extension",False,bodyweight,70,88,95,65
cf06c3aa-52dd-481b-a58a-f70d08e37638,Sumo Squat,sumo_squat,Sumo Squat,"leg_press, leg_extension, lunge, leg_curl",False,bodyweight,70,88,95,65
cf1529c6-5f11-461a-8e95-f23c7028ed98,Elevated Lunge T Spine Rotation,lunge,Lunge,"split_squat, step_up, squat, leg_press",False,bodyweight,70,88,95,65
cf1b1335-03dd-429f-ad2f-682100e0c803,Hopping Pendulum,general_movement,Hopping Pendulum,,False,bodyweight,70,88,95,65
cf247692-051f-484f-ba0e-11aef84d1b52,Jump Step Up,step_up,Step Up,"lunge, split_squat, squat",False,bodyweight,70,88,95,65
cf2a5e4a-31f7-44eb-81b9-15600593a5b0,Standing Straight Arm Chest High Fly (Bodyweight),fly,Chest Fly,"bench_press, incline_fly, push_up",False,bodyweight,70,88,95,65
cf36de81-44bb-4342-8da6-e691d9cf5dd3,EZ (Barbell) Standing Wide Grip Biceps Curl,bicep_curl,Bicep Curl,"hammer_curl, preacher_curl, tricep_extension",False,barbell,95,80,65,95
cf37dd33-9d18-4195-9778-8267aaa9894b,Overhead Triceps Stretch,tricep_stretch,Tricep Stretch,,False,bodyweight,70,88,95,65
cf380536-826b-4d70-ace5-39e8d819f4b1,Alternating Side Lunge And Kick,lateral_lunge,Lateral Lunge,"split_squat, step_up, squat, leg_press",False,bodyweight,70,88,95,65
cf387547-5f02-44db-8b97-40cf9633df12,Lying Glute Stretch,general_stretch,Stretch,,False,bodyweight,70,88,95,65
cf44079c-c44f-4a52-b27f-c812658ca978,Bottle Weighted Kickback,back_exercise,Back Exercise,"bent_over_row, lat_pulldown",False,bodyweight,70,88,95,65
cf6b4202-9a7d-4b08-b56b-1359216e8a20,Shoulder Internal Rotation Test,shoulder_exercise,Shoulder Exercise,"shoulder_press, lateral_raise",False,bodyweight,70,88,95,65
cf719985-33e0-4f94-8d84-5c0c34449c8a,Butt Up,general_movement,Butt Up,,False,bodyweight,70,88,95,65
cf72c14b-5c7c-4a36-af20-ce02067c78fc,Glute Bridge Alternating Tip Toe,glute_bridge,Glute Bridge,"hip_thrust, romanian_deadlift, leg_curl",False,bodyweight,70,88,95,65
cf7678ad-4689-4c8c-b570-0201ebe9393e,Seated Single Leg Hugging Knee Flexion With Towel,leg_exercise,Leg Exercise,"squat, leg_press",False,bodyweight,70,88,95,65
cf8354ad-ee52-4683-bd56-9cdcc3b99026,Adductors Stretch Sagittal Plane,general_stretch,Stretch,,False,bodyweight,70,88,95,65
cf8462b6-4755-4940-873a-5c966aca7e1f,Lateral Raise Side Step,lateral_raise,Lateral Raise,"shoulder_press, front_raise, rear_delt_fly",False,bodyweight,70,88,95,65
cf89e2c3-3b23-4952-aec1-ac47e96fa910,Standing Scissors Crunch,crunch,Crunch,"leg_raise, plank, russian_twist",True,bodyweight,70,88,95,65
cf954c33-98e6-4f7b-b171-85a90751f243,Forward Raise (Cable),raise,Raise,"lateral_raise, front_raise",False,cable,85,88,30,92
cf97697d-57e4-4b1d-89e7-47d33db2abec,Side Twist,general_movement,Side Twist,,False,bodyweight,70,88,95,65
cfa7e500-5a22-42f2-91eb-4ef9332384d5,Standing Russian Twist,russian_twist,Russian Twist,"oblique_crunch, woodchop, side_plank",False,bodyweight,70,88,95,65
cfa7f18e-490a-4ad7-96e3-f012ace03124,Stick Sitting Side To Side Bend Along The Wall,general_movement,Stick Sitting Side To Side Bend Along The Wall,,False,bodyweight,70,88,95,65
cfbcf9a0-26cd-4a67-9f94-9b03122c3b3d,Standing Top Clap Back Clap,back_exercise,Back Exercise,"bent_over_row, lat_pulldown",False,bodyweight,70,88,95,65
cfc358c2-71b0-41a5-86e1-e742d3bed9ba,High Curl (Dumbbell),bicep_curl,Bicep Curl,"hammer_curl, preacher_curl, tricep_extension",True,dumbbell,92,90,92,90
cfc63ba8-0056-4121-b83b-45b1de060235,EZ (Barbell) Strict Curl,bicep_curl,Bicep Curl,"hammer_curl, preacher_curl, tricep_extension",False,barbell,95,80,65,95
cfd05dc8-ff7a-4496-9ddc-49ef831f23d7,Hang Snatch Below The Knees (Barbell),snatch,Snatch,"clean, overhead_squat, deadlift",False,barbell,95,80,65,95
cfdfbfda-4f1f-4d07-b3b2-a560ecdb744c,Upright Row (Kettlebell),upright_row,Upright Row,"lateral_raise, shrug, shoulder_press",False,kettlebell,75,85,85,78
cfec1236-d579-424b-947d-e948742065d9,Incline Shoulders Press (inside Squat Cage (Barbell),squat,Squat,"leg_press, leg_extension, lunge, leg_curl",True,barbell,95,80,65,95
cfef7986-b737-4247-9271-be018be127f7,Sumo Quarter Squat Tip Toe With Arms Curl,bicep_curl,Bicep Curl,"hammer_curl, preacher_curl, tricep_extension",False,bodyweight,70,88,95,65
cffd5fc5-6994-478e-87d6-35520b7c1126,Criss Cross Leg Raises,leg_raise,Leg Raise,"crunch, plank, reverse_crunch",False,bodyweight,70,88,95,65
cfff7bc4-ed56-4b80-a865-44dc7cb124f1,Standing Side Bend Stretch,general_stretch,Stretch,,False,bodyweight,70,88,95,65
d0031ed4-1283-40ae-ae5d-c050ef49499b,Shuffle Step With Squat And Jump,squat_jump,Squat Jump,"squat, lunge_jump, box_jump",False,bodyweight,70,88,95,65
d0081e21-f5c8-499b-9e0b-d9e689f59552,Kneeling Rotation Torso Rear Fly To Thread Through,fly,Chest Fly,"bench_press, incline_fly, push_up",False,bodyweight,70,88,95,65
d00c9e31-38b6-4ba9-b028-0b9ad71adef9,Hip Twist Supported Arms,arm_exercise,Arm Exercise,"bicep_curl, tricep_extension",False,bodyweight,70,88,95,65
d0114a42-6f8a-4aed-be36-efdef60b3a2d,Side Plank Twist,side_plank,Side Plank,"crunch, leg_raise, russian_twist",False,bodyweight,70,88,95,65
d0168527-9ab6-4256-9e34-56fbd7a73d73,Single Arms Pullover (Dumbbell),pullover,Pullover,"lat_pulldown, straight_arm_pulldown, fly",False,dumbbell,92,90,92,90
d01872c7-05b7-4b28-bdcb-d5f0f4012c54,Incline Biceps Curl (Kettlebell),incline_curl,Incline Curl,"bicep_curl, preacher_curl, hammer_curl",False,kettlebell,75,85,85,78
d0212161-52d0-473a-b691-845148435783,Sled Side Leg Press,leg_press,Leg Press,"squat, leg_extension, leg_curl, hack_squat",False,bodyweight,70,88,95,65
d05478d0-931f-4f08-ae69-c9f96b485f7b,Incline Curl (Dumbbell),incline_curl,Incline Curl,"bicep_curl, preacher_curl, hammer_curl",False,dumbbell,92,90,92,90
d0669794-a2ca-4590-a2ae-041a11c3a4ce,Double Knee Elbow Pull Up,pull_up,Pull Up,"lat_pulldown, bent_over_row, bicep_curl",True,bodyweight,70,88,95,65
d067e07a-0730-447a-82fe-fda8d84626b8,Standing Elbow Crossover Raise,raise,Raise,"lateral_raise, front_raise",False,bodyweight,70,88,95,65
d07eb091-b2fc-41cb-b297-c41d401e991c,Twisting Overhead Press (Cable),shoulder_press,Shoulder Press,"lateral_raise, front_raise, tricep_extension",False,cable,85,88,30,92
d080226f-5918-4f80-bc1b-678c2bdaa830,Floor Crunch Feet On Bench,crunch,Crunch,"leg_raise, plank, russian_twist",True,bodyweight,70,88,95,65
d0806079-cd5d-426c-8c69-0db1fd3e44ec,Single Arm Preacher Curl (Dumbbell),preacher_curl,Preacher Curl,"bicep_curl, hammer_curl, concentration_curl",False,dumbbell,92,90,92,90
d08dd17b-e6b6-451e-94f4-26dd0a5b9d74,Lying Reverse Frog Crunch,reverse_crunch,Reverse Crunch,"leg_raise, plank, russian_twist",False,bodyweight,70,88,95,65
d0903bff-a3ed-4e83-846b-c5c13e9c3a90,Incline Alternative Fly (Dumbbell),incline_fly,Incline Fly,"fly, incline_bench_press",False,dumbbell,92,90,92,90
d0acd1ae-94a7-43e2-893c-b6a016957c0b,Svend Press March,press,Press,"bench_press, shoulder_press",False,bodyweight,70,88,95,65
d0b9fae5-489a-4f8e-9b5b-b4784246b6e0,Seated Kickback (Dumbbell),back_exercise,Back Exercise,"bent_over_row, lat_pulldown",False,dumbbell,92,90,92,90
d0bf5e49-f738-47cf-87f6-ee913c3e7ed7,Standing Side To Cross Crunch,oblique_crunch,Oblique Crunch,"leg_raise, plank, russian_twist",False,bodyweight,70,88,95,65
d0c10498-7c23-4fda-a7c8-e8880c76c4a1,Straight Leg Deadlift (Barbell),stiff_leg_deadlift,Stiff Leg Deadlift,"romanian_deadlift, bent_over_row, hip_thrust, squat",False,barbell,95,80,65,95
d0c3512c-fd24-45f1-be91-11465ccc0e27,Standing Bent Knee Calf Raise With A Chair Support,calf_raise,Calf Raise,leg_press,False,bodyweight,70,88,95,65
d0dd640a-420a-472a-81d6-66bf8b1d4ffe,Standing One Arm Curl Over Incline Bench (Dumbbell),incline_curl,Incline Curl,"bicep_curl, preacher_curl, hammer_curl",False,dumbbell,92,90,92,90
d0e737d8-ace0-4bb3-8de1-a567ac9e9791,Calves Stretch,general_stretch,Stretch,,False,bodyweight,70,88,95,65
d0f98b1e-e134-4134-996f-71d8eafcfe99,Russian Twist With Legs Floor Off (versio (Dumbbell),russian_twist,Russian Twist,"oblique_crunch, woodchop, side_plank",False,dumbbell,92,90,92,90
d1076655-3406-446a-91a5-6cd49483e5f5,Glute Bridge Roll,glute_bridge,Glute Bridge,"hip_thrust, romanian_deadlift, leg_curl",False,bodyweight,70,88,95,65
d11283b8-0882-43a8-92bd-7cd1da8c8420,Chest Fly Forearms,fly,Chest Fly,"bench_press, incline_fly, push_up",False,bodyweight,70,88,95,65
d1153236-4028-4498-b001-ee952bc351b0,Diagonal Reach On Chair,general_movement,Diagonal Reach On Chair,,False,bodyweight,70,88,95,65
d11e94b6-75d8-422f-ae1a-18c6211fb1f8,Pull In (on Stability Ball),core_exercise,Core Exercise,"crunch, plank",False,bodyweight,70,88,95,65
d1231188-2b96-4314-9924-3cf243d24e52,Standing Side Leg Raise Crunch,oblique_crunch,Oblique Crunch,"leg_raise, plank, russian_twist",False,bodyweight,70,88,95,65
d13f7dc4-3b56-48c6-a72c-63aad2c1c44b,Smith Chair Squat,squat,Squat,"leg_press, leg_extension, lunge, leg_curl",False,smith_machine,72,70,25,80
d14182ff-29fd-4129-aa50-ed5f788c5d2a,Sled 45 Degrees Deep Leg Press,leg_press,Leg Press,"squat, leg_extension, leg_curl, hack_squat",False,bodyweight,70,88,95,65
d15c977f-2b6f-4527-b299-cff251a96271,Plank March (Resistance Band),plank,Plank,"crunch, leg_raise, russian_twist",False,band,60,85,90,50
d165992b-563d-4aa2-94b8-741fa578926d,Banded Bench Press (Barbell),bench_press,Bench Press,"incline_bench_press, fly, tricep_pushdown, dip",True,barbell,95,80,65,95
d165fb7a-e900-4dc7-aca7-6cb2d749618e,Glute Bridge Hip Side Raise,lateral_raise,Lateral Raise,"shoulder_press, front_raise, rear_delt_fly",False,bodyweight,70,88,95,65
d16959b3-0836-433f-ab2d-6d695d3b9ed7,Kickback (Cable),back_exercise,Back Exercise,"bent_over_row, lat_pulldown",False,cable,85,88,30,92
d17cb836-4a42-46a8-bce5-396f65709126,Explosive Bench Press (Barbell),bench_press,Bench Press,"incline_bench_press, fly, tricep_pushdown, dip",True,barbell,95,80,65,95
d183b404-f451-4531-b9ff-10aa93f5e77a,Assisted Pull Up,pull_up,Pull Up,"lat_pulldown, bent_over_row, bicep_curl",True,bodyweight,70,88,95,65
d18cbbd4-ed71-4eb0-a57a-01ef193aa348,Sit Up Stand Up,crunch,Crunch,"leg_raise, plank, russian_twist",True,bodyweight,70,88,95,65
d18e84cc-584b-440c-8432-8ca342fc43cb,Lying Alternating Legs Extension,extension,Extension,"tricep_extension, leg_extension",False,bodyweight,70,88,95,65
d1a0816e-81c3-438e-aac1-249386dca701,Reverse Grip Straight Back Seated High Row (Cable),cable_row,Cable Row,"lat_pulldown, face_pull, bicep_curl, rear_delt_fly",True,cable,85,88,30,92
d1a7db4e-e700-401d-9c41-733be4f3d06d,Standing Leg Curl,leg_curl,Leg Curl,"romanian_deadlift, hip_thrust, leg_extension",False,bodyweight,70,88,95,65
d1b09240-6e87-4dbd-b99e-f81a28efaf7d,Half Frog Stretch,general_stretch,Stretch,,False,bodyweight,70,88,95,65
d1b13c99-a335-49dd-83df-203975d64028,Scapular Pull Up,pull_up,Pull Up,"lat_pulldown, bent_over_row, bicep_curl",True,bodyweight,70,88,95,65
d1c01807-427a-41ab-b239-682b183a15ae,Bound Angle Yoga Pose Baddha Konasana,general_stretch,Stretch,,False,bodyweight,70,88,95,65
d1d8f9c2-fcdb-4f08-b572-8b44df434234,Seated Single Leg Knee Flexion,leg_exercise,Leg Exercise,"squat, leg_press",False,bodyweight,70,88,95,65
d1ef839b-930e-40c7-a599-f4c9899dddf3,Single Leg Romanian Deadlift Leg Raise (Dumbbell),romanian_deadlift,Romanian Deadlift,"romanian_deadlift, bent_over_row, hip_thrust, squat",False,dumbbell,92,90,92,90
d1f25c52-bf68-40bc-9b91-193f1078022b,Sitting Hip Knee And Ankle Mobilization On A Stabi,hip_stretch,Hip Stretch,,False,bodyweight,70,88,95,65
d1f6506b-00cc-4884-b83e-b7766c26b3c5,Ring Handstand To L Sit,general_movement,Ring Handstand To L Sit,,False,bodyweight,70,88,95,65
d201217c-c6f5-4339-bd6e-cd59a584633d,Elbow Up And Down Dynamic Plank,plank,Plank,"crunch, leg_raise, russian_twist",True,bodyweight,70,88,95,65
d2143afe-53b0-4b50-af51-60095e26e68b,Elbow Touch To Outer Throw,bent_over_row,Bent Over Row,"lat_pulldown, face_pull, bicep_curl, rear_delt_fly",False,bodyweight,70,88,95,65
d2146d2d-361b-4522-8412-2fcb3d26faac,Alternate Knee Cross Over Against Wall,general_movement,Alternate Knee Cross Over Against Wall,,False,bodyweight,70,88,95,65
d2244073-e7f3-4683-8545-9f1dd63af862,Kneeling Back Kick (Resistance Band),back_exercise,Back Exercise,"bent_over_row, lat_pulldown",False,band,60,85,90,50
d22f8693-7036-4395-8ed5-48056856e32f,Wide Upright Row (Kettlebell),upright_row,Upright Row,"lateral_raise, shrug, shoulder_press",False,kettlebell,75,85,85,78
d23330ba-cfcb-4fe4-873b-cc423e88aad2,Chaturanga Pose,general_stretch,Stretch,,False,bodyweight,70,88,95,65
d239956e-35a2-429e-a526-1996809a0512,Chin Tuck Hold,general_movement,Chin Tuck Hold,,False,bodyweight,70,88,95,65
d23db21d-6958-40e1-99af-175c1f136d5e,Side Crunch (Cable),oblique_crunch,Oblique Crunch,"leg_raise, plank, russian_twist",False,cable,85,88,30,92
d2409941-4fc8-4f8c-a63c-56f4bf8e6dec,Stability Ball Rollout,core_exercise,Core Exercise,"crunch, plank",False,bodyweight,70,88,95,65
d240b3c8-b148-45ef-93d2-852de31113f3,EZ (Barbell) Spider Curl,spider_curl,Spider Curl,"bicep_curl, preacher_curl",False,barbell,95,80,65,95
d2696429-d436-486f-9546-4d05cad974b9,High Knee Squat,squat,Squat,"leg_press, leg_extension, lunge, leg_curl",False,bodyweight,70,88,95,65
d26ddc39-e706-45bb-9040-e0d90edf7d20,Lying Front Raise,front_raise,Front Raise,"shoulder_press, lateral_raise, incline_bench_press",False,bodyweight,70,88,95,65
d2707806-1ebd-4171-9a1a-ce1d8a466c33,Figure 8 (Kettlebell),general_movement,Figure 8,,False,kettlebell,75,85,85,78
d2799cb8-6188-4012-b327-cf157985098c,Inchworm To Cobra,general_movement,Inchworm To Cobra,,False,bodyweight,70,88,95,65
d285d4af-e90f-400a-a98d-651a93250515,Kneeling Thread The Needle,general_movement,Kneeling Thread The Needle,,False,bodyweight,70,88,95,65
d29235e2-be70-4bf1-9bae-f0a40c1be526,Walk Leg Kick,leg_exercise,Leg Exercise,"squat, leg_press",False,bodyweight,70,88,95,65
d2997cb7-6083-4afb-80a0-ad5f15dfa66a,Sprint,running,Running,,False,bodyweight,70,88,95,65
d2a113a5-2956-46d5-8e80-baef13df9415,Scissors Jump,general_movement,Scissors Jump,,False,bodyweight,70,88,95,65
d2a56a3a-f3a5-4110-8888-1f0741bc4b4e,Hanging Flutter Kick,general_movement,Hanging Flutter Kick,,False,bodyweight,70,88,95,65
d2a707ae-f935-401c-a330-45f021156240,Heel Elevated Squat (Bodyweight),squat,Squat,"leg_press, leg_extension, lunge, leg_curl",False,bodyweight,70,88,95,65
d2a93aaf-5cc1-47e8-b90d-3c47448f8661,Cat Cow Stretch,general_stretch,Stretch,,False,bodyweight,70,88,95,65
d2a9cb35-3415-44cd-8823-02ed080e02e7,Suspender Self Assisted Pull Up,pull_up,Pull Up,"lat_pulldown, bent_over_row, bicep_curl",True,bodyweight,70,88,95,65
d2ad5090-ca60-484c-bf96-6eb3e99da568,Standing Side Crunch,oblique_crunch,Oblique Crunch,"leg_raise, plank, russian_twist",False,bodyweight,70,88,95,65
d2ad53cd-b72d-4d40-a6b2-7b1e41149cad,Side Hip Abduction,hip_abduction,Hip Abduction,"hip_adduction, glute_kickback, hip_thrust",False,bodyweight,70,88,95,65
d2b38f62-a54b-47b2-bba4-347f495fd15a,Landmine Push Up,push_up,Push Up,"bench_press, fly, dip, tricep_extension",True,bodyweight,70,88,95,65
d2cb37cb-f154-4ce1-86f0-99b6e65a3da2,Wide Squat Hands Together (Bodyweight),squat,Squat,"leg_press, leg_extension, lunge, leg_curl",False,bodyweight,70,88,95,65
d2cc0ae6-3a43-4bc7-9180-6f9b0d409ea2,Single Leg Deadlift With Knee Lift,single_leg_deadlift,Single Leg Deadlift,"romanian_deadlift, bent_over_row, hip_thrust, squat",False,bodyweight,70,88,95,65
d2d073e7-6a0a-4637-a41b-c6b1115c485a,Lying Abduction Adduction,hip_abduction,Hip Abduction,"hip_adduction, glute_kickback, hip_thrust",False,bodyweight,70,88,95,65
d2dacef6-d384-41e2-ae69-781a9bcf0479,Standing Yin Yang Circles,general_movement,Standing Yin Yang Circles,,False,bodyweight,70,88,95,65
d2fd72a2-072c-4e90-9bf6-111668a7a120,Rear Delt Raise (Barbell),rear_delt_fly,Rear Delt Fly,"face_pull, lateral_raise, bent_over_row",False,barbell,95,80,65,95
d3015f4f-7e30-47d7-8283-ba6f56c610b2,Toe Side Walk (Resistance Band),general_movement,Toe Side Walk,,False,band,60,85,90,50
d32a4121-c793-424b-8ef9-0c50fcb84312,Standing Single Arm Reverse Grip Row (Cable),single_arm_row,Single Arm Row,"lat_pulldown, face_pull, bicep_curl, rear_delt_fly",False,cable,85,88,30,92
d33f75bc-667c-4ed0-bf71-f42215d0c438,Sitting Alternating Shrug (Bodyweight),shrug,Shrug,"upright_row, deadlift, bent_over_row",False,bodyweight,70,88,95,65
d34b18fd-020d-46c7-8c22-40ebc5bc6d3d,Elevanted Knee Tuck V Tuck,general_movement,Elevanted Knee Tuck V Tuck,,False,bodyweight,70,88,95,65
d353e754-21d6-48d7-97c6-a27e35ce8d08,Lever Bent Over Single Arm Wide Grip Row (with Che,machine_row,Machine Row,"lat_pulldown, face_pull, bicep_curl, rear_delt_fly",False,machine,80,75,20,88
d356a63b-186a-454d-8105-ecc4fe0c4c32,Stationary Bike Walk,cycling,Cycling,,False,bodyweight,70,88,95,65
d35dde7d-1088-4754-8bfe-24e7b587efd1,Standing Stacked Arm Chest Squeeze,chest_exercise,Chest Exercise,"bench_press, fly",False,bodyweight,70,88,95,65
d36ed2cf-1ddd-431b-9dcd-ec107cb41342,Standing 90 Degrees Arms Rotation,arm_exercise,Arm Exercise,"bicep_curl, tricep_extension",False,bodyweight,70,88,95,65
d36f5082-71ce-4461-bc22-ef05568c85ce,High Pulley Straight Bar Overhead Triceps Extension (Cable),overhead_tricep_extension,Overhead Tricep Extension,"tricep_pushdown, skull_crusher, dip, bicep_curl",False,cable,85,88,30,92
d36f5973-81c1-426a-b5ee-30ce2b0fc26b,Arm Extension Torso Twist,extension,Extension,"tricep_extension, leg_extension",False,bodyweight,70,88,95,65
d379bd5b-90a7-4fca-82a4-eb663485a3d2,Sitting Forearms Stretch On A Chair,general_stretch,Stretch,,False,bodyweight,70,88,95,65
d397ebd0-055c-4513-a1f6-b89ec19021c2,Incline Alternating Cross Raise (Dumbbell),raise,Raise,"lateral_raise, front_raise",False,dumbbell,92,90,92,90
d3a05b40-8d6d-4514-b25e-8af0ffada336,Suitcase Hold (Kettlebell),general_movement,Suitcase Hold,,False,kettlebell,75,85,85,78
d3a49a78-50fc-4c29-be47-88dd970f9de4,Standing Gluteus Medius Press Against Wall,press,Press,"bench_press, shoulder_press",False,bodyweight,70,88,95,65
d3a9f90b-4edc-495a-84b5-85fe8a687949,Hollow Rock,general_movement,Hollow Rock,,False,bodyweight,70,88,95,65
d3ae7b05-6bb5-4f64-a0bf-b8e2a5458e65,Backward Neck Stretch,back_stretch,Back Stretch,,False,bodyweight,70,88,95,65
d3b3add9-e988-4850-b5e3-4e00d9bf0234,Pick And Carry,farmers_walk,Farmer Walk,"shrug, deadlift, lunge",False,bodyweight,70,88,95,65
d3b54220-816b-4cda-9acb-3b49f6da1c68,Seated Knee Up Rotation Stretch,general_stretch,Stretch,,False,bodyweight,70,88,95,65
d3c4b92e-26de-4fef-b463-cb8716637ba9,Mini Squat With A Chair,squat,Squat,"leg_press, leg_extension, lunge, leg_curl",False,bodyweight,70,88,95,65
d3c7be63-33b0-45b7-a090-893ae34d83da,Supine Windshield Wipers,general_movement,Supine Windshield Wipers,,False,bodyweight,70,88,95,65
d3cb0070-eaaf-4766-b277-7d0e8dd0c5f2,Sitting Thoracic Spine Flexion,general_movement,Sitting Thoracic Spine Flexion,,False,bodyweight,70,88,95,65
d3cd345f-7ed3-4d5e-a7a1-f8ae2d7d07cc,Weighted Sissy Squat,squat,Squat,"leg_press, leg_extension, lunge, leg_curl",False,bodyweight,70,88,95,65
d3ed0b2d-8726-4b3e-b0c2-3b02e06e04b3,Duck Walk,general_movement,Duck Walk,,False,bodyweight,70,88,95,65
d3fdbd6d-99f8-4617-a8f3-6edaf42af5a7,Leg Under And Above Shoulders Bridge Pose,shoulder_stretch,Shoulder Stretch,,False,bodyweight,70,88,95,65
d3ff374f-7d59-4ecc-b6db-23a726883ac4,Swimming Side Steps,general_movement,Swimming Side Steps,,False,bodyweight,70,88,95,65
d4023d47-c937-40e3-8be2-7f1b97fb4f81,Squat Step Out (Resistance Band),squat,Squat,"leg_press, leg_extension, lunge, leg_curl",False,band,60,85,90,50
d407c7cc-9a1e-46ef-b3c2-d9902059b88f,Standing Hands Up Side Crunch,oblique_crunch,Oblique Crunch,"leg_raise, plank, russian_twist",False,bodyweight,70,88,95,65
d4090824-e4cf-4b8d-8583-8ecbb0ef86df,Lying Glute Stretch,general_stretch,Stretch,,False,bodyweight,70,88,95,65
d40ad2a5-2f9e-4315-a1a7-62f5c23e98f8,Roll Ball Triceps Latissimus Dorsi Stretch,back_stretch,Back Stretch,,False,bodyweight,70,88,95,65
d411e0ff-e41f-4b8e-bd20-2ece437bf010,Dynamic Knee Drop,general_movement,Dynamic Knee Drop,,False,bodyweight,70,88,95,65
d41ab2fa-6e24-4b80-b82e-5a9661581896,Lying Single Leg Lift,leg_exercise,Leg Exercise,"squat, leg_press",False,bodyweight,70,88,95,65
d4205b1a-4b87-462c-882f-6f57f618780e,Standing Hand To Big Toe Yoga Pose Utthita Hasta P,general_stretch,Stretch,,False,bodyweight,70,88,95,65
d42e6f1d-88ed-4ce9-aaac-232c4aa4b3a6,Plank Side Jump,side_plank,Side Plank,"crunch, leg_raise, russian_twist",False,bodyweight,70,88,95,65
d43200d4-116a-4a33-a9c0-e0445f9bbb43,Lateral Step Up (Bodyweight),step_up,Step Up,"lunge, split_squat, squat",False,bodyweight,70,88,95,65
d4335430-6260-4b4a-92ec-f08b6580baea,Standing Palms In Press (Dumbbell),press,Press,"bench_press, shoulder_press",False,dumbbell,92,90,92,90
d4358b9b-29cb-4562-a1d6-f1075309b0e4,One Leg Glute Bridge (Resistance Band),glute_bridge,Glute Bridge,"hip_thrust, romanian_deadlift, leg_curl",False,band,60,85,90,50
d439966d-9da0-4929-af00-f1853f7f1c4f,Front Raise (Rope) (Cable),front_raise,Front Raise,"shoulder_press, lateral_raise, incline_bench_press",False,cable,85,88,30,92
d43d8fc7-4c50-4992-96e3-528c174ea96d,Standing Knee Raise Back Kick,leg_raise,Leg Raise,"crunch, plank, reverse_crunch",False,bodyweight,70,88,95,65
d44d0527-6c5a-4e02-9a54-14fc933b8424,Smith Sumo Squat,sumo_squat,Sumo Squat,"leg_press, leg_extension, lunge, leg_curl",False,smith_machine,72,70,25,80
d45d1813-5df1-4148-beb5-57eb0f641c4a,Sumo Deadlift (Barbell),sumo_deadlift,Sumo Deadlift,"romanian_deadlift, bent_over_row, hip_thrust, squat",False,barbell,95,80,65,95
d460bf63-0fc2-45c2-950f-6cb2dde04344,Reverse Woodchop (Cable),woodchop,Woodchop,"russian_twist, oblique_crunch, plank",False,cable,85,88,30,92
d46ab0e3-ce2a-4a45-a005-894e26b1339c,Seated One Arm Alternate Row (Cable),cable_row,Cable Row,"lat_pulldown, face_pull, bicep_curl, rear_delt_fly",True,cable,85,88,30,92
d4702757-baa0-4c25-bc22-564d63779ec6,Reverse Lunge (leg Kick),reverse_lunge,Reverse Lunge,"split_squat, step_up, squat, leg_press",False,bodyweight,70,88,95,65
d470b708-3ac8-4856-bb32-40e78049d4e9,Twisting Crunch,crunch,Crunch,"leg_raise, plank, russian_twist",True,bodyweight,70,88,95,65
d474112b-ffcd-47d0-8224-c115723dc6aa,Walking Calf Raise (Bodyweight),calf_raise,Calf Raise,leg_press,False,bodyweight,70,88,95,65
d4800981-30f7-47e2-84b8-603e4818a7fc,Close Grip Row (Band),bent_over_row,Bent Over Row,"lat_pulldown, face_pull, bicep_curl, rear_delt_fly",False,band,60,85,90,50
d48811c4-623d-43dd-8b15-0077fad0988b,Wheel Pose Urdhva Dhanurasana,general_stretch,Stretch,,False,bodyweight,70,88,95,65
d488987b-ce3d-4cec-a297-262d0d2b3ed9,Prayer Push Jump,general_movement,Prayer Push Jump,,False,bodyweight,70,88,95,65
d48a597a-6210-4a6e-98a2-58494d57f566,Standing Ankle Circles,general_movement,Standing Ankle Circles,,False,bodyweight,70,88,95,65
d48d6e0d-8b6f-43d5-9b1c-8768a5ce28aa,Kneeling Ankle Stretch,general_stretch,Stretch,,False,bodyweight,70,88,95,65
d48dbf7c-2636-487a-b5d8-71b81f735f22,Incline Close Grip Push Up With Chair,incline_push_up,Incline Push Up,"bench_press, fly, dip, tricep_extension",False,bodyweight,70,88,95,65
d498bff9-3cc6-43bd-a77f-460994ee11da,Shuffle Diagonal Reaches,general_movement,Shuffle Diagonal Reaches,,False,bodyweight,70,88,95,65
d4a0403a-15e6-402f-8b41-7d287208d99d,Handstand Push Up,push_up,Push Up,"bench_press, fly, dip, tricep_extension",True,bodyweight,70,88,95,65
d4a05562-78b5-4e7f-8fe4-55f1332945cd,Hang Power Clean (Barbell),hang_clean,Hang Clean,"deadlift, front_squat, snatch, shrug",False,barbell,95,80,65,95
d4a909f7-e40a-471f-b2e1-def2dcb36b29,Standing Scapular External Rotation (front Pov) (Dumbbell),general_movement,Standing Scapular External Rotation,,False,dumbbell,92,90,92,90
d4acea20-69da-4f64-b40a-1394b5be95a9,Run On Treadmill,running,Running,,False,bodyweight,70,88,95,65
d4ada8f1-345a-420d-b736-70d65a3ed4df,Stepjack Front Raise,front_raise,Front Raise,"shoulder_press, lateral_raise, incline_bench_press",False,bodyweight,70,88,95,65
d4baa964-0557-4beb-8749-065a84d47c02,Biceps Curl (Dumbbell),bicep_curl,Bicep Curl,"hammer_curl, preacher_curl, tricep_extension",True,dumbbell,92,90,92,90
d4bcbccf-f9b1-42c1-8e75-1e7e38bbb4a6,Sitting Air Bike On A Chair,cycling,Cycling,,False,bodyweight,70,88,95,65
d4c8a7c6-3d93-4222-988c-5e3729144b38,Seated Good Morning On Chair,good_morning,Good Morning,"romanian_deadlift, hip_thrust, back_extension",False,bodyweight,70,88,95,65
d4cc44f8-c02f-4d7e-975d-ab199b1b9f2d,High Knee Skips,high_knees,High Knees,"mountain_climber, burpee, jumping_jack",False,bodyweight,70,88,95,65
d4d7b731-6ae7-403f-94d0-2d04f3e738fa,Butt Kick With Row,bent_over_row,Bent Over Row,"lat_pulldown, face_pull, bicep_curl, rear_delt_fly",False,bodyweight,70,88,95,65
d4e08293-4203-48ee-afbe-8b10258263de,Arm Crossover Chest Out,chest_exercise,Chest Exercise,"bench_press, fly",False,bodyweight,70,88,95,65
d4f6e57b-9358-44e2-b4be-b15ca6ae5cd3,Standing Single Arm Triceps Stret (Resistance Band),arm_exercise,Arm Exercise,"bicep_curl, tricep_extension",False,band,60,85,90,50
d5018f93-745b-44e4-8f3e-699a78a88299,Lever Decline Chest Press,chest_press,Chest Press,"bench_press, fly, tricep_pushdown",True,machine,80,75,20,88
d505dbe5-49ac-489c-81e1-a704efd306de,Lying Biceps Curl,bicep_curl,Bicep Curl,"hammer_curl, preacher_curl, tricep_extension",False,bodyweight,70,88,95,65
d5076dec-6d15-452c-8b04-76c7fa4b5bcb,Weighted V Crunch (bosu Ball),crunch,Crunch,"leg_raise, plank, russian_twist",True,bodyweight,70,88,95,65
d509ba01-12d0-4b12-ac71-e1fa28d74858,Seated Upright Circle Shift,general_movement,Seated Upright Circle Shift,,False,bodyweight,70,88,95,65
d509c86a-4510-4a67-ba2b-eb795a477cad,Single Leg Deadlift Lunge,single_leg_deadlift,Single Leg Deadlift,"romanian_deadlift, bent_over_row, hip_thrust, squat",False,bodyweight,70,88,95,65
d50d30b5-197e-473f-8c46-806e8a824bdc,Side Crunch,oblique_crunch,Oblique Crunch,"leg_raise, plank, russian_twist",False,bodyweight,70,88,95,65
d52d7e5e-12a2-4a9b-b41b-7f566af52e9c,Hip Roll Plank,plank,Plank,"crunch, leg_raise, russian_twist",True,bodyweight,70,88,95,65
d533e8ca-960e-4a15-8bc7-f954143829e1,Pulsing Side Lunge,lateral_lunge,Lateral Lunge,"split_squat, step_up, squat, leg_press",False,bodyweight,70,88,95,65
d5357b09-d491-4997-ad5e-feee8a9fb20a,Lying Curl (Cable),bicep_curl,Bicep Curl,"hammer_curl, preacher_curl, tricep_extension",False,cable,85,88,30,92
d543a4e5-471d-41e1-b68c-6809edd7f74a,Plank Alternate Knee Tuck,plank,Plank,"crunch, leg_raise, russian_twist",True,bodyweight,70,88,95,65
d5450128-3569-4799-a4d4-2cf3234cdf3f,Standing Up Raise Side Open Arms,raise,Raise,"lateral_raise, front_raise",False,bodyweight,70,88,95,65
d561360e-de3f-4bc5-85d0-af7d4ef0435f,Seated Hands To Feet Hold,general_movement,Seated Hands To Feet Hold,,False,bodyweight,70,88,95,65
d564717f-4ce7-4ea4-8d10-139cad5e9f2e,Straight Leg Deadlift (Dumbbell),stiff_leg_deadlift,Stiff Leg Deadlift,"romanian_deadlift, bent_over_row, hip_thrust, squat",False,dumbbell,92,90,92,90
d575f0a0-3343-4385-8fdb-26ff9b99832c,Fly With Chest Supported (Cable),fly,Chest Fly,"bench_press, incline_fly, push_up",False,cable,85,88,30,92
d5a0a0e7-f944-46ba-87a2-0880f3abef8a,Alternate Leg Lift Tap Arms Circle,arm_exercise,Arm Exercise,"bicep_curl, tricep_extension",False,bodyweight,70,88,95,65
d5b916e2-3c73-4884-b6ab-e1e10dd40376,Pike Push Up From Deficit,push_up,Push Up,"bench_press, fly, dip, tricep_extension",True,bodyweight,70,88,95,65
d5c0fd7d-dea1-4f11-892d-5a072acbdf13,Elevated Mountain Climber With Hands On A Bench,mountain_climber,Mountain Climber,"plank, burpee, high_knees",False,bodyweight,70,88,95,65
d5c303c4-61b9-4194-ad9c-9fd66a7c164e,Twist Crunch Legs Up,crunch,Crunch,"leg_raise, plank, russian_twist",True,bodyweight,70,88,95,65
d5c4f381-0ec7-4bde-80aa-154be872843c,Standing Switching Vertical Stacked Hand,general_movement,Standing Switching Vertical Stacked Hand,,False,bodyweight,70,88,95,65
d5ca6110-4ce3-4f57-afff-cab79cad5bac,Seated Upper Half Biceps Curl (Dumbbell),bicep_curl,Bicep Curl,"hammer_curl, preacher_curl, tricep_extension",True,dumbbell,92,90,92,90
d5cd46a8-8c0a-4219-b61e-ef3311b60edd,Standing Serratus Training On The Wall,general_movement,Standing Serratus Training On The Wall,,False,bodyweight,70,88,95,65
d5d7eccc-c83d-4226-a66d-2cb8513f9faa,Butterfly Forward Leaning,fly,Chest Fly,"bench_press, incline_fly, push_up",False,bodyweight,70,88,95,65
d5ddf3fe-801d-49ba-ad92-921857b2dbec,Suspender Arm Curl To Ears,bicep_curl,Bicep Curl,"hammer_curl, preacher_curl, tricep_extension",False,bodyweight,70,88,95,65
d5df7fa0-f6e7-4c66-b371-3b8aacf73f8d,Standing Wide Good Morning (advanced),good_morning,Good Morning,"romanian_deadlift, hip_thrust, back_extension",False,bodyweight,70,88,95,65
d5e3083f-0309-48e8-b320-97e21f9cbb0f,Seated Row (Cable),cable_row,Cable Row,"lat_pulldown, face_pull, bicep_curl, rear_delt_fly",True,cable,85,88,30,92
d5f054c5-c7ab-4240-93d7-15ad3f4ababe,Cobra To Child Pose,general_stretch,Stretch,,False,bodyweight,70,88,95,65
d600cc69-37fd-4128-8c94-7681fb7a05bd,Standing Butt Kick Kickback,back_exercise,Back Exercise,"bent_over_row, lat_pulldown",False,bodyweight,70,88,95,65
d60750b0-d11d-49df-a79d-6e19c03a73ad,Sitting Front Leg Lift Under Knee Tap On A Chair (,leg_exercise,Leg Exercise,"squat, leg_press",False,bodyweight,70,88,95,65
d62b9543-39e6-48e9-b221-b6dd96d47a80,Step Up (Kettlebell),step_up,Step Up,"lunge, split_squat, squat",False,kettlebell,75,85,85,78
d6323db2-b6dd-4c27-88a6-686a6d3a9f3a,Landmine Standing Side Bend,general_movement,Landmine Standing Side Bend,,False,bodyweight,70,88,95,65
d6367c78-4f72-41cf-972e-0dda95f7ce30,Standing Single Arm Shoulder Flexion (Resistance Band),shoulder_exercise,Shoulder Exercise,"shoulder_press, lateral_raise",False,band,60,85,90,50
d63a73e0-6152-4eeb-970b-3e83a5938e90,Smith One Leg Floor Calf Raise,calf_raise,Calf Raise,leg_press,False,smith_machine,72,70,25,80
d63d58f3-90df-4927-b7fa-22c268e4830b,Lying Alternate Bent Leg Circle,leg_exercise,Leg Exercise,"squat, leg_press",False,bodyweight,70,88,95,65
d643acd5-9185-469e-91ff-d434c5b69016,Downward Punch,general_movement,Downward Punch,,False,bodyweight,70,88,95,65
d6462f3b-ebe4-4848-9f1b-a65f69522e44,Forward Backward Duck Walk,back_exercise,Back Exercise,"bent_over_row, lat_pulldown",False,bodyweight,70,88,95,65
d648a089-9f38-4a9d-aa95-79f340a6a498,Seated Overhead Press (Barbell),shoulder_press,Shoulder Press,"lateral_raise, front_raise, tricep_extension",True,barbell,95,80,65,95
d64d7349-36b2-4933-b8f7-7ca247b0aa52,Straight Leg Kickback (kneeling),back_exercise,Back Exercise,"bent_over_row, lat_pulldown",False,bodyweight,70,88,95,65
d650ded0-30d6-4459-a376-f838708b05d7,Twist Turn Slam,general_movement,Twist Turn Slam,,False,bodyweight,70,88,95,65
d65b858a-c806-4ed5-b7d8-165c24985567,Lever Triceps Extension,tricep_extension,Tricep Extension,"tricep_pushdown, skull_crusher, dip, bicep_curl",False,machine,80,75,20,88
d6764065-1b05-4d3d-ac99-49f763c94c4a,Seated Side Bend With A Towel On A Padded Stool,general_movement,Seated Side Bend With A Towel On A Padded Stool,,False,bodyweight,70,88,95,65
d67ad70d-1874-474c-9de7-72b60bef967f,Glute Bridge Walk,glute_bridge,Glute Bridge,"hip_thrust, romanian_deadlift, leg_curl",False,bodyweight,70,88,95,65
d68200bd-295c-4701-b403-a5123552db56,Lying Alternate Toe Touch Floor,general_movement,Lying Alternate Toe Touch Floor,,False,bodyweight,70,88,95,65
d6821f99-c7d3-4fc4-9f71-44d52e163f3b,Standing Balance Side To Front Leg Raise,leg_raise,Leg Raise,"crunch, plank, reverse_crunch",False,bodyweight,70,88,95,65
d6a202ad-3729-451a-9d07-34f06554bdee,EZ (Barbell) JM Bench Press,bench_press,Bench Press,"incline_bench_press, fly, tricep_pushdown, dip",True,barbell,95,80,65,95
d6a307be-7f63-40ce-8922-90a350c08688,EZ (Barbell) Reverse Grip Preacher Curl,preacher_curl,Preacher Curl,"bicep_curl, hammer_curl, concentration_curl",False,barbell,95,80,65,95
d6b91631-5c52-4713-a1be-a2521076aee5,Wide Grip Chest Dip On High Parallel Bars,dip,Dip,"bench_press, tricep_pushdown, push_up",True,bodyweight,70,88,95,65
d6c3916c-78b2-4301-a5ff-28e4ab21a8ea,Kneeling Leg External Rotation,leg_exercise,Leg Exercise,"squat, leg_press",False,bodyweight,70,88,95,65
d6d8d255-9d89-49e7-9d6a-0b34c481a443,Inner Thigh Tap To Chest Open,chest_exercise,Chest Exercise,"bench_press, fly",False,bodyweight,70,88,95,65
d6e734cb-6da5-4318-b4eb-8a1f618c35fa,Standing Arms Flinging,arm_exercise,Arm Exercise,"bicep_curl, tricep_extension",False,bodyweight,70,88,95,65
d714897e-9122-4db0-90a2-bf53667146d4,EZ Bar Lying Bent Arms Pullover,pullover,Pullover,"lat_pulldown, straight_arm_pulldown, fly",False,bodyweight,70,88,95,65
d7167f96-3920-4cc2-b21e-8ef1d8ec2931,Standing Hand Out Cross Kick,general_movement,Standing Hand Out Cross Kick,,False,bodyweight,70,88,95,65
d72843a6-7ac1-450f-9268-ae092454371d,One Arm Twisted Clean And Press (Barbell),press,Press,"bench_press, shoulder_press",False,barbell,95,80,65,95
d72baff4-611c-4941-9f12-dea72b58b38a,Side Bend (Dumbbell),general_movement,Side Bend,,False,dumbbell,92,90,92,90
d74f3777-73b8-4697-80ad-98f2ebbd777c,Suspender Close Grip Chest Press,chest_press,Chest Press,"bench_press, fly, tricep_pushdown",False,bodyweight,70,88,95,65
d759f396-b479-42d4-9906-872005793d2a,Upright Row (Cable),upright_row,Upright Row,"lateral_raise, shrug, shoulder_press",False,cable,85,88,30,92
d767d7e6-ec6b-475c-9aed-ac3e41c705bf,Seated Air Bike On A Chair,cycling,Cycling,,False,bodyweight,70,88,95,65
d7709dd5-0aee-446e-9d67-984a5ca9021e,Standing Up Straight Crossovers (Cable),core_exercise,Core Exercise,"crunch, plank",False,cable,85,88,30,92
d776cac2-95fb-42a4-9701-b4c3eb088e55,Ring Neutral Grip Inverted Row,inverted_row,Inverted Row,"lat_pulldown, face_pull, bicep_curl, rear_delt_fly",False,bodyweight,70,88,95,65
d77ab7f4-e583-4985-93bc-84ff5a6ff522,Deadlift (Cable),deadlift,Deadlift,"romanian_deadlift, bent_over_row, hip_thrust, squat",False,cable,85,88,30,92
d77ba52a-f066-4dee-918d-a005f7a96c2d,Outward Hand Wave,general_movement,Outward Hand Wave,,False,bodyweight,70,88,95,65
d7898e2f-1f8a-4232-94ef-72343644fc28,Straight Arm Double Knee Drive,arm_exercise,Arm Exercise,"bicep_curl, tricep_extension",False,bodyweight,70,88,95,65
d7963124-beee-440d-a3f3-693440064aaf,Side And Front In Out,general_movement,Side And Front In Out,,False,bodyweight,70,88,95,65
d7985b87-2448-4a9b-adb0-eccfa1af67ed,Standing Balance Single Crossover Pendulum Leg,leg_exercise,Leg Exercise,"squat, leg_press",False,bodyweight,70,88,95,65
d7a7f81c-3406-4e99-a581-cf75798f4c9b,Leg Front Lift Jack,leg_exercise,Leg Exercise,"squat, leg_press",False,bodyweight,70,88,95,65
d7b10260-fd9d-4df7-b8bb-dd3d80a21e7d,Lever Lying Leg Curl,lying_leg_curl,Lying Leg Curl,"romanian_deadlift, hip_thrust, leg_extension",False,machine,80,75,20,88
d7b9b7b2-fd5d-46d9-add0-4fee7f834366,Alternating Hamstring Curl Jack,leg_curl,Leg Curl,"romanian_deadlift, hip_thrust, leg_extension",False,bodyweight,70,88,95,65
d7c967e7-01bf-4966-bc22-cc85868892c9,Standing Hip Frontal Rotation Alternate Raise,raise,Raise,"lateral_raise, front_raise",False,bodyweight,70,88,95,65
d7d0b832-fbee-4712-87db-926b1292b659,Single Leg Transverse Bend,leg_exercise,Leg Exercise,"squat, leg_press",False,bodyweight,70,88,95,65
d7d81c4c-445a-45e8-a301-47ed9cd04164,Slight Squat Tip Toes,squat,Squat,"leg_press, leg_extension, lunge, leg_curl",False,bodyweight,70,88,95,65
d7eb53c3-4ae2-40c4-b944-eb30c689fd7f,Lying Leg Raise,leg_raise,Leg Raise,"crunch, plank, reverse_crunch",False,bodyweight,70,88,95,65
d7efc1a7-e074-4a9f-a885-e4d347c73d2e,Anti Rotation Dead Bug (Resistance Band),general_movement,Anti Rotation Dead Bug,,False,band,60,85,90,50
d7f6d0a5-fcad-4fd0-a6f4-b0c775436473,Lying 90 To 90 Switch,general_movement,Lying 90 To 90 Switch,,False,bodyweight,70,88,95,65
d7f7633a-27c5-496b-8868-e5d76bf6b6bb,Push Up Plus,push_up,Push Up,"bench_press, fly, dip, tricep_extension",True,bodyweight,70,88,95,65
d80257b1-0f08-4ced-a886-92cab63a4eb5,Triangle Pose Trikonasana,general_stretch,Stretch,,False,bodyweight,70,88,95,65
d8026e1f-2098-4a89-a289-b7dc5b5c60f9,Lying Quarter Hip Raise,raise,Raise,"lateral_raise, front_raise",False,bodyweight,70,88,95,65
d8042790-2b0c-4419-a22c-514703ea3ac5,Squat Hips (Barbell),squat,Squat,"leg_press, leg_extension, lunge, leg_curl",True,barbell,95,80,65,95
d80cbff7-09f2-4c95-8783-d2d1bd0acf3a,Sitting Elbows Tucked Open On A Chair,general_movement,Sitting Elbows Tucked Open On A Chair,,False,bodyweight,70,88,95,65
d80dba05-280c-45fb-8923-767b7664fb4a,Wall Supported Back Leg Lift,back_exercise,Back Exercise,"bent_over_row, lat_pulldown",False,bodyweight,70,88,95,65
d824baf1-db24-4fd1-a1e6-19b2dcccebe0,Lying Single Leg Hamstring Stretch Against Wall,hamstring_stretch,Hamstring Stretch,,False,bodyweight,70,88,95,65
d826ccb9-45c4-4186-8855-3ce1426bc7dc,Deep Frog Squat,squat,Squat,"leg_press, leg_extension, lunge, leg_curl",False,bodyweight,70,88,95,65
d83ec56a-23d3-41d1-8dd1-bd1009939392,Split Jump (Dumbbell),general_movement,Split Jump,,False,dumbbell,92,90,92,90
d8439621-be37-43a7-a233-66b86f75ed90,Kneeling Hip Flexor Stretch,hip_stretch,Hip Stretch,,False,bodyweight,70,88,95,65
d848f992-ca46-4a29-a533-648810ddf290,Concentration Curl (Kettlebell),concentration_curl,Concentration Curl,"bicep_curl, preacher_curl, hammer_curl",False,kettlebell,75,85,85,78
d8505141-60d7-4ed6-a796-1a23fabe331d,Donkey Diagonal Kickback (Cable),back_exercise,Back Exercise,"bent_over_row, lat_pulldown",False,cable,85,88,30,92
d86c813a-16b1-4c3f-b800-7533f3e208b5,Standing Forward Bent Alternating Twist Toe Touch,general_movement,Standing Forward Bent Alternating Twist Toe Touch,,False,bodyweight,70,88,95,65
d86eb551-0d55-4a11-b87d-4d83cfc7d51e,Rollout (Barbell),general_movement,Rollout,,False,barbell,95,80,65,95
d8725126-a057-4554-923b-9169dba44aa7,Dead Bug,general_movement,Dead Bug,,False,bodyweight,70,88,95,65
d88863a8-b038-4bf1-bf98-a793d2e8f8c8,45 Degree Hyperextension (Arms Crossed),back_extension,Back Extension,"romanian_deadlift, good_morning, glute_bridge",False,bodyweight,70,88,95,65
d890cf8f-a23a-4d30-93fe-5c5562abf173,Overhead Shoulder Press (Resistance Band),shoulder_press,Shoulder Press,"lateral_raise, front_raise, tricep_extension",False,band,60,85,90,50
d89a0557-3f98-4411-b161-2e3ecabfca52,One Arm Clean And Jerk (Kettlebell),clean,Clean,"deadlift, front_squat, snatch, shrug",False,kettlebell,75,85,85,78
d8a4b6f5-2043-4e65-b30c-3ea3c8c8e58a,Deep Knee Bend,general_movement,Deep Knee Bend,,False,bodyweight,70,88,95,65
d8c3e297-2bd5-4bd4-8c83-e9588f0b0e2d,Lying Isometric Knee Flexion,general_movement,Lying Isometric Knee Flexion,,False,bodyweight,70,88,95,65
d8dee4af-430a-4bdd-8319-e65a98da99e0,Alternate Leg Pull,leg_exercise,Leg Exercise,"squat, leg_press",False,bodyweight,70,88,95,65
d8e28d53-7759-4994-9d14-2d69fc4a2736,Seated Sky Look,general_movement,Seated Sky Look,,False,bodyweight,70,88,95,65
d8ea4171-f77b-4150-8281-75dfa4bd263c,Chin Ups (narrow Parallel Grip),chin_up,Chin Up,"lat_pulldown, bent_over_row, bicep_curl",True,bodyweight,70,88,95,65
d8eaf087-f9c8-400d-bf20-2ba9f702ab28,Stepback Row,bent_over_row,Bent Over Row,"lat_pulldown, face_pull, bicep_curl, rear_delt_fly",False,bodyweight,70,88,95,65
d8eb2be0-559a-44c8-8d20-2ebeafe0cb8b,Standing Hip Frontal Rotation With Shoulders Adduc,shoulder_exercise,Shoulder Exercise,"shoulder_press, lateral_raise",False,bodyweight,70,88,95,65
d8f2dbfc-28d9-4c4b-a15f-6771028e1146,Front Shoulder Raise (Cable),raise,Raise,"lateral_raise, front_raise",False,cable,85,88,30,92
d8ff87be-bc58-4215-b4ae-c8bf8c360e71,Standing Back Achilles Stretch (Resistance Band),back_stretch,Back Stretch,,False,band,60,85,90,50
d9035a67-4be6-40c2-8323-773040e929cc,Roll Ball Tibialis Posterior,general_movement,Roll Ball Tibialis Posterior,,False,bodyweight,70,88,95,65
d90a4f32-dccc-4621-917b-16617f17d0b5,Weighted Chain Sumo Deadlift,sumo_deadlift,Sumo Deadlift,"romanian_deadlift, bent_over_row, hip_thrust, squat",False,bodyweight,70,88,95,65
d90afd68-6f9d-4ec2-b8e2-63b7262f77ec,Lying One Arm Press (Dumbbell),press,Press,"bench_press, shoulder_press",False,dumbbell,92,90,92,90
d92894de-2f34-49c9-bbdd-03df5f9dee43,Squat Tuck Jump,squat_jump,Squat Jump,"squat, lunge_jump, box_jump",False,bodyweight,70,88,95,65
d937a948-0de6-438d-87b1-dff0c1614be8,Half Plyo Squat Twist,squat,Squat,"leg_press, leg_extension, lunge, leg_curl",False,bodyweight,70,88,95,65
d940619e-5704-49d7-b7c3-c3768cca529e,Corkscrew,general_movement,Corkscrew,,False,bodyweight,70,88,95,65
d94de77b-f4b5-4ee9-8426-76e2b93b8198,Lever Shrug (plate Loaded),shrug,Shrug,"upright_row, deadlift, bent_over_row",False,machine,80,75,20,88
d95c6a42-d352-4527-82f9-2e45417626db,Mountain Climber Low Lunge,lunge,Lunge,"split_squat, step_up, squat, leg_press",False,bodyweight,70,88,95,65
d965e62e-40a2-4f6b-ab3b-0a667a22befb,Standing Straight Arms Pulldown (Resistance Band),straight_arm_pulldown,Straight Arm Pulldown,"lat_pulldown, pullover, bent_over_row",False,band,60,85,90,50
d9679e82-9127-4649-bcc0-0df9cad5cc13,Bench Reverse Crunch Circle,reverse_crunch,Reverse Crunch,"leg_raise, plank, russian_twist",False,bodyweight,70,88,95,65
d96b4a20-9521-4e9a-9629-c7ded90b3e5c,Double Palm Tap Russian Twist,russian_twist,Russian Twist,"oblique_crunch, woodchop, side_plank",False,bodyweight,70,88,95,65
d9854ef4-cdd5-4760-ba32-5f4460c41f53,V Step And Back,back_exercise,Back Exercise,"bent_over_row, lat_pulldown",False,bodyweight,70,88,95,65
d992395f-227e-424e-876b-d414812c7885,Side Walk Double Leg Lift,leg_exercise,Leg Exercise,"squat, leg_press",False,bodyweight,70,88,95,65
d9946027-e526-4129-aa4a-4a6501134d29,Standing Alternate Glute Kickback,back_exercise,Back Exercise,"bent_over_row, lat_pulldown",False,bodyweight,70,88,95,65
d9974938-f0a2-4c8a-8e5a-b089e121cd89,Russian Twist With Legs Floor Off (Dumbbell),russian_twist,Russian Twist,"oblique_crunch, woodchop, side_plank",False,dumbbell,92,90,92,90
d9a211aa-f4f6-48d1-a121-0f5894e708f9,Suspender Triceps Press,press,Press,"bench_press, shoulder_press",False,bodyweight,70,88,95,65
d9a5531b-9197-4a7b-9a7e-a4697a05d480,Lying Leg Press (Resistance Band),leg_press,Leg Press,"squat, leg_extension, leg_curl, hack_squat",False,band,60,85,90,50
d9a93bef-4771-4f5f-b9fc-d5584d495265,Single Arm Wrist Curl (Dumbbell),arm_exercise,Arm Exercise,"bicep_curl, tricep_extension",False,dumbbell,92,90,92,90
d9b0f749-f25a-4170-a520-394b474a4db5,Overhead Knee Raise Jack,leg_raise,Leg Raise,"crunch, plank, reverse_crunch",False,bodyweight,70,88,95,65
d9ba245b-cfbf-43ff-89da-0ad30a58bf66,EZ (Barbell) Stiff Legged Deadlift,stiff_leg_deadlift,Stiff Leg Deadlift,"romanian_deadlift, bent_over_row, hip_thrust, squat",False,barbell,95,80,65,95
d9c42455-4277-415d-b8e0-bd3dce501933,Diamond Push Up,diamond_push_up,Diamond Push Up,"bench_press, fly, dip, tricep_extension",False,bodyweight,70,88,95,65
d9d25e26-e454-44a0-9700-3be9f0d07d25,Rear Pull Up,pull_up,Pull Up,"lat_pulldown, bent_over_row, bicep_curl",True,bodyweight,70,88,95,65
d9e51cdd-4d48-49e1-a4a0-4558b5b8a82b,Sitting Finger Stretch On A Chair,general_stretch,Stretch,,False,bodyweight,70,88,95,65
d9ee5c4c-9a8e-41e4-8936-bf8a4c45a29f,One Arm Shoulder Press (Dumbbell),shoulder_press,Shoulder Press,"lateral_raise, front_raise, tricep_extension",False,dumbbell,92,90,92,90
d9f22013-c69b-4bda-b827-e43ca31d9772,Standing Turn And Knee Raise,leg_raise,Leg Raise,"crunch, plank, reverse_crunch",False,bodyweight,70,88,95,65
d9f6a8e9-11ca-4b3e-af7a-83a2b9b855db,Opposite 2 Point Bench Press (Dumbbell),bench_press,Bench Press,"incline_bench_press, fly, tricep_pushdown, dip",False,dumbbell,92,90,92,90
d9fd6c88-65a1-481a-91b1-5aef03a31a8f,Lunge Twist,lunge,Lunge,"split_squat, step_up, squat, leg_press",False,bodyweight,70,88,95,65
da03aec4-d5ac-4b16-8715-0a97c3888586,Walking Shoulder Tap To Sky Push,shoulder_exercise,Shoulder Exercise,"shoulder_press, lateral_raise",False,bodyweight,70,88,95,65
da0656f6-3bc6-4f00-938b-2111f0763b17,Lying Figure 4 Twisting Torso Stretch,general_stretch,Stretch,,False,bodyweight,70,88,95,65
da22dc6d-f64a-4246-9a55-4c40ea0cbb7a,Roll Press Plank,plank,Plank,"crunch, leg_raise, russian_twist",True,bodyweight,70,88,95,65
da4ef02a-48b7-439b-af4d-7b45f583a485,Split Stance Single Arm Row (Cable),single_arm_row,Single Arm Row,"lat_pulldown, face_pull, bicep_curl, rear_delt_fly",False,cable,85,88,30,92
da5ed71c-0281-49c0-a60e-8bd0fd01deb9,Decline Crunch (Cable),cable_crunch,Cable Crunch,"leg_raise, plank, russian_twist",False,cable,85,88,30,92
da74bd11-03d0-41cb-95dc-de6c3a034630,Roll Tensor Fasciae Latae,general_movement,Roll Tensor Fasciae Latae,,False,bodyweight,70,88,95,65
da7a4013-f068-4919-8a09-603aa1cfda39,Shoulders Rotation,shoulder_exercise,Shoulder Exercise,"shoulder_press, lateral_raise",False,bodyweight,70,88,95,65
da7dc30c-7316-4574-aaae-9fc0f2e59c9a,Bench Squat (Barbell),squat,Squat,"leg_press, leg_extension, lunge, leg_curl",True,barbell,95,80,65,95
da81e77b-3390-44d0-a5bc-ac32e62bd00c,Swing And Hops,general_movement,Swing And Hops,,False,bodyweight,70,88,95,65
da8543d6-34d6-489d-8479-ccf157506b01,Standing Calf Raise With Arms Circle,calf_raise,Calf Raise,leg_press,False,bodyweight,70,88,95,65
da86ca18-83e4-4d46-9274-e939396a4a47,Sitting Alternating Quads Stretch,quad_stretch,Quad Stretch,,False,bodyweight,70,88,95,65
da876784-659a-436f-880e-7184056240d8,Straight Back Seated Row (Cable),cable_row,Cable Row,"lat_pulldown, face_pull, bicep_curl, rear_delt_fly",True,cable,85,88,30,92
da8b4606-f663-4f3b-a0b4-a31ad0479ed2,Hip Twist Rollout (Barbell),general_movement,Hip Twist Rollout,,False,barbell,95,80,65,95
da8bea5e-6468-4f7c-98ea-68fe01465687,Reverse Lunge (leg Kick),reverse_lunge,Reverse Lunge,"split_squat, step_up, squat, leg_press",False,bodyweight,70,88,95,65
daafe8be-330d-4e1a-9612-0813a6c86fa2,Prayer Push Hold,general_movement,Prayer Push Hold,,False,bodyweight,70,88,95,65
dab6e7fe-97d7-4d77-b4e7-8cc64ee8cdde,Sitting Abs Twist,core_exercise,Core Exercise,"crunch, plank",False,bodyweight,70,88,95,65
dabdb4fd-3f5d-4a30-bd40-49b5b878809d,Kneeling Torso Rotation Chest And Shoulder Stretch,shoulder_stretch,Shoulder Stretch,,False,bodyweight,70,88,95,65
dabf0720-51cb-440c-8ad2-8a48dcb5f214,One Arm Fly On Exercise Ball (Cable),fly,Chest Fly,"bench_press, incline_fly, push_up",False,cable,85,88,30,92
dac51661-897c-4ded-ac94-60be78b3017d,Seated Dynamic Chest Stretch,chest_stretch,Chest Stretch,,False,bodyweight,70,88,95,65
dacb369d-2c7d-4056-bad0-6c0559ccfa00,Calf Raise Internal External Arms Rotation,calf_raise,Calf Raise,leg_press,False,bodyweight,70,88,95,65
dad430f4-a750-4522-a3e5-a93dd1d23752,Alternating Knee Thrust,general_movement,Alternating Knee Thrust,,False,bodyweight,70,88,95,65
dad46aec-d628-4202-87ec-35a5692ab7d5,Single Leg Hyperextension (Dumbbell),back_extension,Back Extension,"romanian_deadlift, good_morning, glute_bridge",False,dumbbell,92,90,92,90
dada6b89-c6a0-4d6d-9ef9-78266f7d63db,Hip Clam,general_movement,Hip Clam,,False,bodyweight,70,88,95,65
dadc3ec9-81b7-4ca0-a78f-d4e976067b68,Roll Ball Back Head Stretch,back_stretch,Back Stretch,,False,bodyweight,70,88,95,65
dadca018-dede-4e3a-aa99-e1efbf1da67c,Side Step Walking,general_movement,Side Step Walking,,False,bodyweight,70,88,95,65
dadcf9f1-9af6-4bc7-88e5-ef897ab104ec,Calf Jump,calf_raise,Calf Raise,leg_press,False,bodyweight,70,88,95,65
dae6bba1-aeb6-4db3-986f-1cfccfd497da,Decline Pullover (Dumbbell),pullover,Pullover,"lat_pulldown, straight_arm_pulldown, fly",False,dumbbell,92,90,92,90
db014681-42af-419d-82cb-3bf050f950cc,Down To Upward Dog,general_movement,Down To Upward Dog,,False,bodyweight,70,88,95,65
db0c8a1f-177d-4a46-af37-7a661f8fcd33,Side Plank With Raised Leg(left),side_plank,Side Plank,"crunch, leg_raise, russian_twist",False,bodyweight,70,88,95,65
db0ef837-08da-4e8d-b9c2-59446913b39b,Sumo Deadlift (Dumbbell),sumo_deadlift,Sumo Deadlift,"romanian_deadlift, bent_over_row, hip_thrust, squat",False,dumbbell,92,90,92,90
db1148f6-f2a0-4b31-937c-6295b04d5fdf,Marching On Spot,general_movement,Marching On Spot,,False,bodyweight,70,88,95,65
db234aa8-f90a-433a-b704-76b4179dd58d,Medicine Ball Step Behind Rotational Throw,bent_over_row,Bent Over Row,"lat_pulldown, face_pull, bicep_curl, rear_delt_fly",False,bodyweight,70,88,95,65
db356ce6-5535-4f68-b936-56f3b24bb133,Standing Hip Extension (bent Knee),extension,Extension,"tricep_extension, leg_extension",False,bodyweight,70,88,95,65
db37a4a4-eef3-40d5-877c-638b95426322,Decline Bent Leg Reverse Crunch,reverse_crunch,Reverse Crunch,"leg_raise, plank, russian_twist",False,bodyweight,70,88,95,65
db5c62c4-c3a6-4c60-89e1-833beba95385,Seated Single Leg Knee Extension (Resistance Band),extension,Extension,"tricep_extension, leg_extension",False,band,60,85,90,50
db8ce97c-936c-4ccb-8b3b-c4f91ac4d3ea,Medicine Ball Slam,general_movement,Medicine Ball Slam,,False,bodyweight,70,88,95,65
db90bf09-304b-4a55-8513-770acb1a9f72,Pronated To Neutral Grip Row (Dumbbell),bent_over_row,Bent Over Row,"lat_pulldown, face_pull, bicep_curl, rear_delt_fly",False,dumbbell,92,90,92,90
db9537a8-44d3-456e-a4aa-6d78df0b596b,Frog Crunch Hold,crunch,Crunch,"leg_raise, plank, russian_twist",True,bodyweight,70,88,95,65
db9c2682-0ab4-43c4-b184-c3e6e5eab1e8,Hip Flexor Stretch Rear Foot Elevated,hip_stretch,Hip Stretch,,False,bodyweight,70,88,95,65
dba422f9-4b44-4839-9d0e-96e25ead1eae,Hollow Body 45 Degrees,general_movement,Hollow Body 45 Degrees,,False,bodyweight,70,88,95,65
dbc64b61-cafd-4165-82f4-f2a8e1eb1ec3,Crunch (arms Straight),crunch,Crunch,"leg_raise, plank, russian_twist",True,bodyweight,70,88,95,65
dbcaca84-1795-4ed9-90c9-10b548ab9b99,Seated Shoulder Stretch,shoulder_stretch,Shoulder Stretch,,False,bodyweight,70,88,95,65
dbd4bd02-3924-4079-959e-5ce3382dd12a,Burpee With Chair,burpee,Burpee,"push_up, squat_jump, mountain_climber",True,bodyweight,70,88,95,65
dbe39663-885f-49a2-9638-910da4b9f281,Lever Single Arm Chest Press (plate Loaded),chest_press,Chest Press,"bench_press, fly, tricep_pushdown",True,machine,80,75,20,88
dbe540b3-a619-4d36-9c15-5efdda7f11fd,Shrug (Dumbbell),shrug,Shrug,"upright_row, deadlift, bent_over_row",False,dumbbell,92,90,92,90
dbe69b02-7872-4131-9461-15970a28e6b2,Stick Lunge With Overhead Raise Stretch,general_stretch,Stretch,,False,bodyweight,70,88,95,65
dbe93cda-ec03-4c28-b140-6a8061d7773d,Palm Rotational Row (Cable),bent_over_row,Bent Over Row,"lat_pulldown, face_pull, bicep_curl, rear_delt_fly",False,cable,85,88,30,92
dbf5e90d-1e9a-48ac-83dd-2e1c24cf2f71,Quick Feet Run,running,Running,,False,bodyweight,70,88,95,65
dc1145ce-5b04-4ed3-9b55-1b9e2f0a8968,Medicine Ball Alternate V Up,v_up,V Up,"crunch, leg_raise, plank",False,bodyweight,70,88,95,65
dc27568e-f6c6-494e-bfcb-a6f453b6c545,Standing Hammer Curl (Band),hammer_curl,Hammer Curl,"bicep_curl, preacher_curl, reverse_curl",False,band,60,85,90,50
dc34f7ab-cef7-4e95-a57d-eb18e0b78058,Side Step Squat,squat,Squat,"leg_press, leg_extension, lunge, leg_curl",False,bodyweight,70,88,95,65
dc377aa9-01e7-4e5b-bb38-8c564352cc70,Cross Side Step Lats Squeeze,general_movement,Cross Side Step Lats Squeeze,,False,bodyweight,70,88,95,65
dc451f48-1296-4209-8ce5-edeb5c5b57ab,Kneeling Triceps Extension (Cable),tricep_extension,Tricep Extension,"tricep_pushdown, skull_crusher, dip, bicep_curl",False,cable,85,88,30,92
dc471b79-3e84-42d1-bf56-6a6a6e75fa24,Calf Raise On A Stepbox (Bodyweight),calf_raise,Calf Raise,leg_press,False,bodyweight,70,88,95,65
dc52eb45-1fbc-4ecc-9d93-d68cf0e6cedd,Kneeling Crunch (Cable),cable_crunch,Cable Crunch,"leg_raise, plank, russian_twist",False,cable,85,88,30,92
dc5d59de-ad58-4838-85ef-cf5083ebb5de,Kneeling Hold To Stand Clean Grip (Kettlebell),clean,Clean,"deadlift, front_squat, snatch, shrug",False,kettlebell,75,85,85,78
dc6cac54-cb91-47fd-9169-efd6245b6878,Forward Backward Sideward,back_exercise,Back Exercise,"bent_over_row, lat_pulldown",False,bodyweight,70,88,95,65
dc72f646-9411-4477-992f-18438ee1d403,Side Step Punch,general_movement,Side Step Punch,,False,bodyweight,70,88,95,65
dc7b9b0d-8819-4cbb-b014-5ab507f877f9,Kneeling Cross Body Lat Pulldown ( (Resistance Band),lat_pulldown,Lat Pulldown,"pull_up, bent_over_row, bicep_curl, face_pull",False,band,60,85,90,50
dc828acc-e616-44bd-9a20-7b541f77eabf,Plank Row,bent_over_row,Bent Over Row,"lat_pulldown, face_pull, bicep_curl, rear_delt_fly",False,bodyweight,70,88,95,65
dc84f089-16ab-4fea-b8d6-37bb866e9fcd,Standing Diagonal Cross Toe Touch,general_movement,Standing Diagonal Cross Toe Touch,,False,bodyweight,70,88,95,65
dc925a8e-8798-495e-b1ac-a5ad36536196,Elastic Bed Jumping,general_movement,Elastic Bed Jumping,,False,bodyweight,70,88,95,65
dcaec047-ce07-4fc0-96d3-40ccb7ec113f,Seated Floor Marching With Arms Pump,arm_exercise,Arm Exercise,"bicep_curl, tricep_extension",False,bodyweight,70,88,95,65
dcdd936a-6d12-4093-80b1-319631abde9d,Kneeling Adductors Side Stretch,general_stretch,Stretch,,False,bodyweight,70,88,95,65
dcdf09d5-fd41-4281-a135-804422ff5917,Standing Russian Twist Knee Thrust,russian_twist,Russian Twist,"oblique_crunch, woodchop, side_plank",False,bodyweight,70,88,95,65
dcdf11db-ddf3-4b4c-aa52-b373819e171c,Standing Single Arm Preacher Curl (Cable),preacher_curl,Preacher Curl,"bicep_curl, hammer_curl, concentration_curl",False,cable,85,88,30,92
dce2adc7-f938-4d2d-aca0-6be7fa92352c,Lever Triceps Extension,tricep_extension,Tricep Extension,"tricep_pushdown, skull_crusher, dip, bicep_curl",False,machine,80,75,20,88
dce43b7a-a894-45a9-9d27-5a9f9ddc6ae5,Lying 6 Inch Hold,general_movement,Lying 6 Inch Hold,,False,bodyweight,70,88,95,65
dd002dc3-5d17-4fd6-8a2b-8d12cff67511,Lying Reverse Grip Row (Band),bent_over_row,Bent Over Row,"lat_pulldown, face_pull, bicep_curl, rear_delt_fly",False,band,60,85,90,50
dd3e8a24-a133-4399-8207-068657fd0fcd,Stepback Flap,back_exercise,Back Exercise,"bent_over_row, lat_pulldown",False,bodyweight,70,88,95,65
dd5d7e58-b6aa-4253-998b-29a5c38014f0,Poliquin Step (Bodyweight),general_movement,Poliquin Step,,False,bodyweight,70,88,95,65
dd657d25-d8ef-44a9-8481-96ee9e6dff80,Diagonal Bend Hold,general_movement,Diagonal Bend Hold,,False,bodyweight,70,88,95,65
dd66143a-5771-4f8f-8420-92ba7e2773f8,Seated Lateral Raise (Dumbbell),lateral_raise,Lateral Raise,"shoulder_press, front_raise, rear_delt_fly",True,dumbbell,92,90,92,90
dd73dd9d-1b45-497b-8475-403716fbb58e,Lying Leg Raise To Side,leg_raise,Leg Raise,"crunch, plank, reverse_crunch",False,bodyweight,70,88,95,65
dd7ab141-f969-4f45-a48b-10e7e6327ab8,Sitting Punch Knee Tap On A Padded Stool,general_movement,Sitting Punch Knee Tap On A Padded Stool,,False,bodyweight,70,88,95,65
dd83f923-855b-4a0e-b807-c21f0fa1b0d4,Seated Press (Kettlebell),press,Press,"bench_press, shoulder_press",False,kettlebell,75,85,85,78
dd900230-1753-417a-82ab-b974a5e1b7a8,Bent Leg Circle Kick (kneeling),leg_exercise,Leg Exercise,"squat, leg_press",False,bodyweight,70,88,95,65
dd9b78f1-f87b-4212-8a59-2a488b44a2c8,Decline Kneeling Push Up On Box,decline_push_up,Decline Push Up,"bench_press, fly, dip, tricep_extension",False,bodyweight,70,88,95,65
dda00369-4678-414f-8d76-7d959728bba4,Incline Triceps Kickback (Dumbbell),tricep_kickback,Tricep Kickback,"tricep_extension, tricep_pushdown, dip",False,dumbbell,92,90,92,90
dda54248-06b3-4ad6-9ab0-5075cf2a1d34,Landmine Neutral Grip Chest Press With Viking Pres,chest_press,Chest Press,"bench_press, fly, tricep_pushdown",False,bodyweight,70,88,95,65
ddbea38f-7700-4659-b54d-489a36880782,Twist Turn Lift,general_movement,Twist Turn Lift,,False,bodyweight,70,88,95,65
ddc77ace-4720-446e-a933-b47344b3e2e5,Alternate Twisting Knee Thrust,general_movement,Alternate Twisting Knee Thrust,,False,bodyweight,70,88,95,65
ddd1f9eb-8b1d-4b67-8e81-5f3ffe1d8a68,Lying Alternate Hip Extension,extension,Extension,"tricep_extension, leg_extension",False,bodyweight,70,88,95,65
dde4474f-eb40-4af6-b779-112444102c19,Ipsilateral Glute Dominant Step Up (Cable),step_up,Step Up,"lunge, split_squat, squat",False,cable,85,88,30,92
de01f144-21c7-4a29-b80f-c83a4907fdce,Sitting Woodchopper On A Chair,woodchop,Woodchop,"russian_twist, oblique_crunch, plank",False,bodyweight,70,88,95,65
de1c8ef3-9a3b-4da6-b3a5-5e333b73ac9d,Preacher Curl (Dumbbell),preacher_curl,Preacher Curl,"bicep_curl, hammer_curl, concentration_curl",False,dumbbell,92,90,92,90
de28fb42-363f-47f8-b35a-1f7673b392f9,Cossack Squat (Barbell),squat,Squat,"leg_press, leg_extension, lunge, leg_curl",True,barbell,95,80,65,95
de29b296-6977-4f4c-8051-2e4a534f4897,Tiger Curl Pose,general_stretch,Stretch,,False,bodyweight,70,88,95,65
de3272a4-e702-4807-8a0c-5b585dd348f4,Eight Angle Yoga Pose,general_stretch,Stretch,,False,bodyweight,70,88,95,65
de375722-03c0-4f25-a637-9891aceee8ea,Bottle Weighted Side Bend,general_movement,Bottle Weighted Side Bend,,False,bodyweight,70,88,95,65
de39b31a-d660-485d-ad57-73e9b4b85232,EZ (Barbell) Curl,bicep_curl,Bicep Curl,"hammer_curl, preacher_curl, tricep_extension",False,barbell,95,80,65,95
de3c3a63-b29d-4d2a-ad79-3679fddc6dc2,Standing Serratus Push (Resistance Band),general_movement,Standing Serratus Push,,False,band,60,85,90,50
de408513-df3b-4969-8f16-5b17e465a44e,Chin To Chest Stretch,chest_stretch,Chest Stretch,,False,bodyweight,70,88,95,65
de440bf6-0379-4ab7-90ea-0b47ac847a55,Concentration Curl (Dumbbell),concentration_curl,Concentration Curl,"bicep_curl, preacher_curl, hammer_curl",True,dumbbell,92,90,92,90
de4e2344-99b6-4141-a928-b72a3c350677,Back Bend Over Bench Stretch,back_stretch,Back Stretch,,False,bodyweight,70,88,95,65
de67cab2-799f-4159-9f56-775b4dfa4c42,Lying Alternate Bent Leg Raise,leg_raise,Leg Raise,"crunch, plank, reverse_crunch",False,bodyweight,70,88,95,65
de75a03e-f0d1-4085-811c-63c28b1a4829,Lever Angled Leg Press,leg_press,Leg Press,"squat, leg_extension, leg_curl, hack_squat",True,machine,80,75,20,88
de7b58be-5ac0-460b-be50-dd9661cb8fd2,Bent Press (Kettlebell),press,Press,"bench_press, shoulder_press",False,kettlebell,75,85,85,78
de9990e6-e68a-41de-b272-9f80a7226302,Lever Biceps Curl,bicep_curl,Bicep Curl,"hammer_curl, preacher_curl, tricep_extension",False,machine,80,75,20,88
de9cf026-5a70-44a1-8d65-f32b71494cfc,Seated Single Leg Raise On Chair,leg_raise,Leg Raise,"crunch, plank, reverse_crunch",False,bodyweight,70,88,95,65
dea0da26-e0ab-4957-a612-bca8cfd3384f,Repeated Small Jumps,general_movement,Repeated Small Jumps,,False,bodyweight,70,88,95,65
dea2b8d0-d694-4ecc-bba8-5f7dd7ab5316,Seated Elbow To Knee On Chair,general_movement,Seated Elbow To Knee On Chair,,False,bodyweight,70,88,95,65
deb337f2-64cf-459e-ba28-261cb86e5ac8,Wide Bench Air Squat,squat,Squat,"leg_press, leg_extension, lunge, leg_curl",False,bodyweight,70,88,95,65
deb91860-b8b5-437b-bf42-368ecc6bf2a5,Sitting Figure Four Rock,general_movement,Sitting Figure Four Rock,,False,bodyweight,70,88,95,65
debdb5c4-bd65-4826-96f3-e9f96264b379,Crunch Hold With Legs On Bench,crunch,Crunch,"leg_raise, plank, russian_twist",True,bodyweight,70,88,95,65
deccd703-fa58-43b8-90c6-c579b5edca14,Reverse Grip Pull Up,pull_up,Pull Up,"lat_pulldown, bent_over_row, bicep_curl",True,bodyweight,70,88,95,65
decf8d36-f02a-4b74-9c73-dc71996ebe83,Lateral Shuffle Crunches,crunch,Crunch,"leg_raise, plank, russian_twist",True,bodyweight,70,88,95,65
dedb3280-f2ad-46b7-a4a2-902b66c5cdbc,Landmine Sissy Squat,squat,Squat,"leg_press, leg_extension, lunge, leg_curl",False,bodyweight,70,88,95,65
dedc2eca-2015-4f06-9103-51eb225188c9,45 Degree Twisting Hyperextension,back_extension,Back Extension,"romanian_deadlift, good_morning, glute_bridge",False,bodyweight,70,88,95,65
dedd379c-cd32-4bc7-85c8-02d0ac2eee5c,Hip Thrusts On Knees (Resistance Band),hip_thrust,Hip Thrust,"glute_bridge, romanian_deadlift, leg_curl",False,band,60,85,90,50
dedf7390-5ee2-4e74-88c7-66ff61b29a3e,Rear Fly (Dumbbell),fly,Chest Fly,"bench_press, incline_fly, push_up",True,dumbbell,92,90,92,90
defa13ed-2d5b-4609-b3d7-0b0e84a58e73,Starfish Crunch (Dumbbell),crunch,Crunch,"leg_raise, plank, russian_twist",False,dumbbell,92,90,92,90
defd9fce-5c3c-4bd6-9e2e-b66c951249f1,Overhead Triceps Extension Straight Bar (Cable),overhead_tricep_extension,Overhead Tricep Extension,"tricep_pushdown, skull_crusher, dip, bicep_curl",False,cable,85,88,30,92
df1b86f1-0c42-4c17-86b2-33a8f05637b3,Deadlift (Cable),deadlift,Deadlift,"romanian_deadlift, bent_over_row, hip_thrust, squat",False,cable,85,88,30,92
df230e95-1f0b-4f49-b04a-6fe01590f76e,Kneeling Rear Kick (Band),general_movement,Kneeling Rear Kick,,False,band,60,85,90,50
df2c8ebd-896d-4e91-acdb-0276eb1d6376,Swinging Arms Jump Split Lunge,lunge_jump,Lunge Jump,"split_squat, step_up, squat, leg_press",False,bodyweight,70,88,95,65
df2ddab1-effa-4e7f-aeb9-1927d31054df,Standing Diagonal Reach And Chest Lift,chest_exercise,Chest Exercise,"bench_press, fly",False,bodyweight,70,88,95,65
df3c5c54-e0c7-4bef-8b51-1a3e1c31322b,Sitting Scissors Lift Crunch On A Padded Stool,crunch,Crunch,"leg_raise, plank, russian_twist",True,bodyweight,70,88,95,65
df42fbd3-51de-4000-9ec4-4f689c025280,Step Out Twist Hand Swipes,general_movement,Step Out Twist Hand Swipes,,False,bodyweight,70,88,95,65
df47303e-283f-473c-814f-1e2f783f9290,Side Step Lateral Raise,lateral_raise,Lateral Raise,"shoulder_press, front_raise, rear_delt_fly",False,bodyweight,70,88,95,65
df552930-3128-4956-9c55-00939ba8aeb5,Clamshell Sit Against Wall,hip_abduction,Hip Abduction,"hip_adduction, glute_kickback, hip_thrust",False,bodyweight,70,88,95,65
df57f603-b39a-422d-98ea-49bc943e7e64,Hollow Hold,general_movement,Hollow Hold,,False,bodyweight,70,88,95,65
df66aacc-7425-43d7-a478-bc47e065e21b,Full Squat With Overhead Press (Bodyweight),shoulder_press,Shoulder Press,"lateral_raise, front_raise, tricep_extension",False,bodyweight,70,88,95,65
df6730ae-f44f-4929-b414-5f32bbf2ae7b,Knelling Lat Pulldown (Band),lat_pulldown,Lat Pulldown,"pull_up, bent_over_row, bicep_curl, face_pull",False,band,60,85,90,50
df742795-e519-4629-90c5-b301d2442690,Incline Alternative Fly (Cable),incline_fly,Incline Fly,"fly, incline_bench_press",False,cable,85,88,30,92
df86c25e-86d2-4d18-b30f-1e1ac4b0a4ba,Single Leg Bridge Pose,general_stretch,Stretch,,False,bodyweight,70,88,95,65
df965a3c-1da9-4971-bd73-b86f9405fd3d,Box Drop To Single Leg Land,leg_exercise,Leg Exercise,"squat, leg_press",False,bodyweight,70,88,95,65
df99a85a-31a2-4f09-b745-8fc5b6ca4b18,Decline Pullover (Barbell),pullover,Pullover,"lat_pulldown, straight_arm_pulldown, fly",False,barbell,95,80,65,95
dfa5a1dc-e816-435b-9c34-5480ce352ef0,Cobra Pose With Wide Legs,general_stretch,Stretch,,False,bodyweight,70,88,95,65
dfbb4e75-1b40-4e1b-9a8a-b4e3ddad602e,Garland Pose Sky Reach Hands Hold,general_stretch,Stretch,,False,bodyweight,70,88,95,65
dfde0782-4c72-44ee-a33a-3c363a51695f,Alternate Knee Cross Over Against Wall,general_movement,Alternate Knee Cross Over Against Wall,,False,bodyweight,70,88,95,65
dfe1728c-d222-4d1f-beea-a8fc0347648b,Kneeling Fist Circle,general_movement,Kneeling Fist Circle,,False,bodyweight,70,88,95,65
dfe2a7d2-515e-43bf-b498-a923aea6d380,Seated Chin Tuck,general_movement,Seated Chin Tuck,,False,bodyweight,70,88,95,65
dfe491de-4dd1-47f5-9f1a-da9750c3a3d5,Dancer Pose Natarajasana,general_stretch,Stretch,,False,bodyweight,70,88,95,65
dff2100c-6d27-4f4c-9cac-2990f12df68c,Lateral Raise (bent Arms),lateral_raise,Lateral Raise,"shoulder_press, front_raise, rear_delt_fly",False,bodyweight,70,88,95,65
dff5b652-b928-470d-8cdd-a4a85380b1fa,Sitting Body Mobilization On Exercise Ball,general_stretch,Stretch,,False,bodyweight,70,88,95,65
dff6104f-8072-468c-ad1c-6228847e47d4,Sitting Punch On A Padded Stool,general_movement,Sitting Punch On A Padded Stool,,False,bodyweight,70,88,95,65
e000a696-e734-4e9b-b56e-5e601f7edf63,Standing Single Delt Row (Cable),bent_over_row,Bent Over Row,"lat_pulldown, face_pull, bicep_curl, rear_delt_fly",False,cable,85,88,30,92
e0011171-7ef2-4dae-8b7d-f6ba571ed26e,Lying Crossover Stretch,general_stretch,Stretch,,False,bodyweight,70,88,95,65
e0035600-facb-427f-9fb1-74899ba8c22b,Handstand Push Up,push_up,Push Up,"bench_press, fly, dip, tricep_extension",True,bodyweight,70,88,95,65
e00d8679-7a66-478f-8f36-64bc0781a630,Single Leg Squat With Support,squat,Squat,"leg_press, leg_extension, lunge, leg_curl",False,bodyweight,70,88,95,65
e016023a-7361-41c2-8ebe-5a09b4e51180,Standing Alternate Vertical Front Raises (Dumbbell),front_raise,Front Raise,"shoulder_press, lateral_raise, incline_bench_press",True,dumbbell,92,90,92,90
e025c1b0-9972-4cc9-87da-00b228f484c8,Wide Grip Upright Row (Barbell),upright_row,Upright Row,"lateral_raise, shrug, shoulder_press",False,barbell,95,80,65,95
e02ad31d-a26c-4600-bc0b-4b397c9f174d,Overhead Sit Up With Legs On Bench,crunch,Crunch,"leg_raise, plank, russian_twist",True,bodyweight,70,88,95,65
e0319be7-b651-4638-a140-19e6b87d4ea6,Stepjack Front Raise,front_raise,Front Raise,"shoulder_press, lateral_raise, incline_bench_press",False,bodyweight,70,88,95,65
e035b1f3-810f-4752-b553-3caff1b574a5,Lying Rear Lateral Raise (Dumbbell),lateral_raise,Lateral Raise,"shoulder_press, front_raise, rear_delt_fly",True,dumbbell,92,90,92,90
e038c36a-0129-447e-8a8b-30035ff1c76f,Wrist Curl (Barbell),general_movement,Wrist Curl,,False,barbell,95,80,65,95
e03dbc35-ee2a-4151-bcd0-61df4db0f44b,Crescent Moon Pose Anjaneyasana,general_stretch,Stretch,,False,bodyweight,70,88,95,65
e043b2b5-2b29-4ae7-b6c5-836c66ab0c9b,Standing Backhand (Cable),back_exercise,Back Exercise,"bent_over_row, lat_pulldown",False,cable,85,88,30,92
e0540c4e-8e45-4593-886f-334cf2dd01c7,Hanging Leg Raise (Cable),hanging_leg_raise,Hanging Leg Raise,"crunch, plank, reverse_crunch",False,cable,85,88,30,92
e05e20a2-616c-44a6-9f98-8aa8bcdd4e90,Suspender Bicycle Crunch,bicycle_crunch,Bicycle Crunch,"leg_raise, plank, russian_twist",False,bodyweight,70,88,95,65
e087070a-76de-46ab-94f5-e6b4e9b1e351,Hyperextension (Dumbbell),back_extension,Back Extension,"romanian_deadlift, good_morning, glute_bridge",False,dumbbell,92,90,92,90
e094be2c-b1aa-42f2-9c2a-118f166fa1ef,Shrug (Barbell),shrug,Shrug,"upright_row, deadlift, bent_over_row",False,barbell,95,80,65,95
e0a401cd-f687-473e-972f-faae18ac7cb7,Inchworm,general_movement,Inchworm,,False,bodyweight,70,88,95,65
e0b8cb3d-297e-4e0e-a327-0627c9e03392,Lying Spiderman Crawl,general_movement,Lying Spiderman Crawl,,False,bodyweight,70,88,95,65
e0cc2585-46bd-4be7-be9b-5e0626d9a852,45 Degree Hyperextension (Arms Crossed),back_extension,Back Extension,"romanian_deadlift, good_morning, glute_bridge",False,bodyweight,70,88,95,65
e0df3c21-b926-4ee6-a0d8-f8bcdb9f7b5f,Twisting Knee Thrust,general_movement,Twisting Knee Thrust,,False,bodyweight,70,88,95,65
e0ebea37-b48c-4d30-8450-ce68b66db0bd,Weighted Plate Incline Triceps Extension,tricep_extension,Tricep Extension,"tricep_pushdown, skull_crusher, dip, bicep_curl",False,bodyweight,70,88,95,65
e0f1b3a4-444a-4bc7-b636-95db34f2770a,Standing Forward Bent Alternating Twist,general_movement,Standing Forward Bent Alternating Twist,,False,bodyweight,70,88,95,65
e1008108-4efa-4339-b3bb-255b83eadbf9,Jumping Jack Punch,jumping_jack,Jumping Jack,"burpee, high_knees, squat_jump",False,bodyweight,70,88,95,65
e10d7cae-4a59-4377-954d-7b7d3809944f,Side Step Folded Arms Lift,arm_exercise,Arm Exercise,"bicep_curl, tricep_extension",False,bodyweight,70,88,95,65
e1188952-d3e3-4bf8-ba5d-13ef2ab61055,Lying Leg Tuck Hip Twist Stretch,hip_stretch,Hip Stretch,,False,bodyweight,70,88,95,65
e11ad22b-ab20-432c-b53f-b3d730b1125a,Good Morning (Barbell),good_morning,Good Morning,"romanian_deadlift, hip_thrust, back_extension",False,barbell,95,80,65,95
e130db88-6547-471d-9045-45bf5a600d44,Lever T Bar Wide Grip Delt Row,machine_row,Machine Row,"lat_pulldown, face_pull, bicep_curl, rear_delt_fly",False,machine,80,75,20,88
e1353a21-9817-4e06-bb84-8a1c08a68d75,Seated Shoulder Tap On A Chair,shoulder_exercise,Shoulder Exercise,"shoulder_press, lateral_raise",False,bodyweight,70,88,95,65
e13c2e21-aeea-4bc3-9d97-55de2d425199,Lever Lying Knee Flexion,general_movement,Lever Lying Knee Flexion,,False,machine,80,75,20,88
e142258b-ee91-4866-9930-e348d2e6ad17,Standing Palms In Press (Dumbbell),press,Press,"bench_press, shoulder_press",False,dumbbell,92,90,92,90
e14a6480-95d2-44cf-a9e3-ca2935c2b52e,Side Plank With Raised Leg,side_plank,Side Plank,"crunch, leg_raise, russian_twist",False,bodyweight,70,88,95,65
e16030fd-6376-4271-950c-dd2861b47458,Standing Hammer Curl To Press (Dumbbell),hammer_curl,Hammer Curl,"bicep_curl, preacher_curl, reverse_curl",True,dumbbell,92,90,92,90
e1655a10-647b-4c72-8768-bf059da71894,Lying Hip Internal Rotation,general_movement,Lying Hip Internal Rotation,,False,bodyweight,70,88,95,65
e167b96c-1c12-4c87-891c-584300f09634,Decline Wide Grip Pullover (Barbell),pullover,Pullover,"lat_pulldown, straight_arm_pulldown, fly",False,barbell,95,80,65,95
e1686cc8-8960-45fe-bdf0-3846e56c2466,Otis Up,general_movement,Otis Up,,False,bodyweight,70,88,95,65
e16aaf52-7f45-44e0-814c-1ea5d0fa8f50,Hollow Hold,general_movement,Hollow Hold,,False,bodyweight,70,88,95,65
e1720536-da96-4d30-8977-bcba138551d4,Alternating Back Toe Tap Walk,back_exercise,Back Exercise,"bent_over_row, lat_pulldown",False,bodyweight,70,88,95,65
e17f279c-5d35-449e-81fb-f9068bd6c4e5,Body Saw Plank,plank,Plank,"crunch, leg_raise, russian_twist",True,bodyweight,70,88,95,65
e1840a18-e04a-45de-ad2b-dd26d8b174e4,Lying Single Leg Curl (Resistance Band),leg_exercise,Leg Exercise,"squat, leg_press",False,band,60,85,90,50
e18a4144-e980-449b-a987-a6c24898a1bf,Behind The Head Clap,general_movement,Behind The Head Clap,,False,bodyweight,70,88,95,65
e18f3044-55d0-4f7f-947e-097f7db18b0d,Standing Scapular Rotation,general_movement,Standing Scapular Rotation,,False,bodyweight,70,88,95,65
e191bbdf-fc45-44ad-9087-eeea262fbd19,Side Shuffle Swing,general_movement,Side Shuffle Swing,,False,bodyweight,70,88,95,65
e19a9e16-1c58-4bb8-845a-31f93f64085e,Hip Extension Stretch,hip_stretch,Hip Stretch,,False,bodyweight,70,88,95,65
e1a3beba-64c8-4471-9099-908d5dd69938,Single Leg Deadlift (Bodyweight),single_leg_deadlift,Single Leg Deadlift,"romanian_deadlift, bent_over_row, hip_thrust, squat",False,bodyweight,70,88,95,65
e1b55d27-0f34-4c5b-a16a-61bb3fcf73ba,Curtsey Lunge Hand Swipes,lunge,Lunge,"split_squat, step_up, squat, leg_press",False,bodyweight,70,88,95,65
e1bfa371-0497-4454-ba83-b8e7c39a7f06,Downward Dog Squat,squat,Squat,"leg_press, leg_extension, lunge, leg_curl",False,bodyweight,70,88,95,65
e1c3f8f0-d31e-4e37-9f0f-8f42ba540bb9,Single Stiff Leg Deadlift With Single Arm Row (Band),single_arm_row,Single Arm Row,"lat_pulldown, face_pull, bicep_curl, rear_delt_fly",False,band,60,85,90,50
e1cf7f64-3519-4061-9698-7482ffbe55f3,Lateral To Front Raise (Dumbbell),front_raise,Front Raise,"shoulder_press, lateral_raise, incline_bench_press",True,dumbbell,92,90,92,90
e1d2020f-80cb-4c5b-b4fb-a154fdef51a6,Overhead Triceps Extension (Bodyweight),overhead_tricep_extension,Overhead Tricep Extension,"tricep_pushdown, skull_crusher, dip, bicep_curl",False,bodyweight,70,88,95,65
e1d78430-28fe-46fc-915a-bd73b2e57ea7,Leg Raises Hold On Chair,leg_raise,Leg Raise,"crunch, plank, reverse_crunch",False,bodyweight,70,88,95,65
e1e397e7-fad9-4274-824d-408672e4c3c2,Side Lying Scissors,general_movement,Side Lying Scissors,,False,bodyweight,70,88,95,65
e1ea9177-9043-498a-8e29-d1db96663c83,One Arm Military Press To The Side (Kettlebell),shoulder_press,Shoulder Press,"lateral_raise, front_raise, tricep_extension",False,kettlebell,75,85,85,78
e1fa6215-cd50-4d1c-94d7-667535534cbb,Cross Left Uppercut Cross Left Hook (combo),general_movement,Cross Left Uppercut Cross Left Hook,,False,bodyweight,70,88,95,65
e1fb3a42-f84a-4477-a0b0-aa5dba91a914,Side Lying Biceps Curl (Bodyweight),bicep_curl,Bicep Curl,"hammer_curl, preacher_curl, tricep_extension",False,bodyweight,70,88,95,65
e1ff9aa4-59b8-4bee-940c-e0dba951c9a7,Seated Alternate Butterfly Knee Raise,fly,Chest Fly,"bench_press, incline_fly, push_up",False,bodyweight,70,88,95,65
e21ad1a3-67d7-4210-9da6-2a069767e538,Elbow Touch And Press Up,press,Press,"bench_press, shoulder_press",False,bodyweight,70,88,95,65
e22b5125-5160-44ae-8d0f-6cb5816d818f,Ring Hip Lift Single Leg Curl,leg_curl,Leg Curl,"romanian_deadlift, hip_thrust, leg_extension",False,bodyweight,70,88,95,65
e24f6929-12f2-4048-8e66-0037f3ad9260,Cat Pose,general_stretch,Stretch,,False,bodyweight,70,88,95,65
e2602bd2-9a32-455b-92fc-b1d577fc6315,Hammer Curl (Resistance Band),hammer_curl,Hammer Curl,"bicep_curl, preacher_curl, reverse_curl",False,band,60,85,90,50
e2640054-29de-4afb-b95a-fd851c9ea06c,Weighted Lying Side Lifting Head (with Head Harnes,general_movement,Weighted Lying Side Lifting Head,,False,bodyweight,70,88,95,65
e27b865c-fd73-45d6-b8c6-cd61cdeb946d,Hammer Strict Curl (Dumbbell),hammer_curl,Hammer Curl,"bicep_curl, preacher_curl, reverse_curl",True,dumbbell,92,90,92,90
e27bb9b6-3b52-4168-97a0-0826e62af7a3,Hip Thrust (Dumbbell),hip_thrust,Hip Thrust,"glute_bridge, romanian_deadlift, leg_curl",False,dumbbell,92,90,92,90
e28254da-076e-4b35-99ab-f1b5c1583174,Suspender One Arm Leg Push Up,push_up,Push Up,"bench_press, fly, dip, tricep_extension",True,bodyweight,70,88,95,65
e283decd-d411-4dad-9f0f-7f7015ca2cb4,Heels Squat Slide Wall,squat,Squat,"leg_press, leg_extension, lunge, leg_curl",False,bodyweight,70,88,95,65
e2850dd5-a745-4cb9-93c9-40aa52dfe4b8,Suspender Squat,squat,Squat,"leg_press, leg_extension, lunge, leg_curl",False,bodyweight,70,88,95,65
e29c0876-2f70-4272-b791-1a79bac75263,Incline Fly (Band),incline_fly,Incline Fly,"fly, incline_bench_press",False,band,60,85,90,50
e29c375b-dfd6-4d86-b7d8-0f08dc2f27df,Straight Leg Diagonal Kickback (Cable),back_exercise,Back Exercise,"bent_over_row, lat_pulldown",False,cable,85,88,30,92
e2a46362-1465-4f0c-96c5-f947ca5e1e40,Plank Row,bent_over_row,Bent Over Row,"lat_pulldown, face_pull, bicep_curl, rear_delt_fly",False,bodyweight,70,88,95,65
e2abf1f0-4dd7-4292-a2da-461cab62cb84,Side Step Arm Curl,bicep_curl,Bicep Curl,"hammer_curl, preacher_curl, tricep_extension",False,bodyweight,70,88,95,65
e2b63a79-5104-45f6-8462-c74cb2e31529,Superman Open Up,general_movement,Superman Open Up,,False,bodyweight,70,88,95,65
e2b7e878-d271-455e-b2e1-c0b93ce4141a,Chair Sit Alternate Heel Raise Against Wall,raise,Raise,"lateral_raise, front_raise",False,bodyweight,70,88,95,65
e2bc1933-6578-4801-be5c-22a20e3bd1a6,Seated Cross Body Punch On A Chair,general_movement,Seated Cross Body Punch On A Chair,,False,bodyweight,70,88,95,65
e2c12dfc-fe3c-4207-8eba-10b483b0c9b8,Standing Swim And Jog,running,Running,,False,bodyweight,70,88,95,65
e2ca8ab4-8ae3-42a8-a867-2bbf5c936ad1,Plank Prone Plate Switch,plank,Plank,"crunch, leg_raise, russian_twist",True,bodyweight,70,88,95,65
e2cee968-b091-498b-9674-0793a821f7a5,Kneeling Hip Opener Into Forward Lunge And Hamstri,lunge,Lunge,"split_squat, step_up, squat, leg_press",False,bodyweight,70,88,95,65
e2db9ad6-977c-446a-a47b-f75789619925,Assisted Pull Up (Band),pull_up,Pull Up,"lat_pulldown, bent_over_row, bicep_curl",False,band,60,85,90,50
e2eb5554-8d2f-4b26-9d7c-0c6bee7a5f3e,Standing Balance Fist Up Side Leg Raise,leg_raise,Leg Raise,"crunch, plank, reverse_crunch",False,bodyweight,70,88,95,65
e2f2713a-f815-48c1-a244-9126d17cd2d0,Standing Hip Controlled Articular Rotation,general_movement,Standing Hip Controlled Articular Rotation,,False,bodyweight,70,88,95,65
e2fef018-1a89-442a-8935-b0a1b4807a9b,Weighted Sissy Squat,squat,Squat,"leg_press, leg_extension, lunge, leg_curl",False,bodyweight,70,88,95,65
e30bb44c-939d-4624-a985-877e5dea85ec,Squat (Dumbbell),squat,Squat,"leg_press, leg_extension, lunge, leg_curl",False,dumbbell,92,90,92,90
e3127c6f-c403-4f5f-8960-71ae74815419,Vibrate Plate Lunge,lunge,Lunge,"split_squat, step_up, squat, leg_press",False,bodyweight,70,88,95,65
e33f0517-a045-4fbf-ac78-335dc4611eb9,Side Swim Arms,arm_exercise,Arm Exercise,"bicep_curl, tricep_extension",False,bodyweight,70,88,95,65
e3489fff-211e-4d23-b714-f2c8149dc4ab,Lever Back Extension,back_extension,Back Extension,"romanian_deadlift, good_morning, glute_bridge",False,machine,80,75,20,88
e35689d1-0564-4515-a435-8fe24c170d5d,Sled 45 Calf Press,calf_raise,Calf Raise,leg_press,False,bodyweight,70,88,95,65
e35fd0c4-4108-4e66-beb5-c0ac89a3477c,Frog Pump (Bodyweight),general_movement,Frog Pump,,False,bodyweight,70,88,95,65
e36aeb96-f67c-41cd-b55f-7fa8cc452e58,Slight Squat Torso Twist,squat,Squat,"leg_press, leg_extension, lunge, leg_curl",False,bodyweight,70,88,95,65
e36dc3ed-4d0e-42d8-b8c7-96c1d2ea98f9,Cat Stretch,general_stretch,Stretch,,False,bodyweight,70,88,95,65
e37757ea-b8eb-45bb-ad28-a068b5525ba1,Side Lying Hip Adduction,hip_adduction,Hip Adduction,"hip_abduction, sumo_squat, lunge",False,bodyweight,70,88,95,65
e37b3b61-de42-422e-83bc-fc5aeda6ab59,Single Leg Low Box Squat,box_squat,Box Squat,"leg_press, leg_extension, lunge, leg_curl",False,bodyweight,70,88,95,65
e37e517e-cbb8-44ce-8200-2c4b8d3bc9d9,Double Elbow Raise And Double Elbow Clap,raise,Raise,"lateral_raise, front_raise",False,bodyweight,70,88,95,65
e38e8f4d-febc-4ca8-a411-865c19ff4bbd,Reverse Lunge Knee Drive (front Pov),reverse_lunge,Reverse Lunge,"split_squat, step_up, squat, leg_press",False,bodyweight,70,88,95,65
e39f9d56-458d-4b28-947c-7357b0ebf6d1,Isometric Wipers,general_movement,Isometric Wipers,,False,bodyweight,70,88,95,65
e3a96e04-6e1a-4d31-8859-1674a560eb3e,Bench Press (Dumbbell),bench_press,Bench Press,"incline_bench_press, fly, tricep_pushdown, dip",False,dumbbell,92,90,92,90
e3c0106b-8eea-41c2-acfd-f220239adb54,Pigeon Pose Rock To Active Quad Stretch,quad_stretch,Quad Stretch,,False,bodyweight,70,88,95,65
e3c5f91d-9f0d-4f1b-9a0c-8df271e1461e,Hip Flexor Stretch Rear Foot Elevated,hip_stretch,Hip Stretch,,False,bodyweight,70,88,95,65
e3c611e8-82b7-4024-be51-bfbda5a3b25d,Lying Hip Lift (on Stability Ball),core_exercise,Core Exercise,"crunch, plank",False,bodyweight,70,88,95,65
e3cd6779-e24d-42e0-8aa4-b8b89c549cdb,Incline Reverse Grip Press (Barbell),press,Press,"bench_press, shoulder_press",False,barbell,95,80,65,95
e3d01780-aba1-4abc-b9fb-11697c35ef38,Bird Dog Hold,general_movement,Bird Dog Hold,,False,bodyweight,70,88,95,65
e3d1129f-647c-4105-a24a-7395ccacbf69,Smith Toe Raise,raise,Raise,"lateral_raise, front_raise",False,smith_machine,72,70,25,80
e3d5861b-390c-4c27-bd52-0ca368b75030,Lunges (Band),lunge,Lunge,"split_squat, step_up, squat, leg_press",False,band,60,85,90,50
e3df1164-9747-4408-8cc8-e20274cda4d3,Walking On Stepmill,general_movement,Walking On Stepmill,,False,bodyweight,70,88,95,65
e3e25c32-fd47-4046-99e3-7ed89411e453,Standing Reverse Grip Curl (Straight Bar) (Cable),reverse_curl,Reverse Curl,"bicep_curl, hammer_curl, wrist_curl",False,cable,85,88,30,92
e3fc865c-a76e-4af4-86ad-de15c86e1326,Rotating Neck Stretch,general_stretch,Stretch,,False,bodyweight,70,88,95,65
e401ac9a-8010-46a8-a482-1f0c2a380f24,Deadlift Back,deadlift,Deadlift,"romanian_deadlift, bent_over_row, hip_thrust, squat",False,bodyweight,70,88,95,65
e4155a08-72f0-4230-9bb4-94e6841c575a,Sitting Bench Face Pull (Rope),face_pull,Face Pull,"rear_delt_fly, lateral_raise, bent_over_row",False,bodyweight,70,88,95,65
e419c4ff-6077-429d-89cc-6f4296876215,Yin Yang Leg Lift,leg_exercise,Leg Exercise,"squat, leg_press",False,bodyweight,70,88,95,65
e42ec938-1ebb-47b2-a580-e3c2187274aa,Front Rack Split Squat (Barbell),front_squat,Front Squat,"leg_press, leg_extension, lunge, leg_curl",False,barbell,95,80,65,95
e43df8c0-c97d-49fc-be41-be1938e8c71d,Side Bend (Cable),core_exercise,Core Exercise,"crunch, plank",False,cable,85,88,30,92
e44a8b8b-09c5-4692-84f0-ea5dcd6b3277,Side Step Top And Forward Punch,general_movement,Side Step Top And Forward Punch,,False,bodyweight,70,88,95,65
e44c41d0-aa76-413c-b215-fb1ea8600416,90 Degrees Internal Rotation Catch (Cable),core_exercise,Core Exercise,"crunch, plank",False,cable,85,88,30,92
e45dfe25-04e1-4750-b084-dc3db7f8502c,Chin Tuck Against The Wall,general_movement,Chin Tuck Against The Wall,,False,bodyweight,70,88,95,65
e467eb0e-3487-47f2-9361-0f763520f20f,Seated Rear Delt Raise (Cable),rear_delt_fly,Rear Delt Fly,"face_pull, lateral_raise, bent_over_row",False,cable,85,88,30,92
e46f8ecb-09f1-4140-b4d4-42faa6126f46,Lying Leg Raise And Hold,leg_raise,Leg Raise,"crunch, plank, reverse_crunch",False,bodyweight,70,88,95,65
e473eab9-701a-40f2-9feb-51c19b571f97,Decline Overhead Sit Up (Dumbbell),crunch,Crunch,"leg_raise, plank, russian_twist",False,dumbbell,92,90,92,90
e4744a31-9205-469a-b80f-9fc69f5b2be3,Standing Row (Resistance Band),bent_over_row,Bent Over Row,"lat_pulldown, face_pull, bicep_curl, rear_delt_fly",False,band,60,85,90,50
e4782bd8-e03a-47c4-a517-8fbd19aedc87,Cross Body Heel Tap,general_movement,Cross Body Heel Tap,,False,bodyweight,70,88,95,65
e47f2b32-1903-4a34-bd53-b2ff9e21098e,Hanging Tucked Front Lever Hold,general_movement,Hanging Tucked Front Lever Hold,,False,machine,80,75,20,88
e48bb856-02a5-4a93-b7de-2984c1a2581c,Half Kneeling Chop (Band),general_movement,Half Kneeling Chop,,False,band,60,85,90,50
e48ddf36-f38c-4ab9-8267-6ad8e7609d36,Middle Fly (Band),fly,Chest Fly,"bench_press, incline_fly, push_up",False,band,60,85,90,50
e48f346b-cf1f-4eec-87db-2810d24fec06,Lever Angled Single Leg Press,leg_press,Leg Press,"squat, leg_extension, leg_curl, hack_squat",True,machine,80,75,20,88
e49fe232-1de1-484f-bdce-91b05238a161,Sitting Lateral Raise On A Chair (Resistance Band),lateral_raise,Lateral Raise,"shoulder_press, front_raise, rear_delt_fly",False,band,60,85,90,50
e4a2f672-c369-4112-ad5f-53a179c32603,Rear Delt Row (Band),rear_delt_fly,Rear Delt Fly,"face_pull, lateral_raise, bent_over_row",False,band,60,85,90,50
e4ad1f25-fd3d-4d27-8ff5-9232b88451e0,Reverse Hyperextension On Stability Ball,back_extension,Back Extension,"romanian_deadlift, good_morning, glute_bridge",False,bodyweight,70,88,95,65
e4b18827-1275-4231-9755-2e2dff7fdc81,Calves Stretch,general_stretch,Stretch,,False,bodyweight,70,88,95,65
e4bb63f3-d5c6-4f5c-b941-2fe38a32f78f,Standing Side Bend (bent Arm),arm_exercise,Arm Exercise,"bicep_curl, tricep_extension",False,bodyweight,70,88,95,65
e4bd9da0-70a4-41d4-afb1-7c99988e4218,Standing Inverted Row,inverted_row,Inverted Row,"lat_pulldown, face_pull, bicep_curl, rear_delt_fly",False,bodyweight,70,88,95,65
e4c44b54-7342-469b-a682-6d3e12991e8c,Swing (Kettlebell),kettlebell_swing,Kettlebell Swing,"hip_thrust, deadlift, clean",False,kettlebell,75,85,85,78
e4e06d32-0ffe-4df1-a40a-8edc4c73b9b8,Staggered Leg Glute Bridge,glute_bridge,Glute Bridge,"hip_thrust, romanian_deadlift, leg_curl",False,bodyweight,70,88,95,65
e4e78dbb-8e70-4472-8b86-2eaff691b4bf,Incline Twisting Sit Up,crunch,Crunch,"leg_raise, plank, russian_twist",True,bodyweight,70,88,95,65
e4eb8742-c5a6-4276-8a7f-c7ceaf3cc55b,Hamstrings Lying Stretch,hamstring_stretch,Hamstring Stretch,,False,bodyweight,70,88,95,65
e4f0416b-0742-4791-bbae-2287e86803e9,Arms Out Squat (Bodyweight),squat,Squat,"leg_press, leg_extension, lunge, leg_curl",False,bodyweight,70,88,95,65
e503714a-fe4b-4820-9004-8b835cec0295,Lever Seated Single Leg Curl (plate Loaded),seated_leg_curl,Seated Leg Curl,"romanian_deadlift, hip_thrust, leg_extension",False,machine,80,75,20,88
e5095e41-4035-4482-a682-29be9b864053,Thomas Frontal Test,general_movement,Thomas Frontal Test,,False,bodyweight,70,88,95,65
e50e2885-f37d-41d8-8f7a-87f315d40728,Banded Hip Thrust (Barbell),hip_thrust,Hip Thrust,"glute_bridge, romanian_deadlift, leg_curl",False,barbell,95,80,65,95
e5124f94-0d3d-4161-bf9e-eaab737ac696,Seated Lean Back On A Chair,back_exercise,Back Exercise,"bent_over_row, lat_pulldown",False,bodyweight,70,88,95,65
e5164506-c926-4687-a2d5-8b18aae415e1,Sitting Lateral Raise On A Chair,lateral_raise,Lateral Raise,"shoulder_press, front_raise, rear_delt_fly",False,bodyweight,70,88,95,65
e51b9fc1-9f6f-4ed9-b548-7790089f9647,Sitting Swimmer On A Chair,general_movement,Sitting Swimmer On A Chair,,False,bodyweight,70,88,95,65
e51c39b6-643c-40d4-ab49-847f7e492712,Standing Prone Y Raise (Dumbbell),raise,Raise,"lateral_raise, front_raise",False,dumbbell,92,90,92,90
e528869c-24b3-4d17-afb0-fb720adc020a,Side Step Diagonal Reaches,general_movement,Side Step Diagonal Reaches,,False,bodyweight,70,88,95,65
e529309a-1055-4dcf-86b0-0b78d4743d4a,Bent Leg Kickback (kneeling),back_exercise,Back Exercise,"bent_over_row, lat_pulldown",False,bodyweight,70,88,95,65
e539ad25-c4de-4a28-9774-257ef9bac357,Weighted Plate Pullover,pullover,Pullover,"lat_pulldown, straight_arm_pulldown, fly",False,bodyweight,70,88,95,65
e5421fd6-c598-4e1f-9406-5c2a2a3a0680,Single Arm Wall Push Up,push_up,Push Up,"bench_press, fly, dip, tricep_extension",True,bodyweight,70,88,95,65
e56972f4-cf6f-4240-af5a-93934ecad1b3,EZ (Barbell) Curl,bicep_curl,Bicep Curl,"hammer_curl, preacher_curl, tricep_extension",False,barbell,95,80,65,95
e5720ffe-0904-4f36-9d27-9da14efe6958,Plyo Squat Side Bend,squat,Squat,"leg_press, leg_extension, lunge, leg_curl",False,bodyweight,70,88,95,65
e57e32f4-0975-4217-ae19-74ac12e9126b,Clean High Pull (Barbell),clean,Clean,"deadlift, front_squat, snatch, shrug",False,barbell,95,80,65,95
e586844d-81c4-43dc-b0a0-675ce996f57c,Forward Fold Squat Mobilization,general_stretch,Stretch,,False,bodyweight,70,88,95,65
e591d1bc-d053-47b4-ba12-addcca9d5d73,Side Lying Internal Rotation,general_movement,Side Lying Internal Rotation,,False,bodyweight,70,88,95,65
e5978ea4-155a-451f-9d2d-0d4109b265e3,Middle Fly (Cable),fly,Chest Fly,"bench_press, incline_fly, push_up",False,cable,85,88,30,92
e5a0e685-96aa-4b70-b177-9b86e93a4ec5,Lying Extension Pullover (with Rope Attachme (Cable),pullover,Pullover,"lat_pulldown, straight_arm_pulldown, fly",False,cable,85,88,30,92
e5ac7b46-d957-45a3-8e01-4947ac2332ea,Reverse Spider Curl (Barbell),reverse_curl,Reverse Curl,"bicep_curl, hammer_curl, wrist_curl",False,barbell,95,80,65,95
e5c917d8-2d76-4c01-84a2-cf84238eab6b,Wide Stance Side Bend,general_movement,Wide Stance Side Bend,,False,bodyweight,70,88,95,65
e5cf2136-2738-4e91-8cf0-f2f49be88c60,Bent Leg Side Kick (kneeling),leg_exercise,Leg Exercise,"squat, leg_press",False,bodyweight,70,88,95,65
e5d7c27d-d075-4b33-925a-520e4bef20a0,Kneeling Medial Hamstring Groin Reach,hamstring_exercise,Hamstring Exercise,"leg_curl, romanian_deadlift",False,bodyweight,70,88,95,65
e5dc73cf-c1fe-4506-9706-f4f0e1baae75,Sit Up To Mountain Hop,crunch,Crunch,"leg_raise, plank, russian_twist",True,bodyweight,70,88,95,65
e5e160eb-d8bd-4109-be88-33cb3fb9820c,Kneeling Wrist Sinkers,general_movement,Kneeling Wrist Sinkers,,False,bodyweight,70,88,95,65
e5e7a131-e641-4af4-9608-2aa038f2849a,Side Walk Elbow Open,general_movement,Side Walk Elbow Open,,False,bodyweight,70,88,95,65
e5f2e432-a326-4ab2-97f6-eaf237f85d06,Suspender Mountain Climber,mountain_climber,Mountain Climber,"plank, burpee, high_knees",False,bodyweight,70,88,95,65
e5ff3626-1da3-4047-9224-a8e192071e34,Lever Pistol Squat,pistol_squat,Pistol Squat,"leg_press, leg_extension, lunge, leg_curl",False,machine,80,75,20,88
e6043390-2f27-44b0-ac9f-a75f396a4ef0,Lever Full Squat,squat,Squat,"leg_press, leg_extension, lunge, leg_curl",False,machine,80,75,20,88
e6082981-1c26-47a1-b988-02989b19afc3,Pistol Squat With Chair,pistol_squat,Pistol Squat,"leg_press, leg_extension, lunge, leg_curl",False,bodyweight,70,88,95,65
e61410ec-aa48-4d2b-949e-d108cc8fd52b,Lying Leg Raise (hip) (Resistance Band),leg_raise,Leg Raise,"crunch, plank, reverse_crunch",False,band,60,85,90,50
e626e4e9-0c44-4f22-b844-fab9692d9565,Kneeling Lateral Lunge,lateral_lunge,Lateral Lunge,"split_squat, step_up, squat, leg_press",False,bodyweight,70,88,95,65
e627a8d7-4a33-4d7b-9080-cfe85f24d279,Standing One Arm Concentration Curl (Dumbbell),concentration_curl,Concentration Curl,"bicep_curl, preacher_curl, hammer_curl",True,dumbbell,92,90,92,90
e6282ecf-0248-4aa5-9384-adb57b36f276,Wide Grip Rear Pull Up,pull_up,Pull Up,"lat_pulldown, bent_over_row, bicep_curl",True,bodyweight,70,88,95,65
e62c1d0d-70d3-4bac-81fc-1c5ee3333a4d,Suspender Single Arm Rear Delt Row,rear_delt_fly,Rear Delt Fly,"face_pull, lateral_raise, bent_over_row",False,bodyweight,70,88,95,65
e6335d98-8bf4-4995-a682-40164b38ccc4,Stability Ball Crunch (full Range Hands Behind Head),crunch,Crunch,"leg_raise, plank, russian_twist",True,bodyweight,70,88,95,65
e6412f7f-8919-412e-8b95-0d0a444c6309,Walking Low Lunge (Bodyweight),walking_lunge,Walking Lunge,"split_squat, step_up, squat, leg_press",False,bodyweight,70,88,95,65
e64cba35-59d3-43ef-9fe2-3e310fbbff3f,Sitting Lotus Rest Pose (front Pov),general_stretch,Stretch,,False,bodyweight,70,88,95,65
e652a816-8521-4114-be23-018d97ef533c,Side Push Up,push_up,Push Up,"bench_press, fly, dip, tricep_extension",True,bodyweight,70,88,95,65
e652b9a5-fd0f-45d6-9d33-7b733039f1dc,Lying Leg Raise,leg_raise,Leg Raise,"crunch, plank, reverse_crunch",False,bodyweight,70,88,95,65
e657bb98-7be8-479e-a337-8a45f0030e3c,Smith Standing Military Press,shoulder_press,Shoulder Press,"lateral_raise, front_raise, tricep_extension",False,smith_machine,72,70,25,80
e665ba51-28f8-47d6-a6c6-1241ded80d83,Kneeling Back And Side Leg Lift,back_exercise,Back Exercise,"bent_over_row, lat_pulldown",False,bodyweight,70,88,95,65
e668fea4-67a8-4c3e-9159-3aa6c6bebe45,Hang Snatch (Barbell),snatch,Snatch,"clean, overhead_squat, deadlift",False,barbell,95,80,65,95
e66c7e70-7882-4a68-8e89-aa8a0d687830,Walking On Stepmill,general_movement,Walking On Stepmill,,False,bodyweight,70,88,95,65
e671e055-48dd-4d77-a4bf-74b797c2b350,Alternating Floor Press (Dumbbell),press,Press,"bench_press, shoulder_press",False,dumbbell,92,90,92,90
e68fbfb2-c2e1-4043-8a8e-731c92ede78d,Incline Alternate Hammer Curl (Band),hammer_curl,Hammer Curl,"bicep_curl, preacher_curl, reverse_curl",False,band,60,85,90,50
e69557e1-7921-41fa-8135-317abd6aba1b,Floor T Raise,raise,Raise,"lateral_raise, front_raise",False,bodyweight,70,88,95,65
e6bb2a9c-ee47-4295-b1ec-862e6e19271f,Alternating Press On Floor (Kettlebell),press,Press,"bench_press, shoulder_press",False,kettlebell,75,85,85,78
e6be12cf-f746-474e-b0ce-bd1a854b26de,Single Leg Squat (pistol),pistol_squat,Pistol Squat,"leg_press, leg_extension, lunge, leg_curl",False,bodyweight,70,88,95,65
e6c26fcf-a683-441f-95f2-abbdcb52f315,Stepback Floor Tap Diagonal Reach,back_exercise,Back Exercise,"bent_over_row, lat_pulldown",False,bodyweight,70,88,95,65
e6fb3a58-455e-4e12-afc2-65cc1c3e8278,Knees And Toes Point In Squat Slide Wall,squat,Squat,"leg_press, leg_extension, lunge, leg_curl",False,bodyweight,70,88,95,65
e7004573-0092-4c0d-8eed-2b6e57144639,Palm Rotational Bent Over Row (Dumbbell),bent_over_row,Bent Over Row,"lat_pulldown, face_pull, bicep_curl, rear_delt_fly",False,dumbbell,92,90,92,90
e7007d8b-225c-4b3a-a1db-ee1670d1bb21,Walk (Resistance Band),general_movement,Walk,,False,band,60,85,90,50
e709c9d7-e367-4e57-8368-70f9cbecc185,Bent Arm Lift,arm_exercise,Arm Exercise,"bicep_curl, tricep_extension",False,bodyweight,70,88,95,65
e717f4a8-6d48-4ce6-bfca-ae91e777396c,Stability Ball Rounded Rollout,core_exercise,Core Exercise,"crunch, plank",False,bodyweight,70,88,95,65
e726e741-c650-42f4-93a1-1ec0e3852203,V Up Double Crunch,crunch,Crunch,"leg_raise, plank, russian_twist",True,bodyweight,70,88,95,65
e727bc87-68b2-4d54-8f80-fcdc6a133e4d,Single Arm Side Straight Arm Lat Pulldown,straight_arm_pulldown,Straight Arm Pulldown,"lat_pulldown, pullover, bent_over_row",False,bodyweight,70,88,95,65
e7291b1c-106c-4e7b-917d-406ad2ac2c1d,Explosive Kneeling Push Up,push_up,Push Up,"bench_press, fly, dip, tricep_extension",True,bodyweight,70,88,95,65
e72f4543-8ac3-4de0-949d-95c3f69c720f,Standing Scapular Rotation (back Pov),back_exercise,Back Exercise,"bent_over_row, lat_pulldown",False,bodyweight,70,88,95,65
e733f4d7-1248-4f36-b364-0be5ff97d141,Kneeling Finger Push Up,push_up,Push Up,"bench_press, fly, dip, tricep_extension",True,bodyweight,70,88,95,65
e74ae33c-56e5-4b3f-a301-baf866ae16ed,Weighted Bottle Russian Twist With Legs Floor Off,russian_twist,Russian Twist,"oblique_crunch, woodchop, side_plank",False,bodyweight,70,88,95,65
e757817b-9044-434b-97bd-cadf7be898fa,Incline Hammer Curl (Dumbbell),hammer_curl,Hammer Curl,"bicep_curl, preacher_curl, reverse_curl",True,dumbbell,92,90,92,90
e75a4a4e-e81f-43c3-8e13-491f68f7b4b5,Neutral Grip Chin Up,chin_up,Chin Up,"lat_pulldown, bent_over_row, bicep_curl",True,bodyweight,70,88,95,65
e7686887-ba8b-47e5-bb5a-539a28d57fc2,Cat Cow To Wide Downward Dog Calf Stretch,calf_stretch,Calf Stretch,,False,bodyweight,70,88,95,65
e772b01a-562b-412e-944f-874a81489393,Smith Split Squat,split_squat,Split Squat,"leg_press, leg_extension, lunge, leg_curl",False,smith_machine,72,70,25,80
e777aecd-ab19-4c8b-8d2f-e5822094f098,Jab Cross Slip Right Cross Left Hook (combo),core_exercise,Core Exercise,"crunch, plank",False,bodyweight,70,88,95,65
e77c228d-d6c8-42b7-b74c-1b3a88564760,Half Kneeling One Arm Bottoms Up Press (Kettlebell),press,Press,"bench_press, shoulder_press",False,kettlebell,75,85,85,78
e7c39339-94d8-4ecb-b534-d5cb930ee8b8,Triceps Dip Floor To Table Top Plank,dip,Dip,"bench_press, tricep_pushdown, push_up",True,bodyweight,70,88,95,65
e7c7a9ff-9b99-4486-b31f-2834d5cdc3ef,Lateral Raise (Band),lateral_raise,Lateral Raise,"shoulder_press, front_raise, rear_delt_fly",False,band,60,85,90,50
e7e4436a-fd8a-40b0-af70-db8b7f913487,Kneeling Fire Hydrant Cross Knee Tap,hip_abduction,Hip Abduction,"hip_adduction, glute_kickback, hip_thrust",False,bodyweight,70,88,95,65
e7e6a140-55f8-49eb-bd6f-dacf463cde07,Wrist Curl (Cable),core_exercise,Core Exercise,"crunch, plank",False,cable,85,88,30,92
e7e7f6da-0972-44a7-ba73-9033d390cd43,Seated Wrist Extensors Stretch,general_stretch,Stretch,,False,bodyweight,70,88,95,65
e7ea18b7-c095-4562-b632-a29bdb1bb2ea,4 Way Single Leg Hop,leg_exercise,Leg Exercise,"squat, leg_press",False,bodyweight,70,88,95,65
e7ef53e7-6b94-4177-a349-43e55020a576,V Sit Against Wall,general_movement,V Sit Against Wall,,False,bodyweight,70,88,95,65
e8079032-2e3e-4006-ad00-a7b1b887f995,Standing Single Front Leg Circle Chair Supported (,leg_exercise,Leg Exercise,"squat, leg_press",False,bodyweight,70,88,95,65
e8095632-e5e1-447d-895e-ab24714eef8d,Lever Good Morning On The Hack Squat Machine,hack_squat,Hack Squat,"leg_press, leg_extension, lunge, leg_curl",True,machine,80,75,20,88
e809ed4e-8adc-4054-b308-3fdfea7b8ca1,Plank Row (Dumbbell),bent_over_row,Bent Over Row,"lat_pulldown, face_pull, bicep_curl, rear_delt_fly",False,dumbbell,92,90,92,90
e80f2023-7c12-4a4f-b0c6-05c88afaf5bf,Lying Leg Raise Flat Bench,leg_raise,Leg Raise,"crunch, plank, reverse_crunch",False,bodyweight,70,88,95,65
e82084b7-507b-45a7-8f60-4ab1c38baddc,Shuffle Air Bike,cycling,Cycling,,False,bodyweight,70,88,95,65
e8232893-5c31-4248-af04-392ebd8c4ef1,Crunch (on Bench),crunch,Crunch,"leg_raise, plank, russian_twist",True,bodyweight,70,88,95,65
e8564066-3f05-42f8-a4bc-8807fefa44cd,Standing Two Side Bend,general_movement,Standing Two Side Bend,,False,bodyweight,70,88,95,65
e85de626-fb22-4679-afd0-2d23082b7c0a,Clean And Press (Barbell),press,Press,"bench_press, shoulder_press",False,barbell,95,80,65,95
e85e2447-9f58-4edc-8fea-a3240c257c76,Standing Triceps Extension (Dumbbell),tricep_extension,Tricep Extension,"tricep_pushdown, skull_crusher, dip, bicep_curl",False,dumbbell,92,90,92,90
e85f50c0-7e25-418e-9750-c3b9831ac68d,Curl (Cable),bicep_curl,Bicep Curl,"hammer_curl, preacher_curl, tricep_extension",False,cable,85,88,30,92
e864c8ac-86fb-436d-9676-46c447898465,Kneeling Opposite Shoulder Press (Dumbbell),shoulder_press,Shoulder Press,"lateral_raise, front_raise, tricep_extension",False,dumbbell,92,90,92,90
e87185dd-9488-459d-8d44-4a069de7b731,Backkick Side Step,back_exercise,Back Exercise,"bent_over_row, lat_pulldown",False,bodyweight,70,88,95,65
e875748e-4bd8-4712-92c4-e8cfa0ccb058,Side Squat With Towel (Bodyweight),squat,Squat,"leg_press, leg_extension, lunge, leg_curl",False,bodyweight,70,88,95,65
e877c083-a674-42b0-ba9b-82f113d7a41e,Side Step Row,bent_over_row,Bent Over Row,"lat_pulldown, face_pull, bicep_curl, rear_delt_fly",False,bodyweight,70,88,95,65
e8878e59-a821-4f4c-a6ec-e48a6bc47233,Squat To Front Leg (Bodyweight),front_squat,Front Squat,"leg_press, leg_extension, lunge, leg_curl",False,bodyweight,70,88,95,65
e88b3885-2871-40e7-bcac-8417c345131b,Mountain Climber Burpee,burpee,Burpee,"push_up, squat_jump, mountain_climber",True,bodyweight,70,88,95,65
e88b391a-5e51-456b-870b-257b2dd54cd3,45 Degree Hip Extension Glute Focus (Resistance Band),extension,Extension,"tricep_extension, leg_extension",False,band,60,85,90,50
e88b5770-7764-4f32-a259-7c4700804ebd,Lying Roll Up Pilates,general_movement,Lying Roll Up Pilates,,False,bodyweight,70,88,95,65
e88cef13-f412-402b-80a8-80a1eaf3df61,Sled 45 Degrees Leg Press,leg_press,Leg Press,"squat, leg_extension, leg_curl, hack_squat",False,bodyweight,70,88,95,65
e896be8e-9055-41df-921b-c4da74422a59,Standing Side Crunch Elbow To Knee,oblique_crunch,Oblique Crunch,"leg_raise, plank, russian_twist",False,bodyweight,70,88,95,65
e89d6d68-59cc-4fcc-9825-28962d04f8e2,Neutral Grip Lat Pulldown (Cable),lat_pulldown,Lat Pulldown,"pull_up, bent_over_row, bicep_curl, face_pull",True,cable,85,88,30,92
e8a5f4aa-8deb-4540-abbc-b850587e04fd,Chest Dip On Bench,dip,Dip,"bench_press, tricep_pushdown, push_up",True,bodyweight,70,88,95,65
e8ab49c0-0963-4fec-bb0c-5196d4c4b64a,L Sit Rope Climb,general_movement,L Sit Rope Climb,,False,bodyweight,70,88,95,65
e8b16e8b-83d9-4014-9839-6e64ac422a84,Seated Calf Raise On A Chair,seated_calf_raise,Seated Calf Raise,leg_press,False,bodyweight,70,88,95,65
e8be4c73-5813-4588-ba1f-633adff6f874,Arm Circle Stepback,back_exercise,Back Exercise,"bent_over_row, lat_pulldown",False,bodyweight,70,88,95,65
e8c75e6c-c24d-44e2-857e-63586a377c4a,Alternating Sliding Leg Curl On Floor With Towel,leg_curl,Leg Curl,"romanian_deadlift, hip_thrust, leg_extension",False,bodyweight,70,88,95,65
e8d05263-6f4c-4702-bf10-e75e9fce3d60,Peterson Forward Side Step,general_movement,Peterson Forward Side Step,,False,bodyweight,70,88,95,65
e8e70e10-e30d-48cb-83bc-a26644371582,Smith Bench Press,bench_press,Bench Press,"incline_bench_press, fly, tricep_pushdown, dip",False,smith_machine,72,70,25,80
e8fb4342-4545-4152-a000-35c4675a8482,Suspender Single Leg Squat (figure),squat,Squat,"leg_press, leg_extension, lunge, leg_curl",False,bodyweight,70,88,95,65
e903f212-6bf3-416b-b94e-e48c50742c44,Sitting Flutter Kick On A Padded Stool,general_movement,Sitting Flutter Kick On A Padded Stool,,False,bodyweight,70,88,95,65
e909c786-1fd2-48b9-bbba-06104f1d34a5,Jack Step,general_movement,Jack Step,,False,bodyweight,70,88,95,65
e9109fad-0fb0-4b71-80e4-532f159376ba,Standing Single Leg Calf Rock,calf_raise,Calf Raise,leg_press,False,bodyweight,70,88,95,65
e923547e-9aa5-4070-8e04-f2b340ceab83,Rear Delt And Back Raise (Bodyweight),rear_delt_fly,Rear Delt Fly,"face_pull, lateral_raise, bent_over_row",False,bodyweight,70,88,95,65
e932a044-acfc-455e-bff2-253db02458e7,Sitting Arms Curl Stepout On A Chair,bicep_curl,Bicep Curl,"hammer_curl, preacher_curl, tricep_extension",False,bodyweight,70,88,95,65
e932db99-8293-46ac-ba64-2441e099586b,Side Shuffle Forward Punch,general_movement,Side Shuffle Forward Punch,,False,bodyweight,70,88,95,65
e9425b17-d021-4089-8fb0-6ef4b0a2a030,Kneeling Abdominal Draw In,core_exercise,Core Exercise,"crunch, plank",False,bodyweight,70,88,95,65
e960817b-c573-4f3a-bd00-6a8e6b7fb234,Roll Lower Back (side) Lying On Floor,back_exercise,Back Exercise,"bent_over_row, lat_pulldown",False,bodyweight,70,88,95,65
e96255e1-e464-4a9e-a8a7-5c4ccdf5544b,Arnold Press II (Dumbbell),arnold_press,Arnold Press,"shoulder_press, lateral_raise, front_raise",False,dumbbell,92,90,92,90
e970b7d3-f773-490c-ba79-80fd6a21b78a,Kicks Leg Bent,leg_exercise,Leg Exercise,"squat, leg_press",False,bodyweight,70,88,95,65
e98416c7-c68d-47b9-a1bd-d873a5e89809,Side Step Reverse Fly,rear_delt_fly,Rear Delt Fly,"face_pull, lateral_raise, bent_over_row",False,bodyweight,70,88,95,65
e98a81af-e396-4af0-934d-cbded48b8f4a,Side Step Knee Reach,general_movement,Side Step Knee Reach,,False,bodyweight,70,88,95,65
e98d503e-4a8b-4463-aa2f-e5913256faa9,Bodyweight Shift (Bodyweight),general_movement,Bodyweight Shift,,False,bodyweight,70,88,95,65
e9a41740-830b-4422-8215-c2381af23e49,Double Pigeon Pose,general_stretch,Stretch,,False,bodyweight,70,88,95,65
e9a6d4da-7750-4e9a-80ee-874cbcbc6d1c,Suspender Spiderman Push Up,push_up,Push Up,"bench_press, fly, dip, tricep_extension",True,bodyweight,70,88,95,65
e9baa36b-8c97-4b3e-bf1a-d81f6113d75a,Side Squat Step (Bodyweight),squat,Squat,"leg_press, leg_extension, lunge, leg_curl",False,bodyweight,70,88,95,65
e9cfb209-ce45-47b9-9d24-453500efa9c0,Brachialis Narrow Pull Up,pull_up,Pull Up,"lat_pulldown, bent_over_row, bicep_curl",True,bodyweight,70,88,95,65
e9da306f-20f1-4446-b978-5063c51e75f8,Lever Assisted Chin Up,chin_up,Chin Up,"lat_pulldown, bent_over_row, bicep_curl",False,machine,80,75,20,88
e9e3c378-10b0-411d-a3a0-5bd9ed98df66,Lever Front Pulldown,lat_pulldown,Lat Pulldown,"pull_up, bent_over_row, bicep_curl, face_pull",False,machine,80,75,20,88
e9ec2f92-b84e-4049-a4f7-c433995b77bf,Rear Lunge Kickback,lunge,Lunge,"split_squat, step_up, squat, leg_press",False,bodyweight,70,88,95,65
e9fd6aa9-a968-4efc-8e75-dff72b495e74,Sumo Squat With Heel Raise,sumo_squat,Sumo Squat,"leg_press, leg_extension, lunge, leg_curl",False,bodyweight,70,88,95,65
e9fe3864-e0b6-4614-8a82-c69758c62a9f,Lying Cross Ankle Tap,general_movement,Lying Cross Ankle Tap,,False,bodyweight,70,88,95,65
ea06df57-6307-4d6b-a44c-c4ec8e16b377,Half Kneeling Single Arm Row (Cable),single_arm_row,Single Arm Row,"lat_pulldown, face_pull, bicep_curl, rear_delt_fly",False,cable,85,88,30,92
ea431c8f-570e-4e48-a9c2-b8fbc4619a96,Lever Leg Extension (plate Loaded),leg_extension,Leg Extension,"squat, leg_press, leg_curl",True,machine,80,75,20,88
ea4372fb-11b4-4cf0-8982-60c6b78b2108,Split Jump Twist Row,bent_over_row,Bent Over Row,"lat_pulldown, face_pull, bicep_curl, rear_delt_fly",False,bodyweight,70,88,95,65
ea455a8d-4ee8-4bca-a659-f12130b86a24,Ring Isometric Hold Reverse Ab Rollout,core_exercise,Core Exercise,"crunch, plank",False,bodyweight,70,88,95,65
ea47dfcc-0986-4e3e-826d-2822979c084e,Sitting Scapular Adduction,hip_adduction,Hip Adduction,"hip_abduction, sumo_squat, lunge",False,bodyweight,70,88,95,65
ea6b07c6-31ea-4c11-a7ce-00e80c2d00db,Prisoner Get Up,general_movement,Prisoner Get Up,,False,bodyweight,70,88,95,65
ea756fa8-ea5d-4140-b746-aaecb44a1289,Run,running,Running,,False,bodyweight,70,88,95,65
ea787b2f-c9aa-44ae-a8de-5ca646cde758,Sitting Knee Flexion On A Chair (Resistance Band),general_movement,Sitting Knee Flexion On A Chair,,False,band,60,85,90,50
ea7fab07-9cca-452a-a1d6-58f6ee3c2bc5,Sitting Figure Four Rock,general_movement,Sitting Figure Four Rock,,False,bodyweight,70,88,95,65
ea80b241-690d-4d30-9a25-3e197a54eaf4,Incline Pronated Grip Front Raise (Barbell),front_raise,Front Raise,"shoulder_press, lateral_raise, incline_bench_press",False,barbell,95,80,65,95
ea82c3b7-106d-42e5-b775-e5a9b938f676,45 Degrees One Arm Biceps Curl (Band),bicep_curl,Bicep Curl,"hammer_curl, preacher_curl, tricep_extension",False,band,60,85,90,50
ea84be81-fae1-40d9-bb4c-6813ca389f74,Kneeling Backwards Reach,back_exercise,Back Exercise,"bent_over_row, lat_pulldown",False,bodyweight,70,88,95,65
ea8ae700-f22f-413b-bc64-2abe62c83032,Scapula Dips,dip,Dip,"bench_press, tricep_pushdown, push_up",True,bodyweight,70,88,95,65
ea8d1498-9349-4690-9aa3-3ba4f118a9e7,Lying Crossover Stretch,general_stretch,Stretch,,False,bodyweight,70,88,95,65
ea9bb70c-c27d-4d47-be02-9372af81c290,Roll Ball Iliacus Abdominal Region,core_exercise,Core Exercise,"crunch, plank",False,bodyweight,70,88,95,65
eaa51ba2-c8d0-42b6-8163-789c23f90adb,March On Spot Arm Circles,arm_exercise,Arm Exercise,"bicep_curl, tricep_extension",False,bodyweight,70,88,95,65
eabcbae1-9317-4046-961d-9b65a16b88b9,Sweep March,general_movement,Sweep March,,False,bodyweight,70,88,95,65
eada3d2a-5375-4112-92b3-592e9000177a,Lever T Bar Reverse Grip Row,machine_row,Machine Row,"lat_pulldown, face_pull, bicep_curl, rear_delt_fly",False,machine,80,75,20,88
eade6f36-0007-4561-9b9b-2118f229d27b,Prone W Raise (Dumbbell),raise,Raise,"lateral_raise, front_raise",False,dumbbell,92,90,92,90
eaf4ba8a-3524-4f40-9b00-b014a6a28f53,Shoulder Stretch Behind The Back,shoulder_stretch,Shoulder Stretch,,False,bodyweight,70,88,95,65
eaf783af-6943-4b74-902f-43c2d5a2d18f,EZ (Barbell) Seated Triceps Extension,tricep_extension,Tricep Extension,"tricep_pushdown, skull_crusher, dip, bicep_curl",False,barbell,95,80,65,95
eb0e56c3-ad13-4b73-97e0-860323afaa65,Reverse Wrist Curl (Dumbbell),reverse_curl,Reverse Curl,"bicep_curl, hammer_curl, wrist_curl",False,dumbbell,92,90,92,90
eb119fbb-ab98-49bf-9a55-6a82a0568d31,Hip Circles Stretch,hip_stretch,Hip Stretch,,False,bodyweight,70,88,95,65
eb1b36da-27a7-4b80-bcea-8b1c4c7481c0,Crunchy Frog On Floor,crunch,Crunch,"leg_raise, plank, russian_twist",True,bodyweight,70,88,95,65
eb1c1d76-769d-4ba0-a337-ce983615fc33,Finger Curls (Barbell),bicep_curl,Bicep Curl,"hammer_curl, preacher_curl, tricep_extension",False,barbell,95,80,65,95
eb1e3f19-2dbb-4593-811d-8d394bfec54c,Lying Side Reverse Crunch,reverse_crunch,Reverse Crunch,"leg_raise, plank, russian_twist",False,bodyweight,70,88,95,65
eb234f93-ba02-4fcc-8bf5-a0ddb03a41d0,Standing Plate Press,press,Press,"bench_press, shoulder_press",False,bodyweight,70,88,95,65
eb267320-0921-4c92-9ed2-1c0111d7d2dc,Over Bench Wrist Curl (Dumbbell),general_movement,Over Bench Wrist Curl,,False,dumbbell,92,90,92,90
eb473f03-ecbc-47ef-911c-b36c02abad04,Clean (Dumbbell),clean,Clean,"deadlift, front_squat, snatch, shrug",False,dumbbell,92,90,92,90
eb544513-7287-4dc6-8c20-d619642f9613,Standing Y Raises (Rope) (Cable),raise,Raise,"lateral_raise, front_raise",False,cable,85,88,30,92
eb5f9029-31d2-4357-b529-67024cfeb5f7,Incline Palm In Press (Kettlebell),press,Press,"bench_press, shoulder_press",False,kettlebell,75,85,85,78
eb6216f9-af53-4025-9ef9-3065fe180580,Decline Shrug (Dumbbell),shrug,Shrug,"upright_row, deadlift, bent_over_row",False,dumbbell,92,90,92,90
eb68fcc7-9045-4bfe-a037-b5817620135d,Seated Pulse Back Squeeze,back_exercise,Back Exercise,"bent_over_row, lat_pulldown",False,bodyweight,70,88,95,65
eb696a17-f30c-44e7-a9dd-10178fdb9578,Sitting Wrist Rotation On A Chair,general_movement,Sitting Wrist Rotation On A Chair,,False,bodyweight,70,88,95,65
eb6a54e5-f136-439e-a043-56e70b36494a,Plank Feet Tap,plank,Plank,"crunch, leg_raise, russian_twist",True,bodyweight,70,88,95,65
eb78a932-3089-4f27-8786-251bb6a19bfb,Walk The Dog,general_movement,Walk The Dog,,False,bodyweight,70,88,95,65
eb794cc5-bdbe-4a90-bb49-8b4caa94b28a,Walking On Spot Small Kick,general_movement,Walking On Spot Small Kick,,False,bodyweight,70,88,95,65
eb9ab35b-1f3b-4350-bf48-f7010dfdd4fb,Side Step Pushdown,tricep_pushdown,Tricep Pushdown,"tricep_extension, skull_crusher, dip",False,bodyweight,70,88,95,65
ebb46cfc-97a5-482c-a3a5-2ffd840d99e7,Rack Pull (Barbell),general_movement,Rack Pull,,False,barbell,95,80,65,95
ebbc3485-a9c5-4834-94a8-f20edf8c4e04,Squat To Toe Stretch Plantar Flexion,general_stretch,Stretch,,False,bodyweight,70,88,95,65
ebcb3aa9-0f00-4c40-a99d-94f11902b31c,Sitting Side Bend Stretch,general_stretch,Stretch,,False,bodyweight,70,88,95,65
ebcb9cf8-32a9-4e8a-a6bb-2363e182ac98,Suspender Push Up,push_up,Push Up,"bench_press, fly, dip, tricep_extension",True,bodyweight,70,88,95,65
ebcdaf29-7776-4950-9bad-36bdacc85898,Bench Seated Press (Dumbbell),press,Press,"bench_press, shoulder_press",False,dumbbell,92,90,92,90
ebd4b9f8-15e3-46b6-8908-1a721fc6dd0d,Single Arm High Scapular Row (Cable),single_arm_row,Single Arm Row,"lat_pulldown, face_pull, bicep_curl, rear_delt_fly",False,cable,85,88,30,92
ebddd317-cac1-4ccc-8bfa-044d11e5cfd1,Incline Push Press,press,Press,"bench_press, shoulder_press",False,bodyweight,70,88,95,65
ebde6f8d-beae-4934-a195-edf6d88c8a97,Romanian Deadlift (Dumbbell),romanian_deadlift,Romanian Deadlift,"romanian_deadlift, bent_over_row, hip_thrust, squat",False,dumbbell,92,90,92,90
ebe565e4-42de-4e40-90f4-1908df9ab36d,Stick Assisted Isometric Core,core_exercise,Core Exercise,"crunch, plank",False,bodyweight,70,88,95,65
ebeff489-59fb-4ab2-a20d-a47409edd81b,Sitting Stepout Knee Tuck On A Padded Stool,general_movement,Sitting Stepout Knee Tuck On A Padded Stool,,False,bodyweight,70,88,95,65
ebf17531-a249-4a4b-a31f-1f121f5423ba,Seating Alternate Leg Abduction And Extension,hip_abduction,Hip Abduction,"hip_adduction, glute_kickback, hip_thrust",False,bodyweight,70,88,95,65
ebfe21b0-983b-4554-b7d2-d8c8b5c247dd,Chin Up (izometric And Negative),chin_up,Chin Up,"lat_pulldown, bent_over_row, bicep_curl",True,bodyweight,70,88,95,65
ec1732c7-d49c-428f-8c57-d0d5979ba2e0,Sumo Deadlift High Pull_thighs,sumo_deadlift,Sumo Deadlift,"romanian_deadlift, bent_over_row, hip_thrust, squat",False,bodyweight,70,88,95,65
ec18ec46-c252-447c-a15b-1f168997b312,Lying Half Butterfly Raise,fly,Chest Fly,"bench_press, incline_fly, push_up",False,bodyweight,70,88,95,65
ec2b9e36-cf00-4993-8795-9fb4ecf4af83,Seated Alternate Hamstrings Stretch On A Chair,hamstring_stretch,Hamstring Stretch,,False,bodyweight,70,88,95,65
ec2f48d9-c7c5-4d6f-a917-50677c347414,Side Squat,squat,Squat,"leg_press, leg_extension, lunge, leg_curl",False,bodyweight,70,88,95,65
ec37223a-879a-4607-b60c-41c5c501bb8f,Standing Single Arm Circle On A Wall,arm_exercise,Arm Exercise,"bicep_curl, tricep_extension",False,bodyweight,70,88,95,65
ec525323-a1e5-4680-972a-2081ef7dbe89,Smith Rear Lunge From Deficite,lunge,Lunge,"split_squat, step_up, squat, leg_press",False,smith_machine,72,70,25,80
ec56a07f-9ca8-46e5-bd44-168729d3d88e,Double Hip Rotation Cross Knee Drive,general_movement,Double Hip Rotation Cross Knee Drive,,False,bodyweight,70,88,95,65
ec5b341c-e212-4a3e-8342-7c4d0670d19c,Incline Rear Lateral Raise (Dumbbell),lateral_raise,Lateral Raise,"shoulder_press, front_raise, rear_delt_fly",True,dumbbell,92,90,92,90
ec5b62b1-7540-406d-8b8d-28fdba7b04f0,Forearm Wall Slide,arm_exercise,Arm Exercise,"bicep_curl, tricep_extension",False,bodyweight,70,88,95,65
ec6e19bd-2ba6-486b-a47a-5a1baabcde03,Incline Triceps Extension (Dumbbell),tricep_extension,Tricep Extension,"tricep_pushdown, skull_crusher, dip, bicep_curl",False,dumbbell,92,90,92,90
ec756da5-2fef-4a5a-a73e-f2fc18896b38,Standing Straight Arm Chest High Fly (Bodyweight),fly,Chest Fly,"bench_press, incline_fly, push_up",False,bodyweight,70,88,95,65
ec7dd5ba-b407-4497-afa8-e51daaf56776,Toe Side Walk,general_movement,Toe Side Walk,,False,bodyweight,70,88,95,65
ec9d3e85-3792-416a-a5d4-d9f01d4d3d24,Lever Leg Extension,leg_extension,Leg Extension,"squat, leg_press, leg_curl",True,machine,80,75,20,88
eca1c0ab-9969-44f7-8a41-00e43bf2d920,High Pulley Overhead Triceps Extension (Cable),overhead_tricep_extension,Overhead Tricep Extension,"tricep_pushdown, skull_crusher, dip, bicep_curl",False,cable,85,88,30,92
eca49971-7949-44d8-a957-ef5ff9eae613,Lying Alternate Toe Tap,general_movement,Lying Alternate Toe Tap,,False,bodyweight,70,88,95,65
eca56e4b-075b-46b0-9a6b-9d2887af2cff,Roll Kneeling Upper Back Rotation,back_exercise,Back Exercise,"bent_over_row, lat_pulldown",False,bodyweight,70,88,95,65
ecad9c00-5102-47d4-bb41-d82dcc5d4a61,Lying Face Pull (Cable),face_pull,Face Pull,"rear_delt_fly, lateral_raise, bent_over_row",True,cable,85,88,30,92
ecb32f04-97af-45f2-b424-e78430ae7730,Walking Arms Kickback,back_exercise,Back Exercise,"bent_over_row, lat_pulldown",False,bodyweight,70,88,95,65
ecca5b9f-1785-42fe-8e75-a9644fc860b8,One Arm Jerk (Kettlebell),arm_exercise,Arm Exercise,"bicep_curl, tricep_extension",False,kettlebell,75,85,85,78
ece17609-3fa9-40d4-b553-dcaace16bc3c,Mini Hip Lift On A Chair,general_movement,Mini Hip Lift On A Chair,,False,bodyweight,70,88,95,65
eceee950-89bf-4e05-9166-772e0de99923,Lever Incline Single Arm Chest Press,incline_chest_press,Incline Chest Press,"bench_press, fly, tricep_pushdown",False,machine,80,75,20,88
ecfa492e-d1f8-4267-a38d-1c77a809d7e7,Brettzel With Head Turn,general_movement,Brettzel With Head Turn,,False,bodyweight,70,88,95,65
ecfffc84-ce66-46f5-b435-0ef1befb4784,Crunch Against Wall,crunch,Crunch,"leg_raise, plank, russian_twist",True,bodyweight,70,88,95,65
ed03900a-f7c2-4992-8ff9-39396bb11419,Sitting Arm Circle On A Chair,arm_exercise,Arm Exercise,"bicep_curl, tricep_extension",False,bodyweight,70,88,95,65
ed0bc8e5-b1e6-4163-8f35-dc80bba30be1,Standing Bent Arm Lateral Raise (Dumbbell),lateral_raise,Lateral Raise,"shoulder_press, front_raise, rear_delt_fly",True,dumbbell,92,90,92,90
ed19b788-7db9-4845-91d5-9a5096a3eba5,Single Leg Extension Crunch,leg_extension,Leg Extension,"squat, leg_press, leg_curl",False,bodyweight,70,88,95,65
ed245f95-00a4-4a66-a9f6-122e1d6c4e55,Around The World Lying On Floor,general_movement,Around The World Lying On Floor,,False,bodyweight,70,88,95,65
ed2add2c-fb40-4fbd-97d7-4281837667f5,Power Up Jump,general_movement,Power Up Jump,,False,bodyweight,70,88,95,65
ed37b0ee-8741-4686-84d2-5e1a0c345f73,Rear Lunge Front Raise (Bodyweight),front_raise,Front Raise,"shoulder_press, lateral_raise, incline_bench_press",False,bodyweight,70,88,95,65
ed392c39-1fdb-4072-8e76-11b7bb2b68d7,Squat Royalty Lunge (Dumbbell),squat,Squat,"leg_press, leg_extension, lunge, leg_curl",False,dumbbell,92,90,92,90
ed3b53c7-3677-445d-8c4d-ca4180836a95,Lying Floor Horizontal Flutter Kick,general_movement,Lying Floor Horizontal Flutter Kick,,False,bodyweight,70,88,95,65
ed3b9648-ade6-4ba6-9246-e6981d123e58,Close Grip Push Up (on Knees),diamond_push_up,Diamond Push Up,"bench_press, fly, dip, tricep_extension",False,bodyweight,70,88,95,65
ed50b360-fbd0-4689-9d5c-68c5989918fe,Reverse Preacher Curl (Dumbbell),preacher_curl,Preacher Curl,"bicep_curl, hammer_curl, concentration_curl",False,dumbbell,92,90,92,90
ed57f588-838f-4416-a20b-14325edc6dcd,Rear Drive (Cable),core_exercise,Core Exercise,"crunch, plank",False,cable,85,88,30,92
ed5ae033-786f-4634-893e-dad15204f57a,Criss Cross Arms Lift,arm_exercise,Arm Exercise,"bicep_curl, tricep_extension",False,bodyweight,70,88,95,65
ed5c8ef5-9aef-41c6-b656-a5469e79a5d1,Lying Alternate Extension (Dumbbell),extension,Extension,"tricep_extension, leg_extension",False,dumbbell,92,90,92,90
ed6764b2-c8b0-410e-9b79-c2c09498a129,Abdominal Stretch,general_stretch,Stretch,,False,bodyweight,70,88,95,65
ed73bd2a-a4e3-492a-b84f-9fc997bdab2c,Standing Alternate Leg Lift Lat Pulldown,lat_pulldown,Lat Pulldown,"pull_up, bent_over_row, bicep_curl, face_pull",False,bodyweight,70,88,95,65
ed7424c8-fac7-4e93-a8b6-7c3a20503f03,Standing Hip Saggital Rotation With Shoulders Tran,shoulder_exercise,Shoulder Exercise,"shoulder_press, lateral_raise",False,bodyweight,70,88,95,65
ed78ff52-2f1d-491c-995f-0ce9d0fa064d,Side Shuffle Overhead Punches,general_movement,Side Shuffle Overhead Punches,,False,bodyweight,70,88,95,65
ed7f2999-e297-472b-bd9c-5d67f150afba,Lever Seated Single Arm Shoulder Press,shoulder_press,Shoulder Press,"lateral_raise, front_raise, tricep_extension",False,machine,80,75,20,88
ed81c3aa-ab01-4037-8561-c877927051d2,Staggered Stance Romanian Deadlift (Dumbbell),romanian_deadlift,Romanian Deadlift,"romanian_deadlift, bent_over_row, hip_thrust, squat",False,dumbbell,92,90,92,90
ed90de4e-034e-4c57-b054-9e555a4e7cbc,Sitting Chin Tuck On A Chair,general_movement,Sitting Chin Tuck On A Chair,,False,bodyweight,70,88,95,65
ed94cba2-9599-4e30-878f-9149ce4b5e5d,Front Plank Side Hop,side_plank,Side Plank,"crunch, leg_raise, russian_twist",False,bodyweight,70,88,95,65
ed95e131-6cc7-457e-985b-3ddcfd5b57ef,Standing Alternating Elbows Nudge,general_movement,Standing Alternating Elbows Nudge,,False,bodyweight,70,88,95,65
edae914f-a99b-4674-abee-4fc9622cfb6c,Standing Twist Air Bike,cycling,Cycling,,False,bodyweight,70,88,95,65
edb405db-42d7-4e20-9fa5-d4249f689031,Lying Leg Hip Raise,raise,Raise,"lateral_raise, front_raise",False,bodyweight,70,88,95,65
edb8bb31-8e89-4794-8767-48040434ede7,Lever Reverse Grip Preacher Curl,preacher_curl,Preacher Curl,"bicep_curl, hammer_curl, concentration_curl",False,machine,80,75,20,88
edbd7cf6-9717-4af7-a00a-ebf1a342432a,Lying (prone) Abdominal Stretch,general_stretch,Stretch,,False,bodyweight,70,88,95,65
edbd8ba9-58e1-4bb2-83f5-0d4c47fac608,Plank Butt,plank,Plank,"crunch, leg_raise, russian_twist",True,bodyweight,70,88,95,65
edd3760f-b1ec-432c-a7ed-1adf8ea9a094,Decline Wide Grip Press (Barbell),press,Press,"bench_press, shoulder_press",False,barbell,95,80,65,95
eddbdbcb-38f3-4351-9e16-f3eb5756e39c,Hammer Curl (Dumbbell),hammer_curl,Hammer Curl,"bicep_curl, preacher_curl, reverse_curl",True,dumbbell,92,90,92,90
eddcc2dd-6114-495d-ba43-679bd92cf9c6,Squat Leg Lift,squat,Squat,"leg_press, leg_extension, lunge, leg_curl",False,bodyweight,70,88,95,65
ede3244b-aca4-4acb-957a-0e3631b18156,Weighted Front Raise,front_raise,Front Raise,"shoulder_press, lateral_raise, incline_bench_press",False,bodyweight,70,88,95,65
edf6d415-4b11-4228-ae3c-3d0b34362e12,Side Crab Walk Back Fly,fly,Chest Fly,"bench_press, incline_fly, push_up",False,bodyweight,70,88,95,65
edfab6d2-4d3d-4b04-91a4-97372301a2ef,Side Step Squat Pick And Carry,squat,Squat,"leg_press, leg_extension, lunge, leg_curl",False,bodyweight,70,88,95,65
ee027634-7b41-4076-a453-66ccca40085d,Bottoms Up Single Arm Overhead Carry (Kettlebell),farmers_walk,Farmer Walk,"shrug, deadlift, lunge",False,kettlebell,75,85,85,78
ee09ba4c-92ab-4cd0-91ee-9ebabab004f0,Suspender Pull Through,general_movement,Suspender Pull Through,,False,bodyweight,70,88,95,65
ee0c06eb-bfb9-4c47-88ab-5d188acb7eec,Suspension Chest Press,chest_press,Chest Press,"bench_press, fly, tricep_pushdown",False,bodyweight,70,88,95,65
ee19763b-d6df-4a0b-b3b6-17a6f2df2693,Front Raise (Dumbbell),front_raise,Front Raise,"shoulder_press, lateral_raise, incline_bench_press",True,dumbbell,92,90,92,90
ee1f8867-8f7c-4a01-910f-a44173b4420b,Heel Elevated Bulgarian Split Squat (Bodyweight),split_squat,Split Squat,"leg_press, leg_extension, lunge, leg_curl",False,bodyweight,70,88,95,65
ee2142f9-a453-45e6-b6ca-9f22ac216f5e,Silent Burpee With Chair,burpee,Burpee,"push_up, squat_jump, mountain_climber",True,bodyweight,70,88,95,65
ee21b903-3679-48b0-bad5-6289eb9e6731,Devils Press (Dumbbell),press,Press,"bench_press, shoulder_press",False,dumbbell,92,90,92,90
ee309863-c281-4ed3-85d8-98a0ca5beb1f,45 Degree Twisting Hyperextension,back_extension,Back Extension,"romanian_deadlift, good_morning, glute_bridge",False,bodyweight,70,88,95,65
ee3134e7-11df-4b4e-8118-1ad2ab7d55d2,Overhead Crunch (on Stability Ball) (Dumbbell),crunch,Crunch,"leg_raise, plank, russian_twist",False,dumbbell,92,90,92,90
ee32b863-8021-41ec-99a7-6d7dc4a1cb80,Ab Mat Sit Up,crunch,Crunch,"leg_raise, plank, russian_twist",True,bodyweight,70,88,95,65
ee3cd418-32ff-450a-a6ed-a859584157f3,Bottle Weighted Alternate Hammer Curl,hammer_curl,Hammer Curl,"bicep_curl, preacher_curl, reverse_curl",False,bodyweight,70,88,95,65
ee3dd7c4-c1cc-47a8-8ef4-611eb7523295,Standing Wide Good Morning,good_morning,Good Morning,"romanian_deadlift, hip_thrust, back_extension",False,bodyweight,70,88,95,65
ee3ff362-2395-4189-8e45-9224b27ab6d3,Arms Swing Butt Kick,arm_exercise,Arm Exercise,"bicep_curl, tricep_extension",False,bodyweight,70,88,95,65
ee49040d-f08c-4087-bb5d-55ffd6204202,Standing Hip Extension (Band),extension,Extension,"tricep_extension, leg_extension",False,band,60,85,90,50
ee4c7824-b29c-46d6-a565-88b63a65cc30,Lay Down Push Up,push_up,Push Up,"bench_press, fly, dip, tricep_extension",True,bodyweight,70,88,95,65
ee548c64-0213-4fd4-a544-5dcb161ce4b7,Standing Pelvic Tilt,general_movement,Standing Pelvic Tilt,,False,bodyweight,70,88,95,65
ee550c82-a84c-4b08-9ff3-e21bbe66ddc5,Zercher Back Extension (Barbell),back_extension,Back Extension,"romanian_deadlift, good_morning, glute_bridge",False,barbell,95,80,65,95
ee64e305-f678-42a6-a878-e5ffc4d4560f,Lying Bench Poliquin Fly (Dumbbell),fly,Chest Fly,"bench_press, incline_fly, push_up",True,dumbbell,92,90,92,90
ee64ee77-e28c-4592-b2fb-715a1ceb77dd,EZ Bar Legs Side Pull In Sit Up,oblique_crunch,Oblique Crunch,"leg_raise, plank, russian_twist",False,bodyweight,70,88,95,65
ee7128dd-9dc0-4b0e-94ad-53a52894dbaa,Sphinx Heel Drop,general_movement,Sphinx Heel Drop,,False,bodyweight,70,88,95,65
ee80cda7-c225-46d3-be4a-34560a316781,Twisting Crunch With Legs Supported (Dumbbell),crunch,Crunch,"leg_raise, plank, russian_twist",False,dumbbell,92,90,92,90
ee8b763b-5597-4764-92dc-161a04786800,Feet And Ankles Rotation Stretch,general_stretch,Stretch,,False,bodyweight,70,88,95,65
ee8f58fc-c69e-4035-b850-c9b9802e0451,Suspender Wide Grip Inverted Row,inverted_row,Inverted Row,"lat_pulldown, face_pull, bicep_curl, rear_delt_fly",False,bodyweight,70,88,95,65
ee964ff3-c050-4410-a81c-ff1c472451e8,Twisting Crunch Legs On Bench (Dumbbell),crunch,Crunch,"leg_raise, plank, russian_twist",False,dumbbell,92,90,92,90
ee9a4c66-3531-4a4a-9ce5-7521fea19472,Smith Decline Close Grip Bench Press,decline_bench_press,Decline Bench Press,"bench_press, dip, fly",False,smith_machine,72,70,25,80
ee9fb40d-6d59-43c5-a063-34cbb8581f51,PVC Pass Through,general_movement,PVC Pass Through,,False,bodyweight,70,88,95,65
eeb7fb7a-5250-411a-8bdd-01294bfa0a21,Tuck Reverse Crunch (Cable),reverse_crunch,Reverse Crunch,"leg_raise, plank, russian_twist",False,cable,85,88,30,92
eebeb4b2-eb1c-4b4a-a91f-e6883f173264,Lever Cross Lat Pulldown,lat_pulldown,Lat Pulldown,"pull_up, bent_over_row, bicep_curl, face_pull",False,machine,80,75,20,88
eeccfe99-cbb6-47a7-b4f0-2b9a8ee2df52,Pyramid Pose,general_stretch,Stretch,,False,bodyweight,70,88,95,65
eef1d447-a7c1-4e95-aa98-66c71072e4b4,Standing Rear Delt Row (Band),rear_delt_fly,Rear Delt Fly,"face_pull, lateral_raise, bent_over_row",False,band,60,85,90,50
eef3664c-2e9c-48a2-b47e-7cae36b6dcae,Incline Front Raise (Dumbbell),front_raise,Front Raise,"shoulder_press, lateral_raise, incline_bench_press",True,dumbbell,92,90,92,90
eef85927-4309-41b5-8f2b-131248e9a7dd,Revolved Chair,general_movement,Revolved Chair,,False,bodyweight,70,88,95,65
eefdbc8e-3e34-4d70-a5d1-e2ede02a9fe7,Front To Under Knee Clap,general_movement,Front To Under Knee Clap,,False,bodyweight,70,88,95,65
ef002695-5479-42de-82b2-9e5438bfef14,Reverse Lunge With Overhead Reach (Bodyweight),reverse_lunge,Reverse Lunge,"split_squat, step_up, squat, leg_press",False,bodyweight,70,88,95,65
ef05bcf1-eba3-47eb-889d-3ad79a013e40,Ring Front Lever,general_movement,Ring Front Lever,,False,machine,80,75,20,88
ef12743f-f3de-4f93-82d9-5bb6ee4ae1a3,Lever Push Up,push_up,Push Up,"bench_press, fly, dip, tricep_extension",False,machine,80,75,20,88
ef138762-6ae1-4c27-9b06-9f7c56a6e13e,Wall Supported Front Leg Swing,leg_exercise,Leg Exercise,"squat, leg_press",False,bodyweight,70,88,95,65
ef1ef704-ec9c-456b-bba1-e103ec99ebba,Seated Hamstring Side Stretch,hamstring_stretch,Hamstring Stretch,,False,bodyweight,70,88,95,65
ef2c0521-ddde-41ee-bd53-f0eb31c9beb6,Lying Swimmer,general_movement,Lying Swimmer,,False,bodyweight,70,88,95,65
ef2fd52e-92d1-4102-93e5-94686d091cc9,Standing Side Kick,general_movement,Standing Side Kick,,False,bodyweight,70,88,95,65
ef39e6d2-6a5f-4564-aff5-9d6c6ed804a4,Assisted Chin Up (low Bar Position),chin_up,Chin Up,"lat_pulldown, bent_over_row, bicep_curl",True,bodyweight,70,88,95,65
ef4179df-4b3d-4a57-b76f-6c043b41e00e,Pullover (Barbell),pullover,Pullover,"lat_pulldown, straight_arm_pulldown, fly",False,barbell,95,80,65,95
ef45392a-e01c-47b1-bacb-141cffde894a,Cat Cow Circle,general_movement,Cat Cow Circle,,False,bodyweight,70,88,95,65
ef4906ab-2e67-4255-82f5-898346af9f1e,Kneeling Single Kickback Fire Hydrant,hip_abduction,Hip Abduction,"hip_adduction, glute_kickback, hip_thrust",False,bodyweight,70,88,95,65
ef5085f8-573b-477d-80a9-eb8b32c06c5e,Lever Step,general_movement,Lever Step,,False,machine,80,75,20,88
ef574279-c2d5-4ec6-b349-0ec4e785b5d9,Walking Knee Raise Sky Reach On Spot (front Pov) (,leg_raise,Leg Raise,"crunch, plank, reverse_crunch",False,bodyweight,70,88,95,65
ef6f1d52-8fa7-47d2-b857-747d85c19ddf,Seated Calf Raise (Barbell),seated_calf_raise,Seated Calf Raise,leg_press,False,barbell,95,80,65,95
ef6f6ed0-d463-4e03-8e4a-45dd1a4704b3,Incline Single Arm Y Raise (Dumbbell),raise,Raise,"lateral_raise, front_raise",False,dumbbell,92,90,92,90
ef8fa9e2-6918-4829-975a-4b4580b5dd48,Chin Tuck,general_movement,Chin Tuck,,False,bodyweight,70,88,95,65
ef997992-e2bb-41a5-b1cc-4a1e2d7ae630,One Arm Clean And Jerk (Kettlebell),clean,Clean,"deadlift, front_squat, snatch, shrug",False,kettlebell,75,85,85,78
efa86b04-bbd7-4ebc-a50f-ab7f4c66401e,Hyperextension,back_extension,Back Extension,"romanian_deadlift, good_morning, glute_bridge",False,bodyweight,70,88,95,65
efad8241-296b-4ce4-942a-a80d9b01115e,Headbanger,general_movement,Headbanger,,False,bodyweight,70,88,95,65
efb8f7d1-0aa6-42fc-b8fc-2ee03499cc81,Landmine Deadlift,deadlift,Deadlift,"romanian_deadlift, bent_over_row, hip_thrust, squat",False,bodyweight,70,88,95,65
efbe903f-a23e-47bd-8386-6b9d0ce6a9be,Standing Sissy Squat (Bodyweight),squat,Squat,"leg_press, leg_extension, lunge, leg_curl",False,bodyweight,70,88,95,65
efc1f6f9-6a35-4368-b3f0-827ad78bf3f4,Side Plank With Knee Bend,side_plank,Side Plank,"crunch, leg_raise, russian_twist",False,bodyweight,70,88,95,65
efd1aa5a-f883-4340-89db-10bbc81a8985,Lying Ankle Flexion And Extension,extension,Extension,"tricep_extension, leg_extension",False,bodyweight,70,88,95,65
efd3494e-b509-48d6-b65e-e9133fcf972b,Standing Single Leg Knee Extensio (Resistance Band),leg_exercise,Leg Exercise,"squat, leg_press",False,band,60,85,90,50
efd95e2e-84a3-49f0-a396-dc813138f1e0,Squat Front Side Kick,front_squat,Front Squat,"leg_press, leg_extension, lunge, leg_curl",False,bodyweight,70,88,95,65
efdb27a3-cc1f-47c7-b183-a6cb0a2bb62e,Medicine Ball Slam Burpee,burpee,Burpee,"push_up, squat_jump, mountain_climber",True,bodyweight,70,88,95,65
efdd2be8-eeab-4fcd-9e71-12b431c84bdc,Lever Bent Over Row (plate Loaded),machine_row,Machine Row,"lat_pulldown, face_pull, bicep_curl, rear_delt_fly",False,machine,80,75,20,88
efdd4341-5723-4b0c-9e61-f0235755c6bc,Rack Pull (Barbell),general_movement,Rack Pull,,False,barbell,95,80,65,95
efed3d1f-74ef-4eb2-9901-22634ef8827e,Seated Overhead Reach Press,press,Press,"bench_press, shoulder_press",False,bodyweight,70,88,95,65
eff07e1f-d3ed-4888-8435-feae8d9f1ce8,Wall Side Lunge Torso Rotation,lateral_lunge,Lateral Lunge,"split_squat, step_up, squat, leg_press",False,bodyweight,70,88,95,65
eff682b8-9133-49f5-9a2f-36f554363caf,Reverse Grip Biceps Curl (Dumbbell),reverse_curl,Reverse Curl,"bicep_curl, hammer_curl, wrist_curl",False,dumbbell,92,90,92,90
f0187894-6981-4caa-9324-d51729ed0d42,Lever Seated Calf Press,seated_calf_raise,Seated Calf Raise,leg_press,False,machine,80,75,20,88
f0273d81-1d72-473b-a419-fd694c33d994,Static Lunge Rotational Chop,lunge,Lunge,"split_squat, step_up, squat, leg_press",False,bodyweight,70,88,95,65
f03aa5da-961b-4e23-9ed2-d771c4eb7a5b,Reverse Spider Curl (Kettlebell),reverse_curl,Reverse Curl,"bicep_curl, hammer_curl, wrist_curl",False,kettlebell,75,85,85,78
f03daa59-de32-41ed-b84b-8b7f13d77684,Around Pullover (Dumbbell),pullover,Pullover,"lat_pulldown, straight_arm_pulldown, fly",False,dumbbell,92,90,92,90
f04e0f0b-3ef9-4187-af9f-69c033ac52b6,Arm Flap March,arm_exercise,Arm Exercise,"bicep_curl, tricep_extension",False,bodyweight,70,88,95,65
f04f57c2-c066-4513-8bb1-abf27df7481c,Lying Double Leg Kick,leg_exercise,Leg Exercise,"squat, leg_press",False,bodyweight,70,88,95,65
f06721d9-99ef-415b-9474-9f807d90a2e9,Rear Lunge (Dumbbell),lunge,Lunge,"split_squat, step_up, squat, leg_press",False,dumbbell,92,90,92,90
f073ac85-c4ee-4a62-9a59-da43567b168f,Shrimp Squat,squat,Squat,"leg_press, leg_extension, lunge, leg_curl",False,bodyweight,70,88,95,65
f077862b-f19d-49fd-aeb8-e49ce5f1a20f,Rear Delt Row (Barbell),rear_delt_fly,Rear Delt Fly,"face_pull, lateral_raise, bent_over_row",False,barbell,95,80,65,95
f07c3931-716b-461f-a0bc-621964c55400,Jumping Air Clap,general_movement,Jumping Air Clap,,False,bodyweight,70,88,95,65
f084f4b1-d249-47f3-ac30-0fa1271414a1,Suspender One Arm Biceps Curl,bicep_curl,Bicep Curl,"hammer_curl, preacher_curl, tricep_extension",False,bodyweight,70,88,95,65
f08f93ea-b7a2-4c00-a930-60ea31524856,Jump Squat,squat_jump,Squat Jump,"squat, lunge_jump, box_jump",False,bodyweight,70,88,95,65
f09427d5-0e4e-4ab1-9789-d285533714bd,4 Reverse Lunge And 4 Side Taps,reverse_lunge,Reverse Lunge,"split_squat, step_up, squat, leg_press",False,bodyweight,70,88,95,65
f0989a3d-937b-443c-9c55-47964a69365d,Suspender Bent Knee Inverted Row,inverted_row,Inverted Row,"lat_pulldown, face_pull, bicep_curl, rear_delt_fly",False,bodyweight,70,88,95,65
f0af2ca0-cad7-4903-8c00-8b81b401ba97,Seated Single Leg Raise,leg_raise,Leg Raise,"crunch, plank, reverse_crunch",False,bodyweight,70,88,95,65
f0ba7bdd-d100-4708-8ca4-54dadd7217e1,Side Lying Abdominal Press Against Arm,press,Press,"bench_press, shoulder_press",False,bodyweight,70,88,95,65
f0dc8ff0-bd52-4989-bae9-16c75f160147,Concentration Curl (Band),concentration_curl,Concentration Curl,"bicep_curl, preacher_curl, hammer_curl",False,band,60,85,90,50
f0de4399-af39-4b5b-a554-6590514a674f,Side Split Squat (Barbell),split_squat,Split Squat,"leg_press, leg_extension, lunge, leg_curl",False,barbell,95,80,65,95
f0ded4a8-003b-4414-96da-9de8fcdbb1cd,Dimel Deadlift (Barbell),deadlift,Deadlift,"romanian_deadlift, bent_over_row, hip_thrust, squat",True,barbell,95,80,65,95
f0e6a628-4378-4f4e-9202-a3e02c9fe3b1,Split Squat,split_squat,Split Squat,"leg_press, leg_extension, lunge, leg_curl",False,bodyweight,70,88,95,65
f0e9afce-e8a0-4a9c-9ada-e388c25a3155,Seated Hip External Rotation (Band),general_movement,Seated Hip External Rotation,,False,band,60,85,90,50
f0ef6fd1-7385-44bb-afb1-ff528ffda466,Weighted Standing Twist,general_movement,Weighted Standing Twist,,False,bodyweight,70,88,95,65
f10d2206-d95f-496f-a885-953908836330,Crab,core_exercise,Core Exercise,"crunch, plank",False,bodyweight,70,88,95,65
f10d6b90-7fd9-4456-a19d-87131994140d,Lying Hip Abduction Knee Bent,hip_abduction,Hip Abduction,"hip_adduction, glute_kickback, hip_thrust",False,bodyweight,70,88,95,65
f10e711c-c2b4-42af-abff-3f3c12a9bea4,Bosu Ball Plank Hold,plank,Plank,"crunch, leg_raise, russian_twist",True,bodyweight,70,88,95,65
f119b3f2-748e-4503-a726-a72087ad5d8a,Feet And Ankles Rotation Stretch,general_stretch,Stretch,,False,bodyweight,70,88,95,65
f11a21c5-7b4f-4407-b3c2-4471777d08d7,Butterfly Yoga Flaps,general_stretch,Stretch,,False,bodyweight,70,88,95,65
f11cac1c-4e04-4d89-8a04-dbf44febe969,Woodchoppers (Bodyweight),woodchop,Woodchop,"russian_twist, oblique_crunch, plank",False,bodyweight,70,88,95,65
f12595ef-03a0-4cd2-8a84-f7af8538f43a,Roll Around The World Lying On Floor,general_movement,Roll Around The World Lying On Floor,,False,bodyweight,70,88,95,65
f125d1ca-3613-4b2a-ae5a-8c0661b66ac5,Boat Yoga Pose,general_stretch,Stretch,,False,bodyweight,70,88,95,65
f127f010-1926-4c42-9a3f-b52d077d8fc6,Sitting Isometric Peroneal Squeeze,general_movement,Sitting Isometric Peroneal Squeeze,,False,bodyweight,70,88,95,65
f12c08ec-f2fb-4f50-b827-8bdc072a0f60,Reverse Plank With Leg Lift,plank,Plank,"crunch, leg_raise, russian_twist",True,bodyweight,70,88,95,65
f150b4f5-c348-47aa-8ef4-01327f30df27,Standing Twist (Barbell),general_movement,Standing Twist,,False,barbell,95,80,65,95
f1530476-30d3-41c5-8861-1e113a2a2fe1,Lever Isometric Squat Hip Abduction,squat,Squat,"leg_press, leg_extension, lunge, leg_curl",False,machine,80,75,20,88
f17a3ec8-466a-430d-a031-4e1978bbfd91,Low Seated Row (Cable),cable_row,Cable Row,"lat_pulldown, face_pull, bicep_curl, rear_delt_fly",True,cable,85,88,30,92
f17d93cd-97d2-4f5f-ac18-2859441eec69,Standing Front Heel Tap Back Squeeze,back_exercise,Back Exercise,"bent_over_row, lat_pulldown",False,bodyweight,70,88,95,65
f18bd449-59ca-4891-ace5-6301caa48352,Smith Machine Reverse Decline Close Grip Bench Pre,general_movement,Smith Machine Reverse Decline Close Grip Bench Pre,,False,smith_machine,72,70,25,80
f19f05ae-bf4f-4f37-a89a-f91babb80440,Lateral Walk (Resistance Band),general_movement,Lateral Walk,,False,band,60,85,90,50
f1b8d435-98d4-47c9-a38a-a4fce7cee1e2,Sphinx Pose Twist,general_stretch,Stretch,,False,bodyweight,70,88,95,65
f1baeab0-fe42-4cec-b1d4-b8f068a04dad,Prone Incline Curl (Barbell),incline_curl,Incline Curl,"bicep_curl, preacher_curl, hammer_curl",False,barbell,95,80,65,95
f1bc5cae-219e-43ee-997f-fe8a81cb0d7f,Hook Grip Deadlift (Barbell),deadlift,Deadlift,"romanian_deadlift, bent_over_row, hip_thrust, squat",True,barbell,95,80,65,95
f1cedd56-0537-467b-83f9-8ab0cf09b90a,Double Side Step Triceps Kickback,tricep_kickback,Tricep Kickback,"tricep_extension, tricep_pushdown, dip",False,bodyweight,70,88,95,65
f1cf7a29-422b-45ee-8836-039cb245d8ed,Standing Front Leg Lift Cross Toe Touches Side Ben,leg_exercise,Leg Exercise,"squat, leg_press",False,bodyweight,70,88,95,65
f1d24dd8-40ac-4605-8024-cf7843c454f0,Rear Delt Fly (Dumbbell),rear_delt_fly,Rear Delt Fly,"face_pull, lateral_raise, bent_over_row",False,dumbbell,92,90,92,90
f1da7500-88f4-403a-aa50-d30c4809d804,Lying Raised Shoulders Windshield Wiper,raise,Raise,"lateral_raise, front_raise",False,bodyweight,70,88,95,65
f1e90f83-58a2-4505-a79a-094534dc04c1,Lying Hip Internal Rotation Pullover,pullover,Pullover,"lat_pulldown, straight_arm_pulldown, fly",False,bodyweight,70,88,95,65
f1eac1e0-1232-4c16-83f9-e9aeaaf21556,Incline Push Up With Bench,incline_push_up,Incline Push Up,"bench_press, fly, dip, tricep_extension",False,bodyweight,70,88,95,65
f209e9a2-b5d1-42e0-a2bb-340be663969b,Knee Raise Side Jabs,leg_raise,Leg Raise,"crunch, plank, reverse_crunch",False,bodyweight,70,88,95,65
f21f00b5-327b-4998-bcb3-c15d215d19bc,Lever Reverse Hyperextension (plate Loaded),back_extension,Back Extension,"romanian_deadlift, good_morning, glute_bridge",False,machine,80,75,20,88
f2200096-3689-4be5-a9d7-a31e4be396ba,Countermovement Jump Arms Pull,arm_exercise,Arm Exercise,"bicep_curl, tricep_extension",False,bodyweight,70,88,95,65
f2254951-b48b-4489-a671-e8c1ce7a1736,Standing Peroneus Muscles Stretch,general_stretch,Stretch,,False,bodyweight,70,88,95,65
f225de40-d602-4dd4-9cda-8da56ee3c993,Inchworm And Plank Leg Lift,plank,Plank,"crunch, leg_raise, russian_twist",True,bodyweight,70,88,95,65
f22da852-b33a-4031-a457-d9d62150a51c,Standing Jab (Cable),core_exercise,Core Exercise,"crunch, plank",False,cable,85,88,30,92
f22f059d-56ef-452b-bfc2-775189a020f0,Roll Hip Thrust,hip_thrust,Hip Thrust,"glute_bridge, romanian_deadlift, leg_curl",False,bodyweight,70,88,95,65
f2351fa3-a118-4b61-80b0-96e0e9d404e6,Standing Side Circle Stretch,general_stretch,Stretch,,False,bodyweight,70,88,95,65
f235367c-60d8-44a7-9066-a9570521b6d4,Lever T Bar Row (plate Loaded),machine_row,Machine Row,"lat_pulldown, face_pull, bicep_curl, rear_delt_fly",False,machine,80,75,20,88
f2395587-ee40-459d-bf5d-8554d7264881,Jack Knife Floor,general_movement,Jack Knife Floor,,False,bodyweight,70,88,95,65
f239ba17-4f09-4c2a-805f-a49fa1a5c391,Sphinx Pose,general_stretch,Stretch,,False,bodyweight,70,88,95,65
f2570564-d2b2-412a-bdc5-58fcc0ae0b4c,Cross Arms Front Leg Kick,arm_exercise,Arm Exercise,"bicep_curl, tricep_extension",False,bodyweight,70,88,95,65
f260070f-46fa-4f93-82e1-fe748eabd78c,Single Arm High Row (Cable),single_arm_row,Single Arm Row,"lat_pulldown, face_pull, bicep_curl, rear_delt_fly",False,cable,85,88,30,92
f26172f1-2734-4a34-9f70-739cc0604946,Pogo Jump 2 Foot,general_movement,Pogo Jump 2 Foot,,False,bodyweight,70,88,95,65
f2833797-5c2e-46e0-ac4b-a366022959d1,Tip Toe Glute Bridge Abduction,glute_bridge,Glute Bridge,"hip_thrust, romanian_deadlift, leg_curl",False,bodyweight,70,88,95,65
f2835189-7fdd-4bbb-a319-cb7c273026c6,Suspender Scapular Retraction,general_movement,Suspender Scapular Retraction,,False,bodyweight,70,88,95,65
f2926ac0-0162-4765-9e6e-6fbc6e14a20a,Saw,general_movement,Saw,,False,bodyweight,70,88,95,65
f2976b41-f79b-4cd5-b067-d9654d91aa14,Standing Calf Raise (Kettlebell),calf_raise,Calf Raise,leg_press,False,kettlebell,75,85,85,78
f2979206-51ca-405c-b46e-ced8d587a417,Standing 90 Degrees Shoulder Extre (Resistance Band),shoulder_exercise,Shoulder Exercise,"shoulder_press, lateral_raise",False,band,60,85,90,50
f29ffa4f-2861-4bdf-9b8d-e21e76ec23c0,Quickly Swing Arms In Place,arm_exercise,Arm Exercise,"bicep_curl, tricep_extension",False,bodyweight,70,88,95,65
f2a1fefa-4f74-49a8-a2e4-27f760321466,Hammer Curl (Cable),hammer_curl,Hammer Curl,"bicep_curl, preacher_curl, reverse_curl",False,cable,85,88,30,92
f2bb86e2-5a5b-4aa5-9729-33f589cbcbd7,Weighted Triceps Dips,dip,Dip,"bench_press, tricep_pushdown, push_up",True,bodyweight,70,88,95,65
f2be0a9f-a795-4e0b-b316-10258e1ef30b,Crunch (legs On Stability Ball),crunch,Crunch,"leg_raise, plank, russian_twist",True,bodyweight,70,88,95,65
f2c92ed9-f551-49ab-9f09-45523717e6bf,Lying Straight Arms Pullover (Dumbbell),pullover,Pullover,"lat_pulldown, straight_arm_pulldown, fly",False,dumbbell,92,90,92,90
f2e1587f-679b-4780-b355-21ef5958bacd,Walking,general_movement,Walking,,False,bodyweight,70,88,95,65
f2e54c34-ad23-4c7c-a4f8-e4f83e1ba9d6,Plie Squat Knee Tap,squat,Squat,"leg_press, leg_extension, lunge, leg_curl",False,bodyweight,70,88,95,65
f2e7ed2c-9035-4a43-9adc-7740f8cbf013,Sitting Alternate Knee To Elbow Twist,general_movement,Sitting Alternate Knee To Elbow Twist,,False,bodyweight,70,88,95,65
f2e80f7f-acec-4404-b83f-a6013aa54e0b,Flutter Kicks,general_movement,Flutter Kicks,,False,bodyweight,70,88,95,65
f2effeca-b1b9-47e8-bd6c-68912ca5fb55,Seated Alternate Arms Archer Back Rotation,back_exercise,Back Exercise,"bent_over_row, lat_pulldown",False,bodyweight,70,88,95,65
f2f732f0-978d-4e2e-9752-32d513e6a016,Standing Forward Leg Swings,leg_exercise,Leg Exercise,"squat, leg_press",False,bodyweight,70,88,95,65
f31458ef-24ae-46da-9c9c-24d72baa9885,Walking Alternating Outer Draw,general_movement,Walking Alternating Outer Draw,,False,bodyweight,70,88,95,65
f31701e8-a805-4f4b-89ef-c805b20e7d7e,EZ (Barbell) Close Grip Curl,bicep_curl,Bicep Curl,"hammer_curl, preacher_curl, tricep_extension",False,barbell,95,80,65,95
f33e5e49-c3f8-497d-a3f2-7745c1a09969,Walking On Spot Hands Push,general_movement,Walking On Spot Hands Push,,False,bodyweight,70,88,95,65
f349e568-4b28-4ffc-b410-06643e26143c,Single Leg Split Squat With Low Box (Band),split_squat,Split Squat,"leg_press, leg_extension, lunge, leg_curl",False,band,60,85,90,50
f34a545a-9170-4c43-9c46-66a9d70a817b,Side Step Overhead Swing,general_movement,Side Step Overhead Swing,,False,bodyweight,70,88,95,65
f34aa21e-dcea-4323-bbe7-2d305d5642e9,Seated Behind Head Military Press (Barbell),shoulder_press,Shoulder Press,"lateral_raise, front_raise, tricep_extension",True,barbell,95,80,65,95
f3608275-e582-47cb-a0fc-3d5d3f8d61d0,Lateral Raise (Dumbbell),lateral_raise,Lateral Raise,"shoulder_press, front_raise, rear_delt_fly",True,dumbbell,92,90,92,90
f3622034-1be0-49f0-8f71-5e6f34f37b2e,Reverse Grip Machine Lat Pulldown,lat_pulldown,Lat Pulldown,"pull_up, bent_over_row, bicep_curl, face_pull",False,machine,80,75,20,88
f36e965e-ed6c-4c4b-8e27-21261d429665,Landmine 180,general_movement,Landmine 180,,False,bodyweight,70,88,95,65
f3707498-a392-442d-a192-c38f26c76bf3,Weighted Inverted Row,inverted_row,Inverted Row,"lat_pulldown, face_pull, bicep_curl, rear_delt_fly",False,bodyweight,70,88,95,65
f370a07c-41f6-4eeb-8574-2c2b85bce9d9,Half Kneeling Single Arm Row (Cable),single_arm_row,Single Arm Row,"lat_pulldown, face_pull, bicep_curl, rear_delt_fly",False,cable,85,88,30,92
f37d72e1-9d3b-4af2-b90f-6dc8d1062d6b,Stationary Arms Throw,bent_over_row,Bent Over Row,"lat_pulldown, face_pull, bicep_curl, rear_delt_fly",False,bodyweight,70,88,95,65
f38a5ef7-62d4-4fc2-afe5-3fa95833a469,Seated Single Leg Knee Extension,extension,Extension,"tricep_extension, leg_extension",False,bodyweight,70,88,95,65
f38bef07-525d-49b4-8015-268a3fff02d4,Chest Raise And Rotate,raise,Raise,"lateral_raise, front_raise",False,bodyweight,70,88,95,65
f39528bd-7ae0-4f7d-9173-3b8fcd164a2f,Glute Single Leg Bridge From B (Kettlebell),glute_bridge,Glute Bridge,"hip_thrust, romanian_deadlift, leg_curl",False,kettlebell,75,85,85,78
f3ac53bf-ce3c-4188-8202-b58d05ecc3d8,Twist Front Raise,front_raise,Front Raise,"shoulder_press, lateral_raise, incline_bench_press",False,bodyweight,70,88,95,65
f3af5a01-997f-4b1e-97e0-0ad0ebc1868e,Sitting Row On A Chair,bent_over_row,Bent Over Row,"lat_pulldown, face_pull, bicep_curl, rear_delt_fly",False,bodyweight,70,88,95,65
f3d627d0-c7f6-4c26-9e5c-b8318503cd03,Smith Zercher Squat,squat,Squat,"leg_press, leg_extension, lunge, leg_curl",False,smith_machine,72,70,25,80
f3e0c6f8-643b-4e99-92c9-1ec702806514,Curl Press Extension (Dumbbell),bicep_curl,Bicep Curl,"hammer_curl, preacher_curl, tricep_extension",True,dumbbell,92,90,92,90
f3e13df5-9a67-40de-b2c4-75b4e487e67b,Biceps Stretch Behind The Back,back_stretch,Back Stretch,,False,bodyweight,70,88,95,65
f3e64165-9ff6-445d-990e-0b78355a99ba,Bridge Mountain Climber (cross Body),mountain_climber,Mountain Climber,"plank, burpee, high_knees",False,bodyweight,70,88,95,65
f3e7804b-56ab-42d1-8293-e30ed150d7aa,Suspender Prone Ys,general_movement,Suspender Prone Ys,,False,bodyweight,70,88,95,65
f3ebe025-5a28-4890-9caf-0f1409deb71c,One Arm Twisting Seated Row (Band),cable_row,Cable Row,"lat_pulldown, face_pull, bicep_curl, rear_delt_fly",False,band,60,85,90,50
f4030fec-3182-4a29-9b7c-8a722e521e87,Single Leg Squat (Dumbbell),squat,Squat,"leg_press, leg_extension, lunge, leg_curl",False,dumbbell,92,90,92,90
f40470f6-ee04-4bce-a0a6-8721d785f2ae,Lying Butterfly (abduction),fly,Chest Fly,"bench_press, incline_fly, push_up",False,bodyweight,70,88,95,65
f409666d-f13c-4635-a146-d118f914434a,Lever Lateral Raise,lateral_raise,Lateral Raise,"shoulder_press, front_raise, rear_delt_fly",False,machine,80,75,20,88
f40994aa-f095-47c0-8870-4bf77d2d245e,Sitting Chest Open,chest_exercise,Chest Exercise,"bench_press, fly",False,bodyweight,70,88,95,65
f420530c-aa66-41de-835a-298cfc1a52fe,Roll Biceps Lying On Floor,arm_exercise,Arm Exercise,"bicep_curl, tricep_extension",False,bodyweight,70,88,95,65
f426f39f-1825-4504-9edb-0add55be77a0,Lean Back Heel Tap,back_exercise,Back Exercise,"bent_over_row, lat_pulldown",False,bodyweight,70,88,95,65
f441229f-3afc-4b13-a2f8-14b6fd4e0ef4,Suspender Pendulum,general_movement,Suspender Pendulum,,False,bodyweight,70,88,95,65
f44e4dac-65e7-47f7-a7e5-f6b8dbb84e6c,Side Step Hands On Waist,general_movement,Side Step Hands On Waist,,False,bodyweight,70,88,95,65
f4546216-569f-437a-9920-97b730a63d92,Swimmer Kicks,general_movement,Swimmer Kicks,,False,bodyweight,70,88,95,65
f457e92c-c7d7-42b1-88c3-0614033967f6,Swing (Kettlebell),kettlebell_swing,Kettlebell Swing,"hip_thrust, deadlift, clean",False,kettlebell,75,85,85,78
f45ec3f9-82db-40b0-a4ec-3405029240e7,Plank Power Tuck,plank,Plank,"crunch, leg_raise, russian_twist",True,bodyweight,70,88,95,65
f4666f12-78b7-422f-b652-18958e5dd0ee,Lever Triceps Dip (plate Loaded),dip,Dip,"bench_press, tricep_pushdown, push_up",False,machine,80,75,20,88
f469860d-f281-4816-822e-d4244fd54c02,Suspender Star Push Up,push_up,Push Up,"bench_press, fly, dip, tricep_extension",True,bodyweight,70,88,95,65
f47205db-9563-4839-9f91-0b32c02191c5,Lever Bent Over Row (plate Loaded),machine_row,Machine Row,"lat_pulldown, face_pull, bicep_curl, rear_delt_fly",False,machine,80,75,20,88
f472ef22-4c18-4269-844a-8aaf15e9fcd8,Forward Step Front Plank,plank,Plank,"crunch, leg_raise, russian_twist",True,bodyweight,70,88,95,65
f47738e0-ac7b-4fe0-b820-0cb0ccedca63,Lever High Row (plate Loaded),machine_row,Machine Row,"lat_pulldown, face_pull, bicep_curl, rear_delt_fly",False,machine,80,75,20,88
f47b6329-afea-4915-bea1-81826e8b4206,Glute Ham Developer Hip Extension,extension,Extension,"tricep_extension, leg_extension",False,bodyweight,70,88,95,65
f47c96f8-453d-498d-87f4-cb4730f7a84c,Sitting Side To Side Forward Backward Neck Stretch,back_stretch,Back Stretch,,False,bodyweight,70,88,95,65
f47e9374-ad50-4d98-bc02-03c7daced175,Lever Incline Hammer Chest Press,incline_chest_press,Incline Chest Press,"bench_press, fly, tricep_pushdown",False,machine,80,75,20,88
f4a33853-bfcd-4e43-969f-77890c3ff6a0,Walkout To Push Up,push_up,Push Up,"bench_press, fly, dip, tricep_extension",True,bodyweight,70,88,95,65
f4a3c438-9c45-42d9-a9dd-4b217c1215a3,Lying Incline Side Leg Raise (Cable),leg_raise,Leg Raise,"crunch, plank, reverse_crunch",False,cable,85,88,30,92
f4ab7b6a-874d-4680-b8fc-8f69d1308c3c,Side Two Front Toe Touching,general_movement,Side Two Front Toe Touching,,False,bodyweight,70,88,95,65
f4ace20d-9de6-4f9d-b990-0f085903561a,Standing Isometric Hold Calf Raise,calf_raise,Calf Raise,leg_press,False,bodyweight,70,88,95,65
f4b063fe-65a4-40b0-a8c5-b8cdcd7f3f25,Stepback Diagonal Rainbow Arms,back_exercise,Back Exercise,"bent_over_row, lat_pulldown",False,bodyweight,70,88,95,65
f4ba89da-a8fb-4327-b502-b34aa1a72809,Bottle Weighted Split Squat,split_squat,Split Squat,"leg_press, leg_extension, lunge, leg_curl",False,bodyweight,70,88,95,65
f4c1e81a-196a-4da0-a030-037b9d2077d8,Back Squeeze Knee Lift,back_exercise,Back Exercise,"bent_over_row, lat_pulldown",False,bodyweight,70,88,95,65
f4c6ab39-2a63-454d-bf97-740b58b98f9f,Cross Body Mountain Climber Hop Over Bench,mountain_climber,Mountain Climber,"plank, burpee, high_knees",False,bodyweight,70,88,95,65
f4c93ded-fc41-432d-9b8e-16c6d108a77f,Standing Alternate Chest Fly (Bodyweight),fly,Chest Fly,"bench_press, incline_fly, push_up",False,bodyweight,70,88,95,65
f4ca5dfc-c7ad-4134-8446-2204fc240fd1,Side Lying External Rotation (on A Bench) (Dumbbell),general_movement,Side Lying External Rotation,,False,dumbbell,92,90,92,90
f4d844cc-2201-4705-b354-1bcf2963e45f,Lying Leg Circle Hip Raise,raise,Raise,"lateral_raise, front_raise",False,bodyweight,70,88,95,65
f4d85855-3483-4d87-b8be-6f4dc19f9bbc,Low Lunge To Hamstring Stretch (advanced),hamstring_stretch,Hamstring Stretch,,False,bodyweight,70,88,95,65
f4dbb786-b1d4-461c-8587-578c204dcf74,Goblet Pulse Squat (Kettlebell),goblet_squat,Goblet Squat,"leg_press, leg_extension, lunge, leg_curl",False,kettlebell,75,85,85,78
f4e2e429-233b-4840-8322-63625fdd4cd2,Hanging Hollow Hold,general_movement,Hanging Hollow Hold,,False,bodyweight,70,88,95,65
f4f00ac1-9648-4dc4-a13b-c221351eeebc,Seated Twist On Floor (Cable),core_exercise,Core Exercise,"crunch, plank",False,cable,85,88,30,92
f4f76449-6baf-4ecd-ba6d-76c972686b45,Step Up (Barbell),step_up,Step Up,"lunge, split_squat, squat",False,barbell,95,80,65,95
f5018543-93c8-47a0-870e-1ac79bba8b53,Bird Dog,general_movement,Bird Dog,,False,bodyweight,70,88,95,65
f5089273-b2a7-41f1-810c-dfc1cec0b749,Suspender Assisted Shoulder Abduction Side Step (,hip_abduction,Hip Abduction,"hip_adduction, glute_kickback, hip_thrust",False,bodyweight,70,88,95,65
f508c777-4c48-4751-8deb-8ac85d9e5f98,Crunch (hands Overhead),crunch,Crunch,"leg_raise, plank, russian_twist",True,bodyweight,70,88,95,65
f50ad69e-5c7c-4ce8-8809-6af3770b2834,Kneeling Low Fly (Dumbbell),fly,Chest Fly,"bench_press, incline_fly, push_up",True,dumbbell,92,90,92,90
f52bc652-c0b3-4847-a508-7556ed176118,Suspender Pull Up,pull_up,Pull Up,"lat_pulldown, bent_over_row, bicep_curl",True,bodyweight,70,88,95,65
f53b0daf-02a8-4c2a-868f-2612ad55d087,Stick Lying Single Arm Triceps Stretch,tricep_stretch,Tricep Stretch,,False,bodyweight,70,88,95,65
f53ce09c-192e-41ec-8668-b07af1b9e772,Down Dog Knee To Nose,general_movement,Down Dog Knee To Nose,,False,bodyweight,70,88,95,65
f540ca05-5585-46a2-8883-896b7bdc5f0a,Standing Front Heel Tap Triceps Kickback,tricep_kickback,Tricep Kickback,"tricep_extension, tricep_pushdown, dip",False,bodyweight,70,88,95,65
f54e63eb-d1a5-4c90-8f97-18cef889d83a,Assisted Straight Arms Lying Stretch_chest,chest_stretch,Chest Stretch,,False,bodyweight,70,88,95,65
f5648366-4878-4a1a-a0f0-13812a19b403,Standing Chest Cross Stretch,chest_stretch,Chest Stretch,,False,bodyweight,70,88,95,65
f5692890-7f2a-41b0-b09e-e4600306badd,Standing Hip Stretch,hip_stretch,Hip Stretch,,False,bodyweight,70,88,95,65
f56b9849-c51f-42a0-bac2-e7f19591259b,Standing Angel Wall Supported,general_movement,Standing Angel Wall Supported,,False,bodyweight,70,88,95,65
f5706a53-ff1e-4dcc-a4db-49523bc22418,Side Bridge Hip Abduction,hip_abduction,Hip Abduction,"hip_adduction, glute_kickback, hip_thrust",False,bodyweight,70,88,95,65
f57527db-a855-49a7-9904-89f28e7ccc10,Overhead Triceps Extension (Band),overhead_tricep_extension,Overhead Tricep Extension,"tricep_pushdown, skull_crusher, dip, bicep_curl",False,band,60,85,90,50
f5759005-8808-4797-8cb7-74cd843a3a4c,High Low Lunge Split Squat,split_squat,Split Squat,"leg_press, leg_extension, lunge, leg_curl",False,bodyweight,70,88,95,65
f59b0285-2cc5-44ef-b1cf-b641c6ca5fe8,Side Clamp,general_movement,Side Clamp,,False,bodyweight,70,88,95,65
f5a222f3-bade-485e-a09f-29a44ee106b9,Weighted Hanging Leg Hip Raise,raise,Raise,"lateral_raise, front_raise",False,bodyweight,70,88,95,65
f5a78bb1-beaa-4efc-9fc3-e93bc5d7b277,Ring Russian Dip,dip,Dip,"bench_press, tricep_pushdown, push_up",True,bodyweight,70,88,95,65
f5b1c037-13d9-4f2c-ba14-958f929787c4,Sitting Punch On A Chair,general_movement,Sitting Punch On A Chair,,False,bodyweight,70,88,95,65
f5b289a7-026c-453a-b83e-44f416863591,Standing Clasp Hands Shoulders Forward Swing,shoulder_exercise,Shoulder Exercise,"shoulder_press, lateral_raise",False,bodyweight,70,88,95,65
f5b894ee-b3b9-458f-b3bb-26ef0aa17ac8,One Arm Seated Delt Row (Band),cable_row,Cable Row,"lat_pulldown, face_pull, bicep_curl, rear_delt_fly",False,band,60,85,90,50
f5d12984-1770-4a1c-b8af-c2f8839a3801,Tilt And Extend,general_movement,Tilt And Extend,,False,bodyweight,70,88,95,65
f5d5a928-a9d4-48e9-b7e1-d5436a95bec0,Side Plank Side Crunch,oblique_crunch,Oblique Crunch,"leg_raise, plank, russian_twist",False,bodyweight,70,88,95,65
f5de836b-7e7b-4fbc-a7b7-ff99d8ec0922,Side Lunge Stretch(advanced),general_stretch,Stretch,,False,bodyweight,70,88,95,65
f5e1265b-c4fe-465c-a536-690f4549975c,Forward And Top Wall Push,general_movement,Forward And Top Wall Push,,False,bodyweight,70,88,95,65
f5e4bbc9-2f4b-4566-a2b3-6dd234da08b1,Slopes Towards Stretch,general_stretch,Stretch,,False,bodyweight,70,88,95,65
f5e7ca2c-b4dc-437c-a8d8-c5340cb3db80,Arms Out Double Squat To Single Squat  (Bodyweight),squat,Squat,"leg_press, leg_extension, lunge, leg_curl",False,bodyweight,70,88,95,65
f6041c67-2ba5-45f3-9359-d9e54c875322,Standing Y Up,general_movement,Standing Y Up,,False,bodyweight,70,88,95,65
f6238b2b-1223-44f2-a5a0-9cf7711d775f,Lying Single Leg Raise,leg_raise,Leg Raise,"crunch, plank, reverse_crunch",False,bodyweight,70,88,95,65
f64e045b-1bce-41f0-844e-882ce1433dcd,Seated Tibialis Anterior Press,press,Press,"bench_press, shoulder_press",False,bodyweight,70,88,95,65
f654ed25-c89a-4fb1-91f9-c625c407492c,Standing Crunch (Rope) (Cable),cable_crunch,Cable Crunch,"leg_raise, plank, russian_twist",False,cable,85,88,30,92
f662363e-5a22-4573-8c9b-2788de12e4d7,Seated Shoulder Stretch On A Chair,shoulder_stretch,Shoulder Stretch,,False,bodyweight,70,88,95,65
f6627a26-5a7e-4242-9fc3-fe327c67ca8e,Power Sled Push,general_movement,Power Sled Push,,False,bodyweight,70,88,95,65
f663cf93-0f57-46de-805d-b320ac3c04cc,Smith Kneeling Rear Kick,general_movement,Smith Kneeling Rear Kick,,False,smith_machine,72,70,25,80
f6667a07-ca9f-4961-a1dc-98cf6baa1732,Standing Arm Crossover Behind The Back,back_exercise,Back Exercise,"bent_over_row, lat_pulldown",False,bodyweight,70,88,95,65
f672928d-8ac3-424d-a5f5-cb642c26e103,Hack Squat (Dumbbell),hack_squat,Hack Squat,"leg_press, leg_extension, lunge, leg_curl",False,dumbbell,92,90,92,90
f6766f5b-a790-43b8-985e-2264e68348f6,Machine Inner Chest Press,chest_press,Chest Press,"bench_press, fly, tricep_pushdown",True,machine,80,75,20,88
f67744f0-2f42-49f4-8e0d-26463cba655e,Step Up With Knee Drive,step_up,Step Up,"lunge, split_squat, squat",False,bodyweight,70,88,95,65
f681d9c8-b2a3-4ee9-9653-22977ff6f990,Mountain Climber Kickout,mountain_climber,Mountain Climber,"plank, burpee, high_knees",False,bodyweight,70,88,95,65
f68e7482-c62e-43aa-8716-7efddcf0f842,Front And Back Arms Rotation,back_exercise,Back Exercise,"bent_over_row, lat_pulldown",False,bodyweight,70,88,95,65
f696ae8c-b3fc-4150-b136-ebfe4a964d54,Tuck Crunch,crunch,Crunch,"leg_raise, plank, russian_twist",True,bodyweight,70,88,95,65
f6b1bdd1-40ad-4f06-8088-d17ec374ad1c,Cross Body Hammer Curl (Dumbbell),hammer_curl,Hammer Curl,"bicep_curl, preacher_curl, reverse_curl",True,dumbbell,92,90,92,90
f6b44a6c-282d-4d61-9b1e-7910dade008d,Standing Biceps Curl (Band),bicep_curl,Bicep Curl,"hammer_curl, preacher_curl, tricep_extension",False,band,60,85,90,50
f6be15d7-89f2-4ff3-92bf-869c3e0e4e37,Preacher Curl Wrists,preacher_curl,Preacher Curl,"bicep_curl, hammer_curl, concentration_curl",False,bodyweight,70,88,95,65
f6c499c9-fb59-4d26-9f37-cbbafdfbc6cb,Jack Step,general_movement,Jack Step,,False,bodyweight,70,88,95,65
f6e02fc4-f179-4163-92e0-a92e9419ada9,Sitting Knee Extension On A Chair (Resistance Band),extension,Extension,"tricep_extension, leg_extension",False,band,60,85,90,50
f6ecbaf3-a5a7-4d7c-a8b8-d85ee50c1d38,Flutter Kicks,general_movement,Flutter Kicks,,False,bodyweight,70,88,95,65
f70d62d5-cd45-483b-9c74-0864237d049c,PVC Hip Hinge,general_movement,PVC Hip Hinge,,False,bodyweight,70,88,95,65
f71c0a69-6e03-4805-9b43-811bfa260efc,Sled 45 Leg Wide Press,press,Press,"bench_press, shoulder_press",False,bodyweight,70,88,95,65
f72d0053-9bbb-426d-8420-3983b41fd156,Suspender Single Leg Deadlift,single_leg_deadlift,Single Leg Deadlift,"romanian_deadlift, bent_over_row, hip_thrust, squat",False,bodyweight,70,88,95,65
f730fd0f-2f62-464b-bdec-0461d17d5b50,Standing Reverse Grip Curl (straight Bar) (Cable),reverse_curl,Reverse Curl,"bicep_curl, hammer_curl, wrist_curl",False,cable,85,88,30,92
f7317a19-50da-4100-8d41-b3d5d15322de,Lever High Row (plate Loaded),machine_row,Machine Row,"lat_pulldown, face_pull, bicep_curl, rear_delt_fly",False,machine,80,75,20,88
f73876cc-dcaf-467f-9306-14a476c2f0b4,Seated Upright Alternate Squeeze Press (Dumbbell),press,Press,"bench_press, shoulder_press",False,dumbbell,92,90,92,90
f73b7504-6a1a-4d6f-8df7-882ae27bdef2,Bench Front Squat (Barbell),front_squat,Front Squat,"leg_press, leg_extension, lunge, leg_curl",False,barbell,95,80,65,95
f75132dd-8583-4539-9280-35ec8b62846c,Single Arm Row With Chest Supported (Dumbbell),single_arm_row,Single Arm Row,"lat_pulldown, face_pull, bicep_curl, rear_delt_fly",False,dumbbell,92,90,92,90
f75e1f59-4a82-455a-b36e-e8ce610a54a1,Lying Obliques Scissors,general_movement,Lying Obliques Scissors,,False,bodyweight,70,88,95,65
f76f4d6c-ad20-4388-a276-b56a8de19455,One Arm Wrist Curl (Dumbbell),arm_exercise,Arm Exercise,"bicep_curl, tricep_extension",False,dumbbell,92,90,92,90
f771d48d-c5f1-4109-aa39-fd0983ed1ec6,Side Camel,general_movement,Side Camel,,False,bodyweight,70,88,95,65
f77b90a7-80dd-4a0d-9883-960d92f14d85,Stability Ball Rollout On Knees,core_exercise,Core Exercise,"crunch, plank",False,bodyweight,70,88,95,65
f7821751-e255-4e5d-9da7-931506bbffbb,Kneeling Scapular Push Up,push_up,Push Up,"bench_press, fly, dip, tricep_extension",True,bodyweight,70,88,95,65
f78ea794-0234-4fec-b032-a60c1890d8b1,Narrow Squat From Deficit,bent_over_row,Bent Over Row,"lat_pulldown, face_pull, bicep_curl, rear_delt_fly",False,bodyweight,70,88,95,65
f7922fcb-69e9-4179-858e-a578e938aa9c,Bench Press Catch (Barbell),bench_press,Bench Press,"incline_bench_press, fly, tricep_pushdown, dip",True,barbell,95,80,65,95
f798aaf8-2c22-4953-928c-f3067c384a8e,Landmine Half Kneeling Shoulders Press,press,Press,"bench_press, shoulder_press",False,bodyweight,70,88,95,65
f79e255e-17cb-41c7-8720-3258129c064f,Push Up M,push_up,Push Up,"bench_press, fly, dip, tricep_extension",True,bodyweight,70,88,95,65
f7af8a93-1b65-4aac-b4d8-513fe34c74c8,Feet And Ankles Side To Side Stretch,general_stretch,Stretch,,False,bodyweight,70,88,95,65
f7bbd06d-c4e4-48fe-9a3a-065fe845cdd0,Lying Leg Abduction,hip_abduction,Hip Abduction,"hip_adduction, glute_kickback, hip_thrust",False,bodyweight,70,88,95,65
f7bf1c6c-5c61-428e-9426-a28c94745194,Arm Bar (Kettlebell),arm_exercise,Arm Exercise,"bicep_curl, tricep_extension",False,kettlebell,75,85,85,78
f7bfabc0-ae01-4ebf-b20f-ee9bd8c483a3,Single Leg Stretch (bent Knee),general_stretch,Stretch,,False,bodyweight,70,88,95,65
f7c92e60-108d-49cc-832a-0567cff02cd3,Standing Calf Raise,calf_raise,Calf Raise,leg_press,False,bodyweight,70,88,95,65
f7cedf75-3a85-4167-b1dd-f1d9a34fce1e,Squat (Bodyweight),squat,Squat,"leg_press, leg_extension, lunge, leg_curl",False,bodyweight,70,88,95,65
f7d1cc5b-c759-4c90-bff2-f2ac4a5ef867,Oblique Crunch Opposite Elbow To Knee,oblique_crunch,Oblique Crunch,"leg_raise, plank, russian_twist",False,bodyweight,70,88,95,65
f7d802be-4f13-4554-a0e1-e7cc854ef33a,Sitting Knee Raise Hold On A Chair,leg_raise,Leg Raise,"crunch, plank, reverse_crunch",False,bodyweight,70,88,95,65
f7dd52c8-1de9-49b5-83a6-4b76454a4080,Squat Side Walk,squat,Squat,"leg_press, leg_extension, lunge, leg_curl",False,bodyweight,70,88,95,65
f7e01a06-ebe3-4542-8fd7-5c467b717a12,Bottle Weighted Russian Twist,russian_twist,Russian Twist,"oblique_crunch, woodchop, side_plank",False,bodyweight,70,88,95,65
f7e90ad8-2ceb-45b4-9be0-57461b58b663,Prayer Push Hold,general_movement,Prayer Push Hold,,False,bodyweight,70,88,95,65
f7e98461-5510-4350-b12d-ff5710419453,Static Lunge (Dumbbell),lunge,Lunge,"split_squat, step_up, squat, leg_press",False,dumbbell,92,90,92,90
f7ea747d-bc23-42bb-ae08-4a40ca070ebf,Hang Clean Below The Knees (Barbell),hang_clean,Hang Clean,"deadlift, front_squat, snatch, shrug",False,barbell,95,80,65,95
f7fcf628-dc15-4a2c-bc27-4702c5e4112e,Ring Resistance Band Assisted Single Arm Pull Up,pull_up,Pull Up,"lat_pulldown, bent_over_row, bicep_curl",False,band,60,85,90,50
f8042434-1426-4a15-88ef-8bd8670296fc,Lateral Walk (Bodyweight),general_movement,Lateral Walk,,False,bodyweight,70,88,95,65
f804ea32-a312-427c-9cb8-335422f3436f,Climber A Padded Stool Supported,general_movement,Climber A Padded Stool Supported,,False,bodyweight,70,88,95,65
f805cfce-a70e-447c-92a5-1f0260a03bdc,Suitcase Deadlift (Kettlebell),deadlift,Deadlift,"romanian_deadlift, bent_over_row, hip_thrust, squat",False,kettlebell,75,85,85,78
f807dcf0-c867-4bd3-bab5-a7b9ebe21799,Standing Biceps Curl Door Frame,bicep_curl,Bicep Curl,"hammer_curl, preacher_curl, tricep_extension",False,bodyweight,70,88,95,65
f8316cf7-35bb-4512-b722-c8dcf84fe3c4,Full Squat With Overhead Press (Bodyweight),shoulder_press,Shoulder Press,"lateral_raise, front_raise, tricep_extension",False,bodyweight,70,88,95,65
f836822b-c635-45a7-a9ff-8447136adff3,Smith Shrug,shrug,Shrug,"upright_row, deadlift, bent_over_row",False,smith_machine,72,70,25,80
f841630b-e7a2-4249-8426-db7603e98391,45 Degrees Biceps Curl (Band),bicep_curl,Bicep Curl,"hammer_curl, preacher_curl, tricep_extension",False,band,60,85,90,50
f841d863-cb27-4642-9df7-e35435543431,Side Lying Heel And Knee Taps,general_movement,Side Lying Heel And Knee Taps,,False,bodyweight,70,88,95,65
f84443a5-27f1-4c3a-aadc-c63bc97e81d0,Underhand Circle Draw,general_movement,Underhand Circle Draw,,False,bodyweight,70,88,95,65
f870b09f-191a-4a56-8150-fe597f034bc8,Front Plank With Twist,plank,Plank,"crunch, leg_raise, russian_twist",True,bodyweight,70,88,95,65
f89089ad-4d91-4c42-ae23-e6dee82f500b,Seated Good Morning (Barbell),good_morning,Good Morning,"romanian_deadlift, hip_thrust, back_extension",False,barbell,95,80,65,95
f89986f2-8bf8-4371-9387-56fddf1edca2,Donkey Plank,plank,Plank,"crunch, leg_raise, russian_twist",True,bodyweight,70,88,95,65
f8ba0fad-3230-4a44-8d95-66abc5f273a9,Knee Hug Glute Stretch,general_stretch,Stretch,,False,bodyweight,70,88,95,65
f8c0fdef-44d1-4ff2-9378-dcf6551369ce,Decline Fly (Dumbbell),fly,Chest Fly,"bench_press, incline_fly, push_up",True,dumbbell,92,90,92,90
f8c78b1f-cb01-465f-9fe9-3eba1506435b,Lying Bent Knee Raise And Extend,leg_raise,Leg Raise,"crunch, plank, reverse_crunch",False,bodyweight,70,88,95,65
f8e01605-9477-4fde-996a-0854767c8f17,Suspender Twist Up,general_movement,Suspender Twist Up,,False,bodyweight,70,88,95,65
f8e0bf15-0658-4565-861c-2692f91daab0,Hip Adduction (Band),hip_adduction,Hip Adduction,"hip_abduction, sumo_squat, lunge",False,band,60,85,90,50
f8f39ac6-e1e0-4182-985f-5bc8baeba9a1,Zercher Carry (Barbell),farmers_walk,Farmer Walk,"shrug, deadlift, lunge",False,barbell,95,80,65,95
f9029f82-2fdf-4cfb-abfa-d4d416e2764d,Prone Incline Curl (Band),incline_curl,Incline Curl,"bicep_curl, preacher_curl, hammer_curl",False,band,60,85,90,50
f9084dff-3324-44e3-af11-a41cc93b56b2,Warm Up Shoulder Stretch (Band),shoulder_stretch,Shoulder Stretch,,False,band,60,85,90,50
f90d4b9c-b11f-4bf4-8fbe-ad34a4b04ade,Double Side Step Walk,general_movement,Double Side Step Walk,,False,bodyweight,70,88,95,65
f9276dae-1a43-4546-b82b-296ca0944100,Lying Prone W Raise,raise,Raise,"lateral_raise, front_raise",False,bodyweight,70,88,95,65
f928d6af-9a52-40b1-9223-7215b86cb9fa,Prone Full Can Exercise (Dumbbell),general_movement,Prone Full Can Exercise,,False,dumbbell,92,90,92,90
f92adeed-8409-45af-b731-221a77533c04,Roll Pull & Bend (stabilitity Ball),core_exercise,Core Exercise,"crunch, plank",False,bodyweight,70,88,95,65
f940b2a8-bb04-41ce-a3da-92a3b3ba004d,Prayer Push,general_movement,Prayer Push,,False,bodyweight,70,88,95,65
f9540133-2404-4721-9e54-fca1e1f91b7b,Pulsing Adduction And Abduction,hip_abduction,Hip Abduction,"hip_adduction, glute_kickback, hip_thrust",False,bodyweight,70,88,95,65
f96ec703-c1db-473d-9b34-0fbe3b132763,Z Press (Kettlebell),press,Press,"bench_press, shoulder_press",False,kettlebell,75,85,85,78
f9ab9cec-6bf6-4d2a-80f6-786385e612cd,Seated Incline Chest Press On A Chair,incline_chest_press,Incline Chest Press,"bench_press, fly, tricep_pushdown",False,bodyweight,70,88,95,65
f9b33842-54e6-40bc-8bb1-4bdd5c90dd39,Kneeling Hip Flexor Stretch,hip_stretch,Hip Stretch,,False,bodyweight,70,88,95,65
f9b99f86-3ded-4a46-b107-f378bd8cfb55,Roll Chest Opener Lying On Floor,chest_exercise,Chest Exercise,"bench_press, fly",False,bodyweight,70,88,95,65
f9c1f468-f427-4d13-9a5c-4813740a2b66,Cobra Lookback,back_exercise,Back Exercise,"bent_over_row, lat_pulldown",False,bodyweight,70,88,95,65
f9c796b2-71f2-46f8-8c65-2249a7df6de3,Kneeling One Arm Pulldown (Band),lat_pulldown,Lat Pulldown,"pull_up, bent_over_row, bicep_curl, face_pull",False,band,60,85,90,50
f9c82fbf-3f03-440d-be00-c897c0b9956d,Incline Chest Fly (Band),incline_fly,Incline Fly,"fly, incline_bench_press",False,band,60,85,90,50
f9cf0852-8c0e-4764-91e0-a3aa5faee8a7,Alternate Frog Crunch,crunch,Crunch,"leg_raise, plank, russian_twist",True,bodyweight,70,88,95,65
f9dc7cae-43c0-4f68-a1e2-5da142a392dc,Lying Single Arm Triceps Stretch,tricep_stretch,Tricep Stretch,,False,bodyweight,70,88,95,65
f9dd76ed-3cee-48b9-b897-4f1101239914,Seated Shoulder Waves,shoulder_exercise,Shoulder Exercise,"shoulder_press, lateral_raise",False,bodyweight,70,88,95,65
f9dda57b-79c8-422e-b626-c29253c82154,Lying Alternate Straight Leg Lift,leg_exercise,Leg Exercise,"squat, leg_press",False,bodyweight,70,88,95,65
f9e39655-c139-4613-bc81-4651241e1382,Curtsey Lunge (Dumbbell),lunge,Lunge,"split_squat, step_up, squat, leg_press",False,dumbbell,92,90,92,90
f9e42476-5c27-4f4e-ad00-d8f6ea6540db,Push Up (wall),push_up,Push Up,"bench_press, fly, dip, tricep_extension",True,bodyweight,70,88,95,65
f9eee08a-9b21-439d-a5f3-db66d1672073,Side Lying 90 Degrees Hip Clam And Kick,general_movement,Side Lying 90 Degrees Hip Clam And Kick,,False,bodyweight,70,88,95,65
f9f14f97-6018-4cdd-ae4f-52ea0dec4c81,Rounded Back Extension,back_extension,Back Extension,"romanian_deadlift, good_morning, glute_bridge",False,bodyweight,70,88,95,65
fa053d0e-df55-4d0c-818b-da7c5fd24a70,Smith Single Leg Deadlift,single_leg_deadlift,Single Leg Deadlift,"romanian_deadlift, bent_over_row, hip_thrust, squat",False,smith_machine,72,70,25,80
fa0fe6d2-516d-46af-ba46-d6393a01da7d,Side Walk Squat (Resistance Band),squat,Squat,"leg_press, leg_extension, lunge, leg_curl",False,band,60,85,90,50
fa1b82da-abf8-4fb4-941c-8c7ec056a09c,Pendulum Leg Plus,leg_exercise,Leg Exercise,"squat, leg_press",False,bodyweight,70,88,95,65
fa28b753-d5ac-4dfe-9954-e770168eb041,3/4 Sit Up,crunch,Crunch,"leg_raise, plank, russian_twist",True,bodyweight,70,88,95,65
fa35ced1-2a1f-4aee-b6be-4c13f7dbf7f8,Standing One Arm Curl Over Incline Benc (Kettlebell),incline_curl,Incline Curl,"bicep_curl, preacher_curl, hammer_curl",False,kettlebell,75,85,85,78
fa37e005-fe06-4343-8e2b-755aab1b1439,Standing Single Arm Lateral Raise (Resistance Band),lateral_raise,Lateral Raise,"shoulder_press, front_raise, rear_delt_fly",False,band,60,85,90,50
fa3ad32c-a79a-4659-ad39-372fce9a865c,Clamshell Sit Against Wall,hip_abduction,Hip Abduction,"hip_adduction, glute_kickback, hip_thrust",False,bodyweight,70,88,95,65
fa3d61d5-e792-4f85-8ba5-6fe82f9fa7ed,Incline Fly (on Stability Ball) (Cable),incline_fly,Incline Fly,"fly, incline_bench_press",False,cable,85,88,30,92
fa61ae1c-915b-433c-a419-9171f34ff245,Good Morning (Barbell),good_morning,Good Morning,"romanian_deadlift, hip_thrust, back_extension",False,barbell,95,80,65,95
fa6fdd4e-2ce2-41bf-8a28-9b832adcc180,Standing Hip Frontal Rotation Wipe Arms,arm_exercise,Arm Exercise,"bicep_curl, tricep_extension",False,bodyweight,70,88,95,65
fa74bcb5-9f18-4cf3-a7ac-00ad2a298db8,Bent Over Rear Lateral Raise (version (Band),lateral_raise,Lateral Raise,"shoulder_press, front_raise, rear_delt_fly",False,band,60,85,90,50
fa74d694-61d2-4c13-91f9-735bf0c4085d,Shoulder Tap,shoulder_exercise,Shoulder Exercise,"shoulder_press, lateral_raise",False,bodyweight,70,88,95,65
fa7db74b-e202-4218-817e-ccca03f6639b,Superman Row,bent_over_row,Bent Over Row,"lat_pulldown, face_pull, bicep_curl, rear_delt_fly",False,bodyweight,70,88,95,65
fa8d0c69-4f50-458a-8f49-90c87bd63b5b,Elevated Heel Front Squat (Bodyweight),front_squat,Front Squat,"leg_press, leg_extension, lunge, leg_curl",False,bodyweight,70,88,95,65
fa91faa4-16f8-48f3-a284-b9ba6e9a3ff4,Sitting Serratus Push On A Chair (Resistance Band),general_movement,Sitting Serratus Push On A Chair,,False,band,60,85,90,50
fa957647-7643-4531-8646-996bd01ba483,Weighted Plate Seated Neutral Grip Wrist Curl,wrist_curl,Wrist Curl,"reverse_curl, bicep_curl",False,bodyweight,70,88,95,65
fa9b8233-dfa0-48ac-b66f-d616b7e7f9c3,Decline Push Up,decline_push_up,Decline Push Up,"bench_press, fly, dip, tricep_extension",False,bodyweight,70,88,95,65
fa9e930e-2395-41b2-a1ea-02cb97de4271,Sitting Chest Fly On A Chair,fly,Chest Fly,"bench_press, incline_fly, push_up",False,bodyweight,70,88,95,65
fa9fcc96-347e-4360-9022-f71a0e3e22f9,Standing Knee To Chest Stretch,chest_stretch,Chest Stretch,,False,bodyweight,70,88,95,65
faa4b23f-800a-4968-9808-15c2aabd3b54,Lying Split Abductor,hip_abduction,Hip Abduction,"hip_adduction, glute_kickback, hip_thrust",False,bodyweight,70,88,95,65
faaf8bf5-3065-4128-8b32-b67e1fc41e6f,45 Degrees Reverse Hyperextension,back_extension,Back Extension,"romanian_deadlift, good_morning, glute_bridge",False,bodyweight,70,88,95,65
fab1998c-d64a-4202-841c-5b9d42d3580c,Alternate Side Place Leg,leg_exercise,Leg Exercise,"squat, leg_press",False,bodyweight,70,88,95,65
fab20312-5ebd-454e-af04-701b942ee641,Cobra Side Ab Stretch,general_stretch,Stretch,,False,bodyweight,70,88,95,65
fabd721b-fd44-41ae-9ea4-eca70070a90a,Lying Femoral (Dumbbell),general_movement,Lying Femoral,,False,dumbbell,92,90,92,90
fad6ee2a-69c1-4fd0-9cf6-db9d473e45b6,Lever Gripless Shrug,shrug,Shrug,"upright_row, deadlift, bent_over_row",False,machine,80,75,20,88
fadb5417-18fe-4150-a01a-62d89d6b4051,Side Plank Supported Wall,side_plank,Side Plank,"crunch, leg_raise, russian_twist",False,bodyweight,70,88,95,65
fae1f836-9d03-47e9-9ab7-14987ec578e5,Smith Sumo Chair Squat,sumo_squat,Sumo Squat,"leg_press, leg_extension, lunge, leg_curl",False,smith_machine,72,70,25,80
fae752fb-7923-48b6-b020-3438021fcb72,Decline Pullover (Barbell),pullover,Pullover,"lat_pulldown, straight_arm_pulldown, fly",False,barbell,95,80,65,95
faf66884-885c-4861-9e60-a1deb167c44c,Standing Wheel Rollout,general_movement,Standing Wheel Rollout,,False,bodyweight,70,88,95,65
fb05fff5-b038-4aa8-906e-5fbe5032584b,Burpee Twist,burpee,Burpee,"push_up, squat_jump, mountain_climber",True,bodyweight,70,88,95,65
fb11fe2c-a743-4649-8297-30e94043efe5,Side Step Fly,fly,Chest Fly,"bench_press, incline_fly, push_up",False,bodyweight,70,88,95,65
fb135b3e-1b50-46f5-91d7-adac3f38cf69,Kneeling Glute Press,press,Press,"bench_press, shoulder_press",False,bodyweight,70,88,95,65
fb18162b-7429-491f-a475-4573dd0af815,Kneeling Rotation Torso Alternate Row To Thread Th,bent_over_row,Bent Over Row,"lat_pulldown, face_pull, bicep_curl, rear_delt_fly",False,bodyweight,70,88,95,65
fb18c5d5-90c4-4f67-a4a4-1bad59222da1,Single Leg Hip Thrust Jump,hip_thrust,Hip Thrust,"glute_bridge, romanian_deadlift, leg_curl",False,bodyweight,70,88,95,65
fb24c41d-8782-4853-b9af-949138df2d2d,Seated Criss Cross Legs On A Chair,leg_exercise,Leg Exercise,"squat, leg_press",False,bodyweight,70,88,95,65
fb302ea2-ef57-4e31-b692-02df31e8f1b5,Incline Alternate Curl (Kettlebell),incline_curl,Incline Curl,"bicep_curl, preacher_curl, hammer_curl",False,kettlebell,75,85,85,78
fb3422c6-ef17-4a7c-bbfe-fc48456999a7,Assisted Parallel Close Grip Pull Up,pull_up,Pull Up,"lat_pulldown, bent_over_row, bicep_curl",True,bodyweight,70,88,95,65
fb350d7a-5235-48b6-ae68-e856ff729887,Alternating Superman,general_movement,Alternating Superman,,False,bodyweight,70,88,95,65
fb402e56-8172-4069-9d7f-240a74693531,Bottle Weighted Front Squat,front_squat,Front Squat,"leg_press, leg_extension, lunge, leg_curl",False,bodyweight,70,88,95,65
fb40a2b2-571c-4ed0-8f18-5450f7636b63,Smith Squat,squat,Squat,"leg_press, leg_extension, lunge, leg_curl",False,smith_machine,72,70,25,80
fb456d00-7910-4d6f-97fc-ac2894547923,One Arm Bent Over Row (Cable),single_arm_row,Single Arm Row,"lat_pulldown, face_pull, bicep_curl, rear_delt_fly",False,cable,85,88,30,92
fb63724c-bff1-4817-82f0-ec9fc95ebade,Spread Leg Forward Fold Upavista Konasana,leg_exercise,Leg Exercise,"squat, leg_press",False,bodyweight,70,88,95,65
fb6a1898-2481-4733-b594-765a02eb5fe0,Concentration Curl (Cable),concentration_curl,Concentration Curl,"bicep_curl, preacher_curl, hammer_curl",False,cable,85,88,30,92
fb6a1abd-8f90-4410-b161-9829c41e6110,Top Bottom Punch Squat,squat,Squat,"leg_press, leg_extension, lunge, leg_curl",False,bodyweight,70,88,95,65
fb6a9884-4a3b-4dd0-a8fe-0e56cade0006,Seated Triceps Extension (Dumbbell),tricep_extension,Tricep Extension,"tricep_pushdown, skull_crusher, dip, bicep_curl",False,dumbbell,92,90,92,90
fb6fc3dd-bd9d-470a-b8d5-77a50a3a159a,Alternating Biceps Curl (Band),bicep_curl,Bicep Curl,"hammer_curl, preacher_curl, tricep_extension",False,band,60,85,90,50
fb7268c3-4cc5-4b61-bdaf-e52aa8b36305,Push Up (bosu Ball),push_up,Push Up,"bench_press, fly, dip, tricep_extension",True,bodyweight,70,88,95,65
fb7f3e18-a67b-4aef-aa28-3b355291a677,Wall Supported Reverse Lunge,reverse_lunge,Reverse Lunge,"split_squat, step_up, squat, leg_press",False,bodyweight,70,88,95,65
fb907cf8-830b-4d5e-926e-1dc4a314e44d,Side Plank Row (Dumbbell),bent_over_row,Bent Over Row,"lat_pulldown, face_pull, bicep_curl, rear_delt_fly",False,dumbbell,92,90,92,90
fb97961d-9547-4595-b4fa-761ef5eaadb1,Sumo Deadlift With High Pull (Kettlebell),sumo_deadlift,Sumo Deadlift,"romanian_deadlift, bent_over_row, hip_thrust, squat",False,kettlebell,75,85,85,78
fb998406-85f7-48bb-8fc5-a2b4ac1e2101,Lying Knee Raise,leg_raise,Leg Raise,"crunch, plank, reverse_crunch",False,bodyweight,70,88,95,65
fba39fde-9e7e-487e-990e-fc52438b81c6,Lying 90 Degrees Leg Tap Crunch,crunch,Crunch,"leg_raise, plank, russian_twist",True,bodyweight,70,88,95,65
fba5f65e-8551-45a1-a6d9-ac5d102fb3ac,Seated Arm Crossover On A Chair,arm_exercise,Arm Exercise,"bicep_curl, tricep_extension",False,bodyweight,70,88,95,65
fba91536-8762-464d-aef3-af2a9dd166f2,Walk (high Knees),high_knees,High Knees,"mountain_climber, burpee, jumping_jack",False,bodyweight,70,88,95,65
fbb2d02c-5bec-46ba-b549-364fd9f0d267,90 To 90 Press Stretch,general_stretch,Stretch,,False,bodyweight,70,88,95,65
fbc47734-941b-46dd-ab63-3c9953cc8734,90 Degree Heel Touch,general_movement,90 Degree Heel Touch,,False,bodyweight,70,88,95,65
fbd4d432-4f14-4d32-845c-502634e84ad1,Sitting Shoulder Press Toe Touch On A Chair,shoulder_press,Shoulder Press,"lateral_raise, front_raise, tricep_extension",False,bodyweight,70,88,95,65
fbe6e660-7768-41e3-81d4-38a815ff1265,Lying Alternate Sole Kick,general_movement,Lying Alternate Sole Kick,,False,bodyweight,70,88,95,65
fbe80ec8-5ab6-4227-b83b-2b422a237e16,Half Squat Side Reach,squat,Squat,"leg_press, leg_extension, lunge, leg_curl",False,bodyweight,70,88,95,65
fbf42618-0e43-4af2-bb78-d6539b07925a,Suspender Elbow Plank,plank,Plank,"crunch, leg_raise, russian_twist",True,bodyweight,70,88,95,65
fbf7b0d3-73de-443e-b944-1db581e1fd36,Seated Single Leg Hamstring Stret (Resistance Band),leg_exercise,Leg Exercise,"squat, leg_press",False,band,60,85,90,50
fbfec768-c5ad-432a-8095-a58b5a36b586,Weighted Backpack Running,running,Running,,False,bodyweight,70,88,95,65
fc052163-4eca-4dbf-b802-b5dc050f6702,Weighted Plates Bulgarian Split Squat,split_squat,Split Squat,"leg_press, leg_extension, lunge, leg_curl",False,bodyweight,70,88,95,65
fc13d052-ffd3-41c1-9c94-3635f6c45fb9,Lever Standing Calf Raise,calf_raise,Calf Raise,leg_press,False,machine,80,75,20,88
fc163bba-be51-49bd-ad77-4211780aa277,Reverse Crunch,reverse_crunch,Reverse Crunch,"leg_raise, plank, russian_twist",False,bodyweight,70,88,95,65
fc1722f9-9bd7-41e0-80f3-9685768c4b46,Standing Deep Breathe And Prayer Pull,general_movement,Standing Deep Breathe And Prayer Pull,,False,bodyweight,70,88,95,65
fc307f50-8c9a-4d71-b0f3-249f339e6de6,Back Shuffle Side Kickout,back_exercise,Back Exercise,"bent_over_row, lat_pulldown",False,bodyweight,70,88,95,65
fc3d8a6d-d2fc-4368-b710-6cda15002985,Alternative Fly (Dumbbell),fly,Chest Fly,"bench_press, incline_fly, push_up",True,dumbbell,92,90,92,90
fc51b289-ca74-4ae2-aa42-bcbaff84cc01,Ring Support Hold,general_movement,Ring Support Hold,,False,bodyweight,70,88,95,65
fc5648f5-1efb-41db-b49d-14b2787ee2c9,Banded Bench Squat (Barbell),squat,Squat,"leg_press, leg_extension, lunge, leg_curl",True,barbell,95,80,65,95
fc57cdcd-d727-479b-8c17-2db8a268cfcd,Side Lying Clam,general_movement,Side Lying Clam,,False,bodyweight,70,88,95,65
fc58b3df-ef20-41d8-8737-9585b552bbd7,Hanging Straight Leg Raise,hanging_leg_raise,Hanging Leg Raise,"crunch, plank, reverse_crunch",False,bodyweight,70,88,95,65
fc5e9f02-1a34-489a-a1fd-b12350585f81,Plank Pike Slide With Towel,plank,Plank,"crunch, leg_raise, russian_twist",True,bodyweight,70,88,95,65
fc5f30d7-7b6e-49c2-a215-bf3dada67881,Sitting Elbow Clap On A Chair,general_movement,Sitting Elbow Clap On A Chair,,False,bodyweight,70,88,95,65
fc6f5540-d235-4a5a-b2fb-c749b5e0fc77,Glute Bridge And Open Up,glute_bridge,Glute Bridge,"hip_thrust, romanian_deadlift, leg_curl",False,bodyweight,70,88,95,65
fc9a7bfc-2dc6-4888-84cb-9faeefa9df9b,Rear Lunge Biceps Curl (Dumbbell),bicep_curl,Bicep Curl,"hammer_curl, preacher_curl, tricep_extension",True,dumbbell,92,90,92,90
fca606ab-a7d5-47a7-979d-0b184df3cf13,Seated Row (Band),cable_row,Cable Row,"lat_pulldown, face_pull, bicep_curl, rear_delt_fly",False,band,60,85,90,50
fcb224fb-d95f-4929-864f-4c113a6e5586,Seated Abduction On A Chair,hip_abduction,Hip Abduction,"hip_adduction, glute_kickback, hip_thrust",False,bodyweight,70,88,95,65
fcb815b9-d864-4311-b014-1ff168376e72,Seated Back Press,press,Press,"bench_press, shoulder_press",False,bodyweight,70,88,95,65
fcc19bd0-8523-45f7-9694-b1b01aaabc7d,One Arm Lat Pulldown (Cable),lat_pulldown,Lat Pulldown,"pull_up, bent_over_row, bicep_curl, face_pull",True,cable,85,88,30,92
fcc2378a-a3e3-4c53-bfc4-1d71cf57de38,Lever Gripless Shrug,shrug,Shrug,"upright_row, deadlift, bent_over_row",False,machine,80,75,20,88
fcc2f9c9-d604-4dfc-acf4-346638aa8e55,Standing Prone Lateral Raise (Kettlebell),lateral_raise,Lateral Raise,"shoulder_press, front_raise, rear_delt_fly",False,kettlebell,75,85,85,78
fcc31472-4c69-4e58-9d98-bbec9f4a5243,Bridge Yoga Pose Setu Bandha Sarvangasana,general_stretch,Stretch,,False,bodyweight,70,88,95,65
fccd8468-40ea-45b7-84f0-8505836f52f8,Clap Curtsey Squat,squat,Squat,"leg_press, leg_extension, lunge, leg_curl",False,bodyweight,70,88,95,65
fcd3dc68-1574-4c79-8034-dff9887da26b,Knee Raise Step Jack,leg_raise,Leg Raise,"crunch, plank, reverse_crunch",False,bodyweight,70,88,95,65
fcd4067c-bb5f-4eba-a775-fb0bf2ab4e62,Trap Bar Deadlift,trap_bar_deadlift,Trap Bar Deadlift,"romanian_deadlift, bent_over_row, hip_thrust, squat",False,bodyweight,70,88,95,65
fcdc7dc9-eb90-42ef-ad12-c8bb0638f935,Floor Hyperextension,back_extension,Back Extension,"romanian_deadlift, good_morning, glute_bridge",False,bodyweight,70,88,95,65
fce9e011-d8ae-4436-8c6b-9a30fb95ea2c,Standing Calf Raise With Support,calf_raise,Calf Raise,leg_press,False,bodyweight,70,88,95,65
fcf1cb12-123c-45c9-97a7-29157af161a9,Box Single Leg Assisted Pull Up,pull_up,Pull Up,"lat_pulldown, bent_over_row, bicep_curl",True,bodyweight,70,88,95,65
fcf64cc4-4c2b-4c26-89d2-6e948a221979,Arms Circle Knee Raise,leg_raise,Leg Raise,"crunch, plank, reverse_crunch",False,bodyweight,70,88,95,65
fcfa4dc9-7221-4cb0-8e14-ad157be90243,Sitting Stepout Knee Tuck On A Padded Stool,general_movement,Sitting Stepout Knee Tuck On A Padded Stool,,False,bodyweight,70,88,95,65
fd2db548-4f6e-452d-be65-f61598009a47,Roll Pigeon Stretch,general_stretch,Stretch,,False,bodyweight,70,88,95,65
fd306381-4e53-48f2-8eed-e0e176792f3c,Lever Chest Press,chest_press,Chest Press,"bench_press, fly, tricep_pushdown",True,machine,80,75,20,88
fd3354ef-3dd6-44e3-86d3-b163a3431103,Standing Reach Down Hamsting Crossed Legs Stretch,general_stretch,Stretch,,False,bodyweight,70,88,95,65
fd3ae060-95bc-40db-bcc4-604525072a2f,Standing Slight Bent Top Clap Back Clap,back_exercise,Back Exercise,"bent_over_row, lat_pulldown",False,bodyweight,70,88,95,65
fd407043-eddf-4e6f-9b57-f1fcd974f66c,Walking Lunge (Barbell),walking_lunge,Walking Lunge,"split_squat, step_up, squat, leg_press",False,barbell,95,80,65,95
fd427a23-ba65-4439-b723-ccc705a76357,Neck Side Stretch,general_stretch,Stretch,,False,bodyweight,70,88,95,65
fd52f0c1-e214-4521-b330-9164131fbe64,Bottle Weighted Alternate Biceps Curl,bicep_curl,Bicep Curl,"hammer_curl, preacher_curl, tricep_extension",False,bodyweight,70,88,95,65
fd568d67-9ce6-4aa5-b38c-1e1d08c97590,Seated Fist Pulse,general_movement,Seated Fist Pulse,,False,bodyweight,70,88,95,65
fd6a9749-a3a9-4927-8ea0-c6ea21042ae9,Superman Push Up,push_up,Push Up,"bench_press, fly, dip, tricep_extension",True,bodyweight,70,88,95,65
fd708512-ef3a-41bd-8816-663a89da45eb,Single Leg Romanian Deadlift (Dumbbell),romanian_deadlift,Romanian Deadlift,"romanian_deadlift, bent_over_row, hip_thrust, squat",False,dumbbell,92,90,92,90
fd730105-2d4b-44b3-a856-8d4ec6a63852,Floor Chest Press (Barbell),chest_press,Chest Press,"bench_press, fly, tricep_pushdown",False,barbell,95,80,65,95
fd93f6c0-14e0-479b-8eea-4c9b3a7d2cb5,Decline Fly (Cable),fly,Chest Fly,"bench_press, incline_fly, push_up",False,cable,85,88,30,92
fd968fbb-9faf-4224-ae23-8b1c6d17634f,Standing Single Shoulder Stretch Wall Supported,shoulder_stretch,Shoulder Stretch,,False,bodyweight,70,88,95,65
fd9e376d-f894-4bf3-93e2-c4304608324b,Arms Circle Marching On Spot,arm_exercise,Arm Exercise,"bicep_curl, tricep_extension",False,bodyweight,70,88,95,65
fdab7815-513f-4f7e-8a3d-e7f500f0e165,Raise Single Leg Push Up,push_up,Push Up,"bench_press, fly, dip, tricep_extension",True,bodyweight,70,88,95,65
fdacb1ad-d495-4153-86df-397b2e7d2bd4,Sitting Air Bike On A Chair,cycling,Cycling,,False,bodyweight,70,88,95,65
fdbb07c0-e720-488f-aa4e-eda55bb12784,Bottle Weighted Deadlift,deadlift,Deadlift,"romanian_deadlift, bent_over_row, hip_thrust, squat",False,bodyweight,70,88,95,65
fdc094b2-a40f-4f3a-aefb-726dc694fe8a,Commando Pull Up,pull_up,Pull Up,"lat_pulldown, bent_over_row, bicep_curl",True,bodyweight,70,88,95,65
fde5b518-3154-4f03-824c-f583d173343c,Standing Raised Leg Hip Adductor Stretch,hip_stretch,Hip Stretch,,False,bodyweight,70,88,95,65
fe0b3005-8ae0-4f3c-a5a6-e8469b0acda6,Close Grip Front Lat Pulldown (Cable),lat_pulldown,Lat Pulldown,"pull_up, bent_over_row, bicep_curl, face_pull",True,cable,85,88,30,92
fe0d8e19-eb04-4252-8a2a-ca306aef0026,Standing Inner Biceps Curl (Dumbbell),bicep_curl,Bicep Curl,"hammer_curl, preacher_curl, tricep_extension",True,dumbbell,92,90,92,90
fe1cc734-6852-49ac-968d-8daf1105137a,Hip Abduction (Band),hip_abduction,Hip Abduction,"hip_adduction, glute_kickback, hip_thrust",False,band,60,85,90,50
fe29c871-0485-4eed-9234-8b882ebf4c4b,Side Swing Skater Stepback,back_exercise,Back Exercise,"bent_over_row, lat_pulldown",False,bodyweight,70,88,95,65
fe36af96-8ff9-4eba-94ad-3e1bffc8ff80,Standing Opposite Grab On A Chair,core_exercise,Core Exercise,"crunch, plank",False,bodyweight,70,88,95,65
fe38f431-5862-4299-8ece-dd029caa8011,Renegade Row (Resistance Band),bent_over_row,Bent Over Row,"lat_pulldown, face_pull, bicep_curl, rear_delt_fly",False,band,60,85,90,50
fe3d5e9a-bccd-45db-8573-37804e2175f3,Overhead Triceps Extension Straight Bar (Cable),overhead_tricep_extension,Overhead Tricep Extension,"tricep_pushdown, skull_crusher, dip, bicep_curl",False,cable,85,88,30,92
fe4c2bd8-2f6a-4fd9-a3d1-9869e81a5d40,Wide Squat (Barbell),squat,Squat,"leg_press, leg_extension, lunge, leg_curl",True,barbell,95,80,65,95
fe516f19-9284-48bf-a1ff-9f8c68c33e3e,Chaturanga Dandasana (four Limbed Staff Pose),general_stretch,Stretch,,False,bodyweight,70,88,95,65
fe53e391-1e85-4ee9-a931-6f1faab909ab,Roll Ball Seated Hamstrings Active,hamstring_exercise,Hamstring Exercise,"leg_curl, romanian_deadlift",False,bodyweight,70,88,95,65
fe55dfe6-a92a-47d1-bf29-e149e798a958,Gate Rock,general_movement,Gate Rock,,False,bodyweight,70,88,95,65
fe564187-1173-43d7-ab37-083589be8214,Alternating Hamstring Curl Pulldown,lat_pulldown,Lat Pulldown,"pull_up, bent_over_row, bicep_curl, face_pull",False,bodyweight,70,88,95,65
fe56f37c-bbab-4df0-ae0f-157ff48a9e9a,Biceps Curl (Cable),bicep_curl,Bicep Curl,"hammer_curl, preacher_curl, tricep_extension",False,cable,85,88,30,92
fe67df08-1def-46a2-99e0-acb54410fa68,Baseball Hit,general_movement,Baseball Hit,,False,bodyweight,70,88,95,65
fe7001fd-9de0-4e28-886c-7939dd1597d8,Flutter Kicks,general_movement,Flutter Kicks,,False,bodyweight,70,88,95,65
fe767ef4-5cb4-4f81-93cc-60e83fc11403,Side Lying Floor Single Leg Kickback (Cable),back_exercise,Back Exercise,"bent_over_row, lat_pulldown",False,cable,85,88,30,92
fe7d4da9-3811-4e1d-9062-0af51106a89a,Lever Alternate Biceps Curl,bicep_curl,Bicep Curl,"hammer_curl, preacher_curl, tricep_extension",False,machine,80,75,20,88
fe9086ef-4626-4cfe-b0a5-e934ecf86177,Reverse Narrow Grip Lat Pulldown (Cable),lat_pulldown,Lat Pulldown,"pull_up, bent_over_row, bicep_curl, face_pull",True,cable,85,88,30,92
fe940b33-6684-456d-8f26-ef8e14a3ff5a,V Sit Alternating Under Knee Clap,general_movement,V Sit Alternating Under Knee Clap,,False,bodyweight,70,88,95,65
feae8e57-dee4-4149-bc22-a8c3994e48e1,Shoulder Grip Pull Up,pull_up,Pull Up,"lat_pulldown, bent_over_row, bicep_curl",True,bodyweight,70,88,95,65
feb07768-5d2e-4242-9ffb-7f0dca54248a,Single Leg Hyperextension (Dumbbell),back_extension,Back Extension,"romanian_deadlift, good_morning, glute_bridge",False,dumbbell,92,90,92,90
feb0d690-b177-4539-aa88-6546e3ce3856,Smith Bent Over Row,bent_over_row,Bent Over Row,"lat_pulldown, face_pull, bicep_curl, rear_delt_fly",False,smith_machine,72,70,25,80
fec63b24-3813-41ea-96ff-d9f8cf11eb14,Hamstring Bridge March,hamstring_exercise,Hamstring Exercise,"leg_curl, romanian_deadlift",False,bodyweight,70,88,95,65
fec8c435-2e26-4a5e-aaaf-40ce712da765,Butt Kick Single Fly,fly,Chest Fly,"bench_press, incline_fly, push_up",False,bodyweight,70,88,95,65
fed5bba0-ff9f-41a2-8416-ea4a78fe932f,Reverse Wrist Curl (Barbell),reverse_curl,Reverse Curl,"bicep_curl, hammer_curl, wrist_curl",False,barbell,95,80,65,95
fed91884-e894-478a-b9c7-fb652534c778,King Pigeon Yoga Pose,general_stretch,Stretch,,False,bodyweight,70,88,95,65
fed918b5-a974-4c8a-90a1-15e70499cae8,Suspender Row,bent_over_row,Bent Over Row,"lat_pulldown, face_pull, bicep_curl, rear_delt_fly",False,bodyweight,70,88,95,65
fee04ed7-0d3b-4a32-9447-70e67157e74d,Glute Bridge Hip Abduction,glute_bridge,Glute Bridge,"hip_thrust, romanian_deadlift, leg_curl",False,bodyweight,70,88,95,65
feeba8fa-3928-4c3a-a2f3-843b67910807,Side Punch With Opposite Leg Lift,leg_exercise,Leg Exercise,"squat, leg_press",False,bodyweight,70,88,95,65
ff0341c9-b04b-4df5-b517-ecfdf8743171,Prone Y Raise,raise,Raise,"lateral_raise, front_raise",False,bodyweight,70,88,95,65
ff092520-4431-47c6-84fb-f2d1db0eac7e,Walkout To Plank Into Up Dog,plank,Plank,"crunch, leg_raise, russian_twist",True,bodyweight,70,88,95,65
ff0a3bb6-4e99-491a-8ee3-27da63133503,One Arm Front Raise (Dumbbell),front_raise,Front Raise,"shoulder_press, lateral_raise, incline_bench_press",True,dumbbell,92,90,92,90
ff0acae8-89e7-4567-a13e-33eeae74f498,Lying Arms Curl With Pillow,bicep_curl,Bicep Curl,"hammer_curl, preacher_curl, tricep_extension",False,bodyweight,70,88,95,65
ff101876-1853-42c5-9939-fa397066f747,Stiff Leg Deadlift From Stepbox (Cable),stiff_leg_deadlift,Stiff Leg Deadlift,"romanian_deadlift, bent_over_row, hip_thrust, squat",False,cable,85,88,30,92
ff11b70c-bccf-4f85-950b-21c4ad3b4e51,Circles Arm,arm_exercise,Arm Exercise,"bicep_curl, tricep_extension",False,bodyweight,70,88,95,65
ff158843-6ff5-4fd1-b087-239c07761fd6,Standing Leg Curl (Band),leg_exercise,Leg Exercise,"squat, leg_press",False,band,60,85,90,50
ff168dc8-8792-49fb-884c-d3e3677ba842,Single Leg Split Squat With The Ring (Band),split_squat,Split Squat,"leg_press, leg_extension, lunge, leg_curl",False,band,60,85,90,50
ff1eab2d-a854-46d4-a1c4-8a847ec72dd9,One Arm Incline Fly On Exercise Ball (Cable),incline_fly,Incline Fly,"fly, incline_bench_press",False,cable,85,88,30,92
ff2fafe5-602c-47ba-b3ef-124b06366f0a,Oblique Twist (Cable),core_exercise,Core Exercise,"crunch, plank",False,cable,85,88,30,92
ff34d0c8-d2f0-4507-b2f7-7e36b21d25b9,Single Arm Clean (Kettlebell),clean,Clean,"deadlift, front_squat, snatch, shrug",False,kettlebell,75,85,85,78
ff469987-cad5-42d5-8d92-0f67d001f075,Jump Squat (Barbell),squat_jump,Squat Jump,"squat, lunge_jump, box_jump",False,barbell,95,80,65,95
ff5a08c3-85c2-450e-b68c-a38459e78906,Potty Squat With Support,squat,Squat,"leg_press, leg_extension, lunge, leg_curl",False,bodyweight,70,88,95,65
ff75b193-be64-48d8-b6ea-0c463a44bc82,Lying Single Leg Circle,leg_exercise,Leg Exercise,"squat, leg_press",False,bodyweight,70,88,95,65
ff769bc9-cfbe-4275-b4f3-6e664e0535d7,Air Bike On A Chair,cycling,Cycling,,False,bodyweight,70,88,95,65
ff7915f9-f963-44d0-8a6b-887c22e1ff6a,Double Rack Squat (Kettlebell),squat,Squat,"leg_press, leg_extension, lunge, leg_curl",False,kettlebell,75,85,85,78
ff971d02-07bd-488c-a934-64a0bf13d662,Banded Hip Thrust (Dumbbell),hip_thrust,Hip Thrust,"glute_bridge, romanian_deadlift, leg_curl",False,dumbbell,92,90,92,90
ffa20994-da4e-4430-973e-e1b54c7b1826,Front Seated Row (Cable),cable_row,Cable Row,"lat_pulldown, face_pull, bicep_curl, rear_delt_fly",True,cable,85,88,30,92
ffa75c94-3ef8-4149-914f-279d9cf0dad8,Standing Diagonal Grab,core_exercise,Core Exercise,"crunch, plank",False,bodyweight,70,88,95,65
ffa8b799-b1fb-4717-9293-deae9a4d412a,Rocking Half Frog Stretch,general_stretch,Stretch,,False,bodyweight,70,88,95,65
ffa9aaa5-db09-441d-a05e-10453ded7c6f,Forward Step Air Bike,cycling,Cycling,,False,bodyweight,70,88,95,65
ffb84a33-15ba-45cb-8727-70e6003b94ba,Kneeling Single Arm Horizontal Row (Band),single_arm_row,Single Arm Row,"lat_pulldown, face_pull, bicep_curl, rear_delt_fly",False,band,60,85,90,50
ffbf8a41-7e3a-4c47-8254-0c693859d5c4,Weighted Plates Bulgarian Split Squat With The Ring,split_squat,Split Squat,"leg_press, leg_extension, lunge, leg_curl",False,bodyweight,70,88,95,65
ffc0fffd-1ead-473f-b636-a5ecf4ad4ffe,Dumbell Bulgarian Split Squat From Deficit,split_squat,Split Squat,"leg_press, leg_extension, lunge, leg_curl",False,bodyweight,70,88,95,65
ffc7abe6-eabb-474f-916f-03f792fab2c4,Reverse Curl (Cable),reverse_curl,Reverse Curl,"bicep_curl, hammer_curl, wrist_curl",False,cable,85,88,30,92
ffc9a28e-e542-44d7-b683-67dd432ae823,Ring L Sit Chin Up,chin_up,Chin Up,"lat_pulldown, bent_over_row, bicep_curl",True,bodyweight,70,88,95,65
ffd1dbbf-55d1-46f2-9639-29d8ba900340,Triceps Press,press,Press,"bench_press, shoulder_press",False,bodyweight,70,88,95,65
ffdc26f6-b972-4fa6-a2ec-cac1714d4ec0,Vibrate Plate Standing,general_movement,Vibrate Plate Standing,,False,bodyweight,70,88,95,65
ffe007d1-1178-441b-90e3-fd374f16c0d2,Inverted Row With Straps,inverted_row,Inverted Row,"lat_pulldown, face_pull, bicep_curl, rear_delt_fly",False,bodyweight,70,88,95,65
ffe2f3cb-78f5-40fa-ba49-30ad42d18e3c,One Arm Bent Over Row (Resistance Band),single_arm_row,Single Arm Row,"lat_pulldown, face_pull, bicep_curl, rear_delt_fly",False,band,60,85,90,50
ffe5112a-d544-48a3-833c-423c010cae91,Standing Butt Kick Pulldown (front Pov),lat_pulldown,Lat Pulldown,"pull_up, bent_over_row, bicep_curl, face_pull",False,bodyweight,70,88,95,65
ffe563c6-2af2-4b01-8fc6-74798ba6bec3,Spider To Cross Body Plank,plank,Plank,"crunch, leg_raise, russian_twist",True,bodyweight,70,88,95,65
ffeb6035-15ec-4a01-906f-7823c5515a11,Bent Over Rear Delt Fly (Bodyweight),rear_delt_fly,Rear Delt Fly,"face_pull, lateral_raise, bent_over_row",False,bodyweight,70,88,95,65
fff190cd-5c43-470e-874e-e417cc43f9d6,Standing Calf Raise (Dumbbell),calf_raise,Calf Raise,leg_press,False,dumbbell,92,90,92,90
fffe2d2c-faf5-4fda-b230-7c7b1e2d4ba5,Seated Front Raise (Kettlebell),front_raise,Front Raise,"shoulder_press, lateral_raise, incline_bench_press",False,kettlebell,75,85,85,78
